t,speed_kmh,acceleration_m_s2,distance_m,related_center_distance_m,x,y
0.0,20.005040050399426,0.05935024385281373,0.0,,-391.0,1.65
0.1,19.989919899199254,0.019528167310237876,0.555560000000014,,-390.44444,1.65
0.2,19.970479704797278,-0.06011598577491384,1.110650000000021,,-389.88935,1.65
0.3,19.940239402390795,-0.1397601388600478,1.665110000000027,,-389.33489,1.65
0.4,19.890558905594613,-0.2194042919451178,2.2185799999999745,,-388.78142,1.65
0.5,19.812798127980603,-0.29745052695388097,2.7704499999999825,,-388.22955,1.65
0.6,19.697236972372206,-0.38541993811656994,3.319819999999993,,-387.68018,1.65
0.7,19.53847538475198,-0.4779907938939232,3.8655899999999974,,-387.13441,1.65
0.8,19.345153451529676,-0.5495929085179618,4.406600000000026,,-386.5934,1.65
0.9,19.125911259108758,-0.5893030958289671,4.941970000000026,,-386.05803,1.65
1.0,18.902349023492114,-0.5910723442885661,5.471169999999972,,-385.52883,1.65
1.1,18.688506885070513,-0.5561838835163506,5.994219999999984,,-385.00578,1.65
1.2,18.497344973448914,-0.4941937531260656,6.511509999999987,,-384.48849,1.65
1.3,18.335343353430407,-0.41652864081043717,7.023750000000007,,-383.97625,1.65
1.4,18.202502025021,-0.3351502046487269,7.5317699999999945,,-383.46823,1.65
1.5,18.10098100980932,-0.25959350502652967,8.036389999999983,,-382.96361,1.65
1.6,18.02214022139802,-0.1950299223278833,8.538400000000024,,-382.4616,1.65
1.7,17.96381963819811,-0.1432951392452857,9.038430000000005,,-381.96157,1.65
1.8,17.92169921699588,-0.1036968411634902,9.536999999999978,,-381.463,1.65
1.9,17.890378903785876,-0.0750217292369797,10.034510000000012,,-380.96549,1.65
2.0,17.866618666182216,-0.054818730004750904,10.531240000000025,,-380.46876,1.65
2.1,17.84825848258376,-0.04087803115911015,11.027370000000019,,-379.97263,1.65
2.2,17.834218342187107,-0.03280802038874597,11.523019999999974,,-379.47698,1.65
2.3,17.820178201784078,-0.03290592346441201,12.018269999999973,,-378.98173,1.65
2.4,17.805058050577767,-0.04691305654361244,12.513120000000015,,-378.48688,1.65
2.5,17.783457834575128,-0.08370713077985314,13.007510000000025,,-377.99249,1.65
2.6,17.75105751057388,-0.15167284540281756,13.501230000000021,,-377.49877,1.65
2.7,17.692736927367953,-0.2520304923338266,13.993830000000003,,-377.00617,1.65
2.8,17.594455944554323,-0.37543032772753193,14.48448000000002,,-376.51552,1.65
2.9,17.444334443343845,-0.5027323000467376,14.971940000000018,,-376.02806,1.65
3.0,17.23589235892153,-0.609170427365413,15.454670000000021,,-375.54533,1.65
3.1,16.982089820898466,-0.6714472739101467,15.931159999999977,,-375.06884,1.65
3.2,16.711007110074327,-0.6772410381420819,16.400379999999984,,-374.59962,1.65
3.3,16.455044550450143,-0.6302090992934524,16.86212999999998,,-374.13787,1.65
3.4,16.236882368826613,-0.5474879923638944,17.317079999999976,,-373.68292,1.65
3.5,16.067320673208236,-0.45567938197006796,17.766430000000014,,-373.23357,1.65
3.6,15.936639366393589,-0.3828045273484477,18.211459999999988,,-372.78854,1.65
3.7,15.825398253980921,-0.346419548115108,18.65307999999999,,-372.34692,1.65
3.8,15.71307713077066,-0.3483111754202852,19.091650000000016,,-371.90835,1.65
3.9,15.586715867157821,-0.3769198531140532,19.526990000000012,,-371.47301,1.65
4.0,15.43983439834583,-0.41278384811798574,19.958619999999996,,-371.04138,1.65
4.1,15.274592745922495,-0.4365812888892968,20.385980000000018,,-370.61402,1.65
4.2,15.105031050310442,-0.43685751542881235,20.808699999999988,,-370.1913,1.65
4.3,14.943029430298076,-0.4113013158113361,21.22674999999998,,-369.77325,1.65
4.4,14.800468004675404,-0.36496868465132337,21.64046000000002,,-369.35954,1.65
4.5,14.681666816668788,-0.3069820907974403,22.050430000000006,,-368.94957,1.65
4.6,14.587705877056804,-0.24763184694759843,22.457339999999988,,-368.54266,1.65
4.7,14.51210512105019,-0.1952886661743456,22.861820000000023,,-368.13818,1.65
4.8,14.452704527046883,-0.15340363193781315,23.26436000000001,,-367.73564,1.65
4.9,14.403024030244563,-0.122756472319832,23.66534999999999,,-367.33465,1.65
5.0,14.364143641434472,-0.1015150011626389,24.065060000000017,,-366.93494,1.65
5.1,14.330663306629324,-0.08647638923842393,24.463720000000023,,-366.53628,1.65
5.2,14.301503015032882,-0.07592033962409062,24.861499999999978,,-366.1385,1.65
5.3,14.276662766625583,-0.06831187193091637,25.25851,,-365.74149,1.65
5.4,14.251822518230561,-0.06193068923697709,25.65483999999998,,-365.34516,1.65
5.5,14.231302313025065,-0.055150901158885546,26.05052999999998,,-364.94947,1.65
5.6,14.211862118616573,-0.04692704269769621,26.445640000000026,,-364.55436,1.65
5.7,14.195661956619398,-0.03675211577301596,26.840250000000026,,-364.15975,1.65
5.8,14.183781837817508,-0.023692544616991995,27.234460000000013,,-363.76554,1.65
5.9,14.178381783818324,-0.008538546922160606,27.628379999999993,,-363.37162,1.65
6.0,14.177301773020941,0.008188893079779547,28.02217999999999,,-362.97782,1.65
6.1,14.182701827019748,0.02505619461820885,28.416020000000003,,-362.58398,1.65
6.2,14.194581945822016,0.039640256541666474,28.810069999999996,,-362.18993,1.65
6.3,14.21186211862309,0.05031518846450567,29.204499999999996,,-361.7955,1.65
6.4,14.232382323822447,0.05523481807987807,29.59944999999999,,-361.40055,1.65
6.5,14.255062550622705,0.05369284462032553,29.995000000000005,,-361.005,1.65
6.6,14.27450274503044,0.04682564308204107,30.39116999999999,,-360.60883,1.65
6.7,14.291782917825754,0.03705981115775714,30.787860000000023,,-360.21214,1.65
6.8,14.302583025830263,0.027902376927425365,31.18495999999999,,-359.81504,1.65
6.9,14.309063090632968,0.023430304235038335,31.58231999999998,,-359.41768,1.65
7.0,14.315543155435673,0.0273149584651442,31.979859999999974,,-359.02014,1.65
7.1,14.325263252630139,0.04172769000487975,32.37758000000002,,-358.62242,1.65
7.2,14.340383403836833,0.0660775838534633,32.77560999999997,,-358.22439,1.65
7.3,14.367383673838894,0.09688558423899352,33.17417999999998,,-357.82582,1.65
7.4,14.406264062642844,0.15070780078315948,33.573620000000005,,-357.42638,1.65
7.5,14.458104581046067,0.1622603638627318,33.974260000000015,,-357.02574,1.65
7.6,14.518585185852508,0.10866542231801901,34.376419999999996,,-356.62358,1.65
7.7,14.579065790659723,0.055850208851360605,34.78026999999997,,-356.21973,1.65
7.8,14.631986319860328,0.011741376154922989,35.18574000000001,,-355.81426,1.65
7.9,14.665466654671231,-0.01656310269457606,35.59251999999998,,-355.40748,1.65
8.0,14.473224732245855,-0.02310512615666127,36.0,,-355.0,1.65
8.1,14.49590495905225,-0.005625930384418609,36.40219999999999,,-354.5978,1.65
8.2,14.53586535865358,0.03409125000484181,36.80518999999998,,-354.19481,1.65
8.3,14.58554585545668,0.09185056885498,37.20940000000002,,-353.7906,1.65
8.4,14.642786427865225,0.16015195116953862,37.61509000000001,,-353.38491,1.65
8.5,14.70002700027299,0.16978491463152778,38.02235999999999,,-352.97764,1.65
8.6,14.750787507878828,0.13975664231988105,38.43117999999998,,-352.56882,1.65
8.7,14.797227972276724,0.1332425911660664,38.841380000000015,,-352.15862,1.65
8.8,14.84042840428327,0.13173558308879052,39.252819999999986,,-351.74718,1.65
8.9,14.884708847086406,0.1368265430903577,39.66545000000002,,-351.33455,1.65
9.0,14.93330933309055,0.14706790424659033,40.07934,,-350.92066,1.65
9.1,14.990549905499094,0.15983026963319702,40.494669999999985,,-350.50533,1.65
9.2,15.053190531906822,0.17246675963387403,40.91165000000001,,-350.08835,1.65
9.3,15.121231212314541,0.18314518809538782,41.33040999999997,,-349.66959,1.65
9.4,15.187111871120555,0.19137603963415373,41.75103999999999,,-349.24896,1.65
9.5,15.254072540723136,0.19669427463356115,42.17353000000003,,-348.82647,1.65
9.6,15.324273242730952,0.19824673770955314,42.59789000000001,,-348.40211,1.65
9.7,15.394473944738765,0.194799150785677,43.02420000000001,,-347.9758,1.65
9.8,15.465754657544785,0.18473960963304137,43.45249000000001,,-347.54751,1.65
9.9,15.533795337951702,0.1657429161725652,43.88274000000001,,-347.11726,1.65
10.0,15.5921159211568,0.13779858078475726,44.314790000000016,,-346.68521,1.65
10.1,15.636396363959934,0.10414439808876352,44.74833000000001,,-346.25167,1.65
10.2,15.666636666366417,0.06825942385482264,45.18297000000001,,-345.81703,1.65
10.3,15.681756817573563,0.034377966159137685,45.61829999999998,,-345.3817,1.65
10.4,15.686076860769228,0.006269293463589065,46.05396000000002,,-344.94604,1.65
10.5,15.683916839167491,-0.014346297309188571,46.489660000000015,,-344.51034,1.65
10.6,15.675276752770024,-0.027311461927492786,46.92523,,-344.07477,1.65
10.7,15.664476644765516,-0.03380453385156912,47.360540000000015,,-343.63946,1.65
10.8,15.65151651516708,-0.03505279808027595,47.795529999999985,,-343.20447,1.65
10.9,15.63855638556167,-0.03167164538730205,48.23018000000002,,-342.76982,1.65
11.0,15.627756277562467,-0.024297445771875203,48.66449,,-342.33551,1.65
11.1,15.620196201962381,-0.014465179616543367,49.098509999999976,,-341.90149,1.65
11.2,15.614796147963196,-0.004230811540463009,49.53235000000001,,-341.46765,1.65
11.3,15.61587615876141,0.0035524830756976655,49.96609000000001,,-341.03391,1.65
11.4,15.61911619115969,0.10065135616351739,50.39987000000002,,-340.60013,1.65
11.5,15.622356223563283,0.06822795500537637,50.83375000000001,,-340.16625,1.65
11.6,15.622356223557144,-0.16136874655585487,51.26771000000002,,-339.73229,1.65
11.7,15.614796147957057,-0.34219922618853005,51.70161000000002,,-339.29839,1.65
11.8,15.595355953562052,-0.47131590196895345,52.1352,,-338.8648,1.65
11.9,15.562955629554667,-0.5454984619755265,52.56813,,-338.43187,1.65
12.0,14.70002700026685,-0.5630685677465479,53.0,,-338.0,1.65
12.1,14.662226622266422,-0.5232429946663011,53.40796999999998,,-337.59203,1.65
12.2,14.621186211861568,-0.42646929965900426,53.81486000000001,,-337.18514,1.65
12.3,14.575825758261828,-0.2747719784901257,54.220579999999984,,-336.77942,1.65
12.4,14.52722527225075,-0.07098672385387417,54.625020000000006,,-336.37498,1.65
12.5,14.473224732245855,-0.058941148853421055,55.02805000000001,,-335.97195,1.65
12.6,14.414904149039929,-0.16673593309426948,55.429550000000006,,-335.57045,1.65
12.7,14.352263522632198,-0.1766451230934898,55.829380000000015,,-335.17062,1.65
12.8,14.286382863826951,-0.1857605988618083,56.22744,,-334.77256,1.65
12.9,14.217262172622654,-0.19455788963251308,56.62364000000002,,-334.37636,1.65
13.0,14.1459814598167,-0.20385518540353686,57.017920000000004,,-333.98208,1.65
13.1,14.072540725410601,-0.21444270386662012,57.410199999999975,,-333.5898,1.65
13.2,13.994779947802702,-0.22589386733070427,57.80038999999999,,-333.19961,1.65
13.3,13.91161911619022,-0.2372401346402846,58.188379999999995,,-332.81162,1.65
13.4,13.824138241381327,-0.2465723957952548,58.57400999999999,,-332.42599,1.65
13.5,13.73233732337604,-0.252404621949303,58.95715999999999,,-332.04284,1.65
13.6,13.639456394561828,-0.25348155579502674,59.33774,,-331.66226,1.65
13.7,13.547655476557276,-0.24945004694779627,59.71575999999999,,-331.28424,1.65
13.8,13.459094590945586,-0.24093947233115287,60.09127000000001,,-330.90873,1.65
13.9,13.375933759338498,-0.22802675579155363,60.46436,,-330.53564,1.65
14.0,13.296012960128984,-0.21178183809768925,60.835170000000005,,-330.16483,1.65
14.1,13.222572225722883,-0.19336557001890498,61.20382000000001,,-329.79618,1.65
14.2,13.15453154531597,-0.1738758646326204,61.57047,,-329.42953,1.65
14.3,13.095130951313365,-0.15522882501551294,61.93531999999999,,-329.06468,1.65
14.4,13.043290432904003,-0.13933705770668325,62.298569999999984,,-328.70143,1.65
14.5,12.996849968499271,-0.128256527321998,62.660450000000026,,-328.33955,1.65
14.6,12.954729547297038,-0.1227075207851307,63.021079999999984,,-327.97892,1.65
14.7,12.912609126088666,-0.12273898963071517,63.380539999999996,,-327.61946,1.65
14.8,12.868328683286217,-0.12659567155134965,63.73881,,-327.26119,1.65
14.9,12.82080820807866,-0.1308894207818554,64.09584000000001,,-326.90416,1.65
15.0,12.772207722073038,-0.13386847155103254,64.45154000000002,,-326.54846,1.65
15.1,12.7236072360681,-0.1327320965495531,64.80587000000003,,-326.19413,1.65
15.2,12.676086760872822,-0.1263928723188279,65.15884999999997,,-325.84115,1.65
15.3,12.635046350462506,-0.11430883539481584,65.51056,,-325.48944,1.65
15.4,12.600486004860356,-0.09308484693148955,65.86117999999999,,-325.13882,1.65
15.5,12.575645756458526,-0.05644811692975438,66.21094,,-324.78906,1.65
15.6,12.569165691655822,0.007559516153460066,66.56016,,-324.43984,1.65
15.7,12.584285842855992,0.11560255462801905,66.90938,,-324.09062,1.65
15.8,12.643686436866112,0.2868280431070289,67.25939,,-323.74061,1.65
15.9,12.766807668074534,0.53502283274468,67.61156,,-323.38844,1.65
16.0,12.983889838900692,0.856679895469231,67.96794999999997,,-323.03205,1.65
16.1,13.326253262536177,1.223722027431183,68.33148,,-322.66852,1.65
16.2,13.81441814418034,1.578610191697674,68.70585,,-322.29415,1.65
16.3,14.445144451441044,1.8443750871081583,69.09514000000001,,-321.90486,1.65
16.4,15.178471784715356,1.942508935578548,69.50304,,-321.49696,1.65
16.5,15.932319323198351,1.8124621805659302,69.93169999999998,,-321.0683,1.65
16.6,16.600846008465624,1.4350633016837513,70.38074999999998,,-320.61925,1.65
16.7,17.074970749706996,0.8450434154706308,70.84678000000002,,-320.15322,1.65
16.8,17.276932769326844,0.12986843155257688,71.32357999999999,,-319.67642,1.65
16.9,17.17325173251856,-0.5891317654442467,71.80315999999999,,-319.19684,1.65
17.0,16.788767887682678,-1.1910189031977083,72.27713999999997,,-318.72286,1.65
17.1,16.199081990820694,-1.5896697428502442,72.73835000000003,,-318.26165,1.65
17.2,15.512195121954964,-1.756531551328596,73.18203,,-317.81797,1.65
17.3,14.836108361087605,-1.7193528578655766,73.60654,,-317.39346,1.65
17.4,14.247502475021461,-1.5432811670791047,74.01298000000003,,-316.98702,1.65
17.5,13.772297722978106,-1.3055899789782828,74.40413000000001,,-316.59587,1.65
17.6,13.394293942943094,-1.070192520108293,74.78303,,-316.21697,1.65
17.7,13.075690756905251,-0.8732779635493699,75.15204,,-315.84796,1.65
17.8,12.794887948880117,-0.719996710455149,75.51258000000001,,-315.48742,1.65
17.9,12.544325443253985,-0.5935409004432302,75.86558000000002,,-315.13442,1.65
18.0,12.335883358832778,-0.47045925004850986,76.21199000000001,,-314.78801,1.65
18.1,12.181441814420491,-0.3338984438802548,76.55309999999997,,-314.4469,1.65
18.2,12.087480874808893,-0.18084796232631106,76.89049,,-314.10951,1.65
18.3,12.052920529206745,-0.020968741155630966,77.22582,,-313.77418,1.65
18.4,12.071280712803915,0.12754673001292005,77.56069000000002,,-313.43931,1.65
18.5,12.137161371611214,0.2435688692540765,77.89652000000001,,-313.10348,1.65
18.6,12.243002430024703,0.30855203656957286,78.23458,,-312.76542,1.65
18.7,12.37368373683935,0.3102024027241832,78.57585,,-312.42415,1.65
18.8,12.500045000452195,0.24803045233335652,78.92077,,-312.07923,1.65
18.9,12.589685896854508,0.13431253193760995,79.26893000000001,,-311.73107,1.65
19.0,12.61668616686405,-0.009391702308597871,79.61903999999998,,-311.38096,1.65
19.1,12.571325713257393,-0.1592498442476078,79.96922,,-311.03078,1.65
19.2,12.46440464404652,-0.2953281281061173,80.31752999999998,,-310.68247,1.65
19.3,12.320763207632606,-0.4061753904241918,80.66250000000002,,-310.3375,1.65
19.4,12.15876158761893,-0.4911727438958806,81.00326999999999,,-309.99673,1.65
19.5,11.983799837996306,-0.5538656785178091,81.33940000000001,,-309.6606,1.65
19.6,11.788317883179165,-0.5972507277515149,81.67050999999998,,-309.32949,1.65
19.7,11.571235712359139,-0.6200411654457127,81.99599999999998,,-309.004,1.65
19.8,11.336873368731911,-0.6155026585220753,82.31526000000002,,-308.68474,1.65
19.9,11.101431014312245,-0.5767365365946784,82.62795999999997,,-308.37204,1.65
20.0,10.892988929890885,-0.5021903365873488,82.93432000000001,,-308.06568,1.65
20.1,10.726667266676708,-0.3994900088860618,83.23525999999998,,-307.76474,1.65
20.2,10.613266132663131,-0.2829259061828413,83.53206999999998,,-307.46793,1.65
20.3,10.545225452256219,-0.16587228809421006,83.82614999999998,,-307.17385,1.65
20.4,10.516065160652133,-0.05537467962250986,84.11874,,-306.88126,1.65
20.5,10.518225182254154,0.05253898692703274,84.41082,,-306.58918,1.65
20.6,10.551705517052783,0.16860658117057348,84.70323000000002,,-306.29677,1.65
20.7,10.620826208263223,0.3024715561843063,84.99689000000001,,-306.00311,1.65
20.8,10.74178741787688,0.4540534915843377,85.29291999999998,,-305.70708,1.65
20.9,10.923229232290073,0.6096634392921221,85.59284000000002,,-305.40716,1.65
21.0,11.171631716321256,0.7471368419979463,85.89841999999999,,-305.10158,1.65
21.1,11.475114751146647,0.8423161154682592,86.21147000000002,,-304.78853,1.65
21.2,11.812078120782958,0.877438844317771,86.53330999999997,,-304.46669,1.65
21.3,12.145801458014821,0.8481028866232627,86.86455000000001,,-304.13545,1.65
21.4,12.449284492845035,0.7664097619998174,87.20483000000002,,-303.79517,1.65
21.5,12.703087030869423,0.6567757985280096,87.55311,,-303.44689,1.65
21.6,12.90612906129279,0.5471837935173589,87.90796,,-303.09204,1.65
21.7,13.067050670507788,0.45934725081630745,88.26803000000001,,-302.73197,1.65
21.8,13.203132031321616,0.39926972696466123,88.63231000000002,,-302.36769,1.65
21.9,13.332733327337465,0.35692664619000425,89.00027999999998,,-301.99972,1.65
22.0,13.461254612546488,0.3159751877223016,89.37182000000001,,-301.62818,1.65
22.1,13.58437584376105,0.26247115617708516,89.74689999999998,,-301.2531,1.65
22.2,13.686976869770117,0.19343899732380265,90.12525,,-300.87475,1.65
22.3,13.750697506975227,0.11749418193300798,90.50612000000001,,-300.49388,1.65
22.4,13.771217712173117,0.05175925885130894,90.88837000000001,,-300.11163,1.65
22.5,13.761497614973596,0.013000130001895371,91.27086000000003,,-299.72914,1.65
22.6,13.742057420571621,0.009496598464455275,91.65293000000003,,-299.34707,1.65
22.7,13.739897398976858,0.03881157693116677,92.03456999999997,,-298.96543,1.65
22.8,13.76365763658064,0.08588897078179514,92.41638999999998,,-298.58361,1.65
22.9,13.81549815498239,0.12952227424537455,92.79915999999997,,-298.20084,1.65
23.0,13.878138781391591,0.14912386885963258,93.18349999999998,,-297.8165,1.65
23.1,13.938619386198422,0.12824254116308964,93.56957999999997,,-297.43042,1.65
23.2,13.980739807400658,0.059549546541919796,93.95718,,-297.04282,1.65
23.3,13.992619926196408,-0.05237814616055658,94.34570000000002,,-296.6543,1.65
23.4,13.964539645395474,-0.14616579732421897,94.73421000000002,,-296.26579,1.65
23.5,13.883538835384638,-0.28052378426059477,95.12146000000001,,-295.87854,1.65
23.6,13.747457474576944,-0.4389379558131026,95.50594000000001,,-295.49406,1.65
23.7,13.570335703358252,-0.501351167356269,95.88621,,-295.11379,1.65
23.8,13.392133921336052,-0.4919349892782634,96.26145000000002,,-294.73855,1.65
23.9,13.263612636127027,-0.43804633850334085,96.63209,,-294.36791,1.65
24.0,12.866168661685316,-0.3685316573441604,97.0,,-294.0,1.65
24.1,12.898568985692703,-0.3085904984916503,97.35777999999999,,-293.64222,1.65
24.2,12.882368823689008,-0.2719782442554113,97.71602999999999,,-293.28397,1.65
24.3,12.817568175686516,-0.2520969265638371,98.07335999999998,,-292.92664,1.65
24.4,12.711727117271668,-0.21729937579245373,98.42849000000001,,-292.57151,1.65
24.5,12.588605886058467,-0.22442182463873195,98.78046,,-292.21954,1.65
24.6,12.477364773651933,-0.1998796211745919,99.12903999999997,,-291.87096,1.65
24.7,12.411484114839778,-0.053122908851985784,99.47489000000002,,-291.52511,1.65
24.8,12.416884168838966,0.13958531193718926,99.81954000000002,,-291.18046,1.65
24.9,12.508685086854472,0.3458426192649391,100.16512999999998,,-290.83487,1.65
25.0,12.680406804069161,0.5307360765892462,100.51402999999999,,-290.48597,1.65
25.1,12.919089190892059,0.6662164523736074,100.86837000000003,,-290.13163,1.65
25.2,13.19665196651892,0.7378675185348449,101.22976,,-289.77024,1.65
25.3,13.483934839346746,0.750185823534423,101.59901000000002,,-289.40099,1.65
25.4,13.759337593371239,0.7258918743028211,101.97617000000002,,-289.02383,1.65
25.5,14.010980109801002,0.6985314608400586,102.36076000000003,,-288.63924,1.65
25.6,14.244262442624715,0.7029580785327418,102.75211999999999,,-288.24788,1.65
25.7,14.476464764644916,0.7609621550764203,103.1499,,-287.8501,1.65
25.8,14.739987399875103,0.8714597635495167,103.55435999999997,,-287.44564,1.65
25.9,15.060750607506117,1.0111884335637669,103.96663000000001,,-287.03337,1.65
26.0,15.456034560343799,1.1417631658824483,104.38850000000002,,-286.6115,1.65
26.1,15.912879128790236,1.2238793716601393,104.82195000000002,,-286.17805,1.65
26.2,16.394563945637852,1.2312151093542418,105.26841999999999,,-285.73158,1.65
26.3,16.856808568089594,1.1580745178093288,105.72818999999998,,-285.27181,1.65
26.4,17.259652596523942,1.0196325739500018,106.20030000000003,,-284.7997,1.65
26.5,17.58473584735404,0.8456308339323009,106.68290000000002,,-284.3171,1.65
26.6,17.836378363788484,0.6692654339131714,107.17383999999998,,-283.82616,1.65
26.7,18.031860318605634,0.5151799769738084,107.67120999999997,,-283.32879,1.65
26.8,18.185221852220533,0.39404240196453344,108.17358999999999,,-282.82641,1.65
26.9,18.309423094230528,0.30319883618560795,108.67993999999999,,-282.32006,1.65
27.0,18.406624066242358,0.23015614771243875,109.18948999999998,,-281.81051,1.65
27.1,18.478984789844937,0.1595085880902758,109.70150000000001,,-281.2985,1.65
27.2,18.52434524345773,0.07891687308345396,110.21526999999998,,-280.78473,1.65
27.3,18.540545405455287,-0.01897221769628743,110.73003999999997,,-280.26996,1.65
27.4,18.523265232646096,-0.1351482046307595,111.24497000000002,,-279.75503,1.65
27.5,18.461704617043864,-0.26277185848844553,111.75902000000002,,-279.24098,1.65
27.6,18.34938349383381,-0.38835003734801177,112.27091000000001,,-278.72909,1.65
27.7,18.18522185221439,-0.4949070469720134,112.77919000000003,,-278.22081,1.65
27.8,17.980019800196263,-0.5664147550531844,113.28249,,-277.71751,1.65
27.9,17.752137521375975,-0.5907611523650047,113.77983999999998,,-277.22016,1.65
28.0,17.52965529655253,-0.5648413127469247,114.27086000000003,,-276.72914,1.65
28.1,17.330933309330966,-0.49618328350913643,114.75587000000002,,-276.24413,1.65
28.2,17.170011700122107,-0.40033267465546274,115.23568999999998,,-275.76431,1.65
28.3,17.049050490502317,-0.2961952696448833,115.71143000000001,,-275.28857,1.65
28.4,16.968049680500457,-0.20012787540358445,116.18419999999998,,-274.8158,1.65
28.5,16.916209162092905,-0.12300123001288199,116.65499,,-274.34501,1.65
28.6,16.88596885968642,-0.07086084847060192,117.12455,,-273.87545,1.65
28.7,16.86544865448706,-0.04763684000593926,117.59338000000002,,-273.40662,1.65
28.8,16.849248492489508,-0.05633273116047732,118.06171999999998,,-272.93828,1.65
28.9,16.8276482764787,-0.09896252808741224,118.52956,,-272.47044,1.65
29.0,16.78876788767654,-0.17422202194035563,118.99666000000002,,-272.00334,1.65
29.1,16.719647196472245,-0.2743558904130161,119.46242999999998,,-271.53757,1.65
29.2,16.608406084059563,-0.3835422969623252,119.92592000000002,,-271.07408,1.65
29.3,16.449644496445476,-0.48141040850852335,120.38587999999999,,-270.61412,1.65
29.4,16.247682476823893,-0.5485649262080798,120.84100999999998,,-270.15899,1.65
29.5,16.02304023039939,-0.5740931535199394,121.29027000000002,,-269.70973,1.65
29.6,15.800558005580182,-0.5585790123643122,121.73327,,-269.26673,1.65
29.7,15.603996039959512,-0.5123477808213543,122.17027999999999,,-268.82972,1.65
29.8,15.438754387542724,-0.4519275961990168,122.60212000000001,,-268.39788,1.65
29.9,15.302673026727255,-0.3933500873460076,123.02967000000001,,-267.97033,1.65
30.0,15.18063180631785,-0.34663283695741853,123.45361000000003,,-267.54639,1.65
30.1,15.065070650703376,-0.31320942579963074,123.87423000000001,,-267.12577,1.65
30.2,14.951669516695937,-0.2870728007965546,124.29165,,-266.70835,1.65
30.3,14.844748447485072,-0.26049211541031525,124.70596,,-266.29404,1.65
30.4,14.751867518675418,-0.22856871925419497,125.11741999999998,,-265.88258,1.65
30.5,14.675186751866471,-0.19130610886549704,125.52645000000001,,-265.47355,1.65
30.6,14.615786157863162,-0.15378125809252552,125.93351999999999,,-265.06648,1.65
30.7,14.569345693452984,-0.12256066616694028,126.33906000000002,,-264.66094,1.65
30.8,14.531545315452552,-0.10412691539512053,126.74338,,-264.25662,1.65
30.9,14.49698496984886,-0.1018856342406309,127.14668999999998,,-263.85331,1.65
31.0,14.462424624248257,-0.1159102500112148,127.54906,,-263.45094,1.65
31.1,14.420304203039882,-0.14155036655124675,127.95042000000001,,-263.04958,1.65
31.2,14.368463684636657,-0.1696065911700586,128.35053,,-262.64947,1.65
31.3,14.300423004229742,-0.19120470925012967,128.74903999999998,,-262.25096,1.65
31.4,14.221582215822938,-0.20019081309709108,129.14553999999998,,-261.85446,1.65
31.5,14.137341373413847,-0.19576419540413426,129.53978999999998,,-261.46021,1.65
31.6,14.063900639007747,-0.18225706732557256,129.93178999999998,,-261.06821,1.65
31.7,14.004500044998295,-0.16651215463279812,130.32186000000002,,-260.67814,1.65
31.8,13.956979569796879,-0.15529525924840115,130.7104,,-260.2896,1.65
31.9,13.911619116188735,-0.1524001254020817,131.09767,,-259.90233,1.65
32.0,13.857618576186097,-0.15822885501648543,131.48363,,-259.51637,1.65
32.1,13.792817928177463,-0.1708968138625444,131.86799000000002,,-259.13201,1.65
32.2,13.718297182967842,-0.1903795261713377,132.25044000000003,,-258.74956,1.65
32.3,13.641616416160543,-0.21943226425158358,132.63079,,-258.36921,1.65
32.4,13.562775627758171,-0.26034176425697453,133.00901,,-257.99099,1.65
32.5,13.47529475294928,-0.3136744654161774,133.38499000000002,,-257.61501,1.65
32.6,13.364053640536607,-0.37317855696007385,133.75833,,-257.24167,1.65
32.7,13.218252182521788,-0.4273679100427401,134.12827,,-256.87173,1.65
32.8,13.044370443698591,-0.4632144223553851,134.49387000000002,,-256.50613,1.65
32.9,12.856448564484328,-0.4699277762016898,134.85446000000002,,-256.14554,1.65
33.0,12.676086760867358,-0.4445953550436954,135.20987,,-255.79013,1.65
33.1,12.522725227252453,-0.3938850577309623,135.56051,,-255.43949,1.65
33.2,12.39852398524051,-0.33294738541593105,135.90715,,-255.09285,1.65
33.3,12.30024300242755,-0.2772510242574242,136.25061000000002,,-254.74938999999998,1.65
33.4,12.217082170823089,-0.23747789925451102,136.59148,,-254.40852,1.65
33.5,12.139321393212116,-0.21808609694404524,136.93011,,-254.06989,1.65
33.6,12.06156061560728,-0.215411245021496,137.26658,,-253.73342,1.65
33.7,11.980559805601093,-0.22210711617536205,137.60087,,-253.39913,1.65
33.8,11.898478984788843,-0.23194987194639438,137.93290000000002,,-253.06709999999998,1.65
33.9,11.813158131583396,-0.2404010054095913,138.26261,,-252.73739,1.65
34.0,11.725677256771434,-0.24372971002503974,138.58994,,-252.41006,1.65
34.1,11.638196381962542,-0.23835553040949264,138.91485,,-252.08515,1.65
34.2,11.553955539558071,-0.2210966165601107,139.23735,,-251.76265,1.65
34.3,11.474034740343745,-0.1898725280960729,139.55753000000004,,-251.44246999999996,1.65
34.4,11.4070740707428,-0.14616230078411974,139.87561,,-251.12439,1.65
34.5,11.359553595535242,-0.09693453577855315,140.19198,,-250.80802,1.65
34.6,11.33471334713408,-0.05124177115977879,140.50723,,-250.49277,1.65
34.7,11.331473314732728,-0.015346307308851337,140.822,,-250.178,1.65
34.8,11.34227342273175,0.009594501539465838,141.13685000000004,,-249.86314999999996,1.65
34.9,11.35739357393741,0.02992337615668106,141.45206,,-249.54794,1.65
35.0,11.368193681935779,0.05688168769875901,141.76766,,-249.23234,1.65
35.1,11.380073800737668,0.09791007001020091,142.08355,,-248.91645,1.65
35.2,11.405994059942348,0.15243858732336335,142.39985,,-248.60015,1.65
35.3,11.461074610744488,0.21036224348157972,142.71712000000002,,-248.28287999999998,1.65
35.4,11.55179551795717,0.4695921085077206,143.03626,,-247.96374,1.65
35.5,11.666276662765053,0.3979445388862608,143.35818,,-247.64182,1.65
35.6,11.777517775177726,-0.14283709270683076,143.6833,,-247.3167,1.65
35.7,11.859598595984364,-0.5537502927470204,144.0113,,-246.9887,1.65
35.8,11.889838898388316,-0.8330607781594814,144.34113000000002,,-246.65886999999998,1.65
35.9,11.860678606787884,-0.9735656797129693,144.67125,,-246.32875,1.65
36.0,9.924219242193434,-0.9690936070200191,145.0,,-246.0,1.65
36.1,10.024660246601597,-0.8215222012357852,145.27663,,-245.72337,1.65
36.2,10.11106111061311,-0.5416103112072683,145.55592,,-245.44408,1.65
36.3,10.181261812615691,-0.14893855232235254,145.83746000000002,,-245.16253999999998,1.65
36.4,10.237422374222884,0.3318075138791272,146.12082,,-244.87918,1.65
36.5,10.277382773830356,0.3308040073410723,146.40559,,-244.59441,1.65
36.6,10.303303033031968,0.04960189462042486,146.69134,,-244.30866,1.65
36.7,10.314103141033407,0.007528047309127928,146.97766,,-244.02234,1.65
36.8,10.308703087028952,-0.03442342115711661,147.26413000000002,,-243.73586999999998,1.65
36.9,10.288182881828726,-0.07616160077807166,147.55033,,-243.44967,1.65
37.0,10.253622536226576,-0.1181305519353657,147.83583,,-243.16417,1.65
37.1,10.203942039421184,-0.15992117963136288,148.12022,,-242.87978,1.65
37.2,10.13806138061517,-0.20153348386566705,148.40309,,-242.59691,1.65
37.3,10.059220592204666,-0.2435024350240269,148.68400000000003,,-242.31599999999997,1.65
37.4,9.963099630997386,-0.28573712310655175,148.96255,,-242.03745,1.65
37.5,9.852938529385165,-0.32786341849529954,149.23831,,-241.76169,1.65
37.6,9.727657276572772,-0.3697239769601719,149.51086,,-241.48914,1.65
37.7,9.586175861759756,-0.41176285888613506,149.77979,,-241.22021,1.65
37.8,9.430654306541925,-0.4535709692756136,150.04467000000002,,-240.95532999999998,1.65
37.9,9.260012600124895,-0.4952741835116736,150.30509,,-240.69491,1.65
38.0,9.07425074250874,-0.5371906865926643,150.56062,,-240.43938,1.65
38.1,8.873368733689345,-0.578911383519987,150.81085,,-240.18915,1.65
38.2,8.657366573666707,-0.6208803346773042,151.05536,,-239.94464,1.65
38.3,8.426244262439013,-0.6630066300661941,151.29372000000004,,-239.70627999999996,1.65
38.4,8.180001800017823,-0.7050070500711634,151.52553000000003,,-239.47446999999997,1.65
38.5,7.918639186391616,-0.7470074700748199,151.75035,,-239.24965,1.65
38.6,7.642156421565218,-0.7891337654625961,151.96778,,-239.03222,1.65
38.7,7.350553505535577,-0.8311027166199381,152.17739,,-238.82261,1.65
38.8,7.043830438304239,-0.872823413548744,152.37876,,-238.62124,1.65
38.9,6.721987219872682,-0.9147399166311168,152.57147,,-238.42853,1.65
39.0,6.385023850239478,-0.9565690062499979,152.7551,,-238.2449,1.65
39.1,6.032940329403008,-0.9982197724079871,152.92924,,-238.07076,1.65
39.2,5.666816668166814,-1.0400104001045642,153.09346,,-237.90654,1.65
39.3,5.284492844925775,-1.0820667647240017,153.24735,,-237.75265,1.65
39.4,4.887048870489911,-1.1288889112671132,153.39049,,-237.60951,1.65
39.5,4.475564755647089,-1.201470056658759,153.52245,,-237.47755,1.65
39.6,4.0478804788036165,-1.2612713539716118,153.64282,,-237.35718,1.65
39.7,3.6050760507599704,-1.2565335443552872,153.75118,,-237.24882,1.65
39.8,3.1471514715154476,-1.1950294328108155,153.84711,,-237.15289,1.65
39.9,2.675186751866437,-1.0865842924159481,153.93019,,-237.06981,1.65
40.0,2.228062280624092,-0.943075864324908,154.0,,-237.0,1.65
40.1,1.9980199802017313,-0.779787518154591,154.05971,,-236.94029,1.65
40.2,1.7906579065796302,-0.6148732816001581,154.11324,,-236.88676,1.65
40.3,1.6092160921618552,-0.46834734081625196,154.16126,,-236.83874,1.65
40.4,1.4526145261428713,-0.3624931354205634,154.20446,,-236.79554,1.65
40.5,1.3208532085339217,-0.3109087034927247,154.24353,,-236.75647,1.65
40.6,1.2128521285226024,-0.2648243265647956,154.27916,,-236.72084,1.65
40.7,1.129691296912444,-0.19628517963504355,154.31203,,-236.68797,1.65
40.8,1.071370713709354,-0.12785092885965743,154.34282,,-236.65718,1.65
40.9,1.0378903789048166,-0.05929080269954534,154.37222,,-236.62778,1.65
41.0,1.0281702817007603,0.00940918500001442,154.40092,,-236.59908,1.65
41.1,1.0443704437044534,0.07807071077669314,154.4296,,-236.5704,1.65
41.2,1.0854108541062375,0.14660636116793002,154.45894,,-236.54106,1.65
41.3,1.1502115021146317,0.2153378177140879,154.48964,,-236.51036,1.65
41.4,1.2398523985246725,0.26529635925859285,154.52238,,-236.47762,1.65
41.5,1.3543335433356196,0.3233633734944894,154.55784,,-236.44216,1.65
41.6,1.493654936547735,0.4246790719654068,154.59671,,-236.40329,1.65
41.7,1.6578165781671503,0.551257260823939,154.63968,,-236.36032,1.65
41.8,1.8468184681842776,0.6889299662219246,154.68742,,-236.31258,1.65
41.9,2.0595805958059588,0.8249837743129538,154.74064,,-236.25936,1.65
42.0,2.459184591843833,0.9487612358643704,154.8,,-236.2,1.65
42.1,2.851228512284707,1.0506503666436164,154.87194,,-236.12806,1.65
42.2,3.2475924759243147,1.1226231143430114,154.9548,,-236.0452,1.65
42.3,3.6471964719645267,1.1583017928082748,155.0487,,-235.9513,1.65
42.4,4.0511205112049975,1.1505464705000525,155.15374,,-235.84626,1.65
42.5,4.459364593646466,1.1404169985759172,155.27004,,-235.72996,1.65
42.6,4.870848708486247,1.1468016778069359,155.39773,,-235.60227,1.65
42.7,5.28557285572738,1.14322821549937,155.53689,,-235.46311,1.65
42.8,5.699216992169945,1.1282525412667157,155.68755,,-235.31245,1.65
42.9,6.104221042211305,1.1012208024176298,155.84963,,-235.15037,1.65
43.0,6.498424984249982,1.0649512089532625,156.02287,,-234.97713,1.65
43.1,6.875348753487613,1.0241466051027324,156.2069,,-234.7931,1.65
43.2,7.234992349924171,0.9867406366369558,156.40124,,-234.59876,1.65
43.3,7.579515795155894,0.9598872212497653,156.60543000000004,,-234.39456999999996,1.65
43.4,7.9153991539933575,0.9456912750943562,156.81910000000002,,-234.18089999999998,1.65
43.5,8.24912249122521,0.9421422885559636,157.04205,,-233.95795,1.65
43.6,8.585005850057987,0.9420793508638639,157.2743,,-233.7257,1.65
43.7,8.92844928449392,0.935376486632693,157.51594,,-233.48406,1.65
43.8,9.26865268652655,0.9135790658602438,157.76710000000003,,-233.23289999999997,1.65
43.9,9.600216002159499,0.8722919397014,158.02767000000003,,-232.97232999999997,1.65
44.0,9.909099090993262,0.8115500735426764,158.29725,,-232.70275,1.65
44.1,10.188821888217943,0.7359933739192766,158.57514,,-232.42486,1.65
44.2,10.435064350643996,0.6535205212189226,158.8605,,-232.1395,1.65
44.3,10.65214652146176,0.5709812342870766,159.15242000000003,,-231.84757999999997,1.65
44.4,10.841148411484605,0.4939804642786072,159.45011000000002,,-231.54988999999998,1.65
44.5,11.006390063901389,0.4266825885040806,159.75283,,-231.24717,1.65
44.6,11.151111511112688,0.3701610442682455,160.05994,,-230.94006,1.65
44.7,11.2753127531277,0.3246850650336093,160.37087,,-230.62913,1.65
44.8,11.384393843933983,0.29130710887571887,160.68511000000004,,-230.31488999999996,1.65
44.9,11.484834848350712,0.2720062165657975,161.00229000000002,,-229.99770999999998,1.65
45.0,11.583115831157965,0.27147823925906955,161.32221,,-229.67779,1.65
45.1,11.68463684636965,0.2989610315693305,161.64487,,-229.35513,1.65
45.2,11.799117991180603,0.3641365084995556,161.97046,,-229.02954,1.65
45.3,11.936279362792353,0.4723613669703184,162.29940000000002,,-228.70059999999998,1.65
45.4,12.112321123213137,0.6192264719841951,162.63248000000002,,-228.36751999999998,1.65
45.5,12.347763477634668,0.7866302439246589,162.97098,,-228.02902,1.65
45.6,12.656646566468453,0.9447262304781319,163.31668,,-227.68332,1.65
45.7,13.035730357303917,1.060132978951657,163.67162,,-227.32838,1.65
45.8,13.460174601743198,1.1073782066479865,164.03760000000003,,-226.96239999999997,1.65
45.9,13.88785887858954,1.0765457304906825,164.41550000000004,,-226.58449999999996,1.65
46.0,14.276662766625963,0.9751076531738896,164.805,,-226.195,1.65
46.1,14.597425974258567,0.823892854313641,165.2047,,-225.7953,1.65
46.2,14.84366843668462,0.6489015939122105,165.61261,,-225.38739,1.65
46.3,15.028350283500199,0.4728928408165345,166.02676000000002,,-224.97323999999998,1.65
46.4,15.163351633516783,0.3093177784927832,166.44555000000003,,-224.55444999999997,1.65
46.5,15.25299252992657,0.16223239155569402,166.86766,,-224.13234,1.65
46.6,15.295112951128806,0.030210092311527603,167.29184,,-223.70816,1.65
46.7,15.286472864728267,-0.09045195346877222,167.71673,,-223.28327,1.65
46.8,15.229232292322608,-0.20046703963514645,168.14091000000002,,-222.85908999999998,1.65
46.9,15.132031320315969,-0.2966987711844453,168.56310000000002,,-222.43689999999998,1.65
47.0,15.008910089101418,-0.3732170188838282,168.98234,,-222.01766,1.65
47.1,14.869588695889304,-0.4202524542731396,169.39799,,-221.60201,1.65
47.2,14.717307173071777,-0.4259098535040131,169.80964,,-221.19036,1.65
47.3,14.560705607052403,-0.3826087211925291,170.21700000000004,,-220.78299999999996,1.65
47.4,14.412744127442854,-0.16825343078680888,170.62005000000002,,-220.37994999999998,1.65
47.5,14.299342993429292,-0.1257599988592446,171.01926,,-219.98074,1.65
47.6,14.242102421026884,-0.35319234311284475,171.41581,,-219.58419,1.65
47.7,14.244262442624715,-0.48911677927943487,171.81134,,-219.18866,1.65
47.8,14.273422734224638,-0.5411312854394552,172.20727000000002,,-218.79272999999998,1.65
47.9,14.27666276662596,-0.5140366088993353,172.60391000000004,,-218.39608999999996,1.65
48.0,13.109171091710017,-0.40761246773375603,173.0,,-218.0,1.65
48.1,13.23229232292151,-0.21818050348295515,173.36519,,-217.63481,1.65
48.2,13.397533975341375,0.05512292885380177,173.7342,,-217.2658,1.65
48.3,13.603816038157072,0.39949700196493154,174.10819000000004,,-216.89180999999996,1.65
48.4,13.845738457384224,0.7812525677707036,174.48826000000003,,-216.51173999999997,1.65
48.5,14.1049410494126,0.826057211621297,174.87524,,-216.12476,1.65
48.6,14.35982359823612,0.6528526823727319,175.26944,,-215.73056,1.65
48.7,14.590945909462,0.59334859082891,175.67054,,-215.32946,1.65
48.8,14.786427864276005,0.5154771827433251,176.07773000000003,,-214.92226999999997,1.65
48.9,14.946269462693698,0.43430853888770926,176.49001000000004,,-214.50998999999996,1.65
49.0,15.076950769508333,0.3594196781121113,176.90644,,-214.09356,1.65
49.1,15.187111871117486,0.2910938200287809,177.3263,,-213.6737,1.65
49.2,15.281072810729082,0.22196026156220938,177.74906,,-213.25094,1.65
49.3,15.354513545131914,0.14052588078488526,178.17425000000003,,-212.82574999999997,1.65
49.4,15.39987399874184,0.03796541461928982,178.60124000000002,,-212.39875999999998,1.65
49.5,15.402034020339672,-0.08587848116142283,179.02912,,-211.97088,1.65
49.6,15.353433534337801,-0.2213029123282091,179.45662,,-211.54338,1.65
49.7,15.247592475927386,-0.3521328919567708,179.88223,,-211.11777,1.65
49.8,15.090990909907896,-0.46101509966185716,180.30441000000002,,-210.69558999999998,1.65
49.9,14.896588965891349,-0.5339354092861832,180.72186000000002,,-210.27813999999998,1.65
50.0,14.687066870671433,-0.5641420050584394,181.13374,,-209.86626,1.65
50.1,14.478624786248877,-0.5519250996720579,181.53977,,-209.46023,1.65
50.2,14.286382863826951,-0.5036029381270488,181.94013,,-209.05987,1.65
50.3,14.11790117900885,-0.43050430504300863,182.33534000000003,,-208.66465999999997,1.65
50.4,13.978579785796677,-0.34537408311225803,182.72613000000004,,-208.27386999999996,1.65
50.5,13.869498694987985,-0.2604116950262636,183.11334,,-207.88666,1.65
50.6,13.792817928180533,-0.1864249411720671,183.49783,,-207.50217,1.65
50.7,13.74313743137514,-0.13024605770435116,183.88046,,-207.11954,1.65
50.8,13.713977139769252,-0.09353590039413362,184.26192000000003,,-206.73807999999997,1.65
50.9,13.69561695616758,-0.07129791577782285,184.64267000000004,,-206.35732999999996,1.65
51.0,13.679416794166958,-0.04905993115949414,185.02293,,-205.97707,1.65
51.1,13.665376653767236,-0.005111939231245088,185.40277,,-205.59723,1.65
51.2,13.666456664567688,0.08570015770197514,185.78232,,-205.21768,1.65
51.3,13.69993699936647,0.2421282954096391,186.16215000000003,,-204.83784999999997,1.65
51.4,13.798217982179727,0.4666025681233137,186.54345000000004,,-204.45654999999996,1.65
51.5,13.991539915399027,0.7405039085349152,186.9283,,-204.0717,1.65
51.6,14.300423004229742,1.0247515062561767,187.31957,,-203.68043,1.65
51.7,14.730267302674118,1.2706490701284316,187.72056,,-203.27944,1.65
51.8,15.251912519122907,1.4328360066824821,188.13441000000003,,-202.86558999999997,1.65
51.9,15.8199981999822,1.4806511701480147,188.56331000000003,,-202.43668999999997,1.65
52.0,16.37728377283676,1.4076329574484312,189.00799,,-201.99201,1.65
52.1,16.870848708489316,1.232194140122843,189.46765,,-201.53235,1.65
52.2,17.271532715327655,0.9927791585612553,189.94022,,-201.05978,1.65
52.3,17.569615696156276,0.7350563016123353,190.42296000000002,,-200.57703999999998,1.65
52.4,17.77049770497634,0.4996623392802313,190.91305000000003,,-200.08694999999997,1.65
52.5,17.895778957788725,0.31345418349240006,191.40797,,-199.59203,1.65
52.6,17.968139681397446,0.18347386271062405,191.90582,,-199.09418,1.65
52.7,18.0091800918023,0.10163038693435311,192.40534,,-198.59466,1.65
52.8,18.034020340202684,0.05076624192883372,192.90585000000002,,-198.09414999999998,1.65
52.9,18.051300513004534,0.009643453076794373,193.40697000000003,,-197.59302999999997,1.65
53.0,18.056700567006786,-0.039479415774007265,193.90846,,-197.09154,1.65
53.1,18.042660426603998,-0.10612693539569307,194.40995,,-196.59005,1.65
53.2,17.99945999460131,-0.18986203848041683,194.9108,,-196.0892,1.65
53.3,17.91845918458823,-0.28134197425869445,195.41011000000003,,-195.58988999999997,1.65
53.4,17.798577985778834,-0.36464700311368503,195.90681000000004,,-195.09318999999996,1.65
53.5,17.64629646296746,-0.4242210254268173,196.39985,,-194.60015,1.65
53.6,17.47565475654534,-0.44914435158331756,196.88847,,-194.11153,1.65
53.7,17.305013050132423,-0.4346861650425353,197.37231,,-193.62769,1.65
53.8,17.149491494912954,-0.38562273734559227,197.85153000000003,,-193.14846999999997,1.65
53.9,17.023130231303767,-0.3125695592628759,198.32666000000003,,-192.67333999999997,1.65
54.0,16.927009270091272,-0.2294078884848645,198.79855,,-192.20145,1.65
54.1,16.86544865448706,-0.1499945069383628,199.2681,,-191.7319,1.65
54.2,16.829808298084465,-0.08380503385407323,199.73619,,-191.26381,1.65
54.3,16.813608136080255,-0.035500355002810124,200.20351000000002,,-190.79648999999998,1.65
54.4,16.81144811447987,-0.004611934231157022,200.67052000000004,,-190.32947999999996,1.65
54.5,16.81468814688122,0.012258863847144141,201.13753,,-189.86247,1.65
54.6,16.821168211683926,0.021052658078311026,201.60465,,-189.39535,1.65
54.7,16.829808298084465,0.029661135772315106,202.07197,,-188.92803,1.65
54.8,16.84168841688276,0.04574521269683984,202.53956000000002,,-188.46043999999998,1.65
54.9,16.860048600484813,0.07718259000648331,203.00753000000003,,-187.99246999999997,1.65
55.0,16.890288902888223,0.12816561731940723,203.47611,,-187.52389,1.65
55.1,16.939969399693613,0.19734113425108646,203.94569,,-187.05431,1.65
55.2,17.018810188101966,0.2786321569533321,204.41691,,-186.58309,1.65
55.3,17.1322113221119,0.3608637484993018,204.89063000000002,,-186.10936999999998,1.65
55.4,17.28017280172821,0.4301476581201804,205.36781000000002,,-185.63218999999998,1.65
55.5,17.452974529748147,0.47345578350941153,205.84935,,-185.15065,1.65
55.6,17.63657636576647,0.481543276971955,206.33583,,-184.66417,1.65
55.7,17.814778147782537,0.4513226950455689,206.82741,,-184.17259,1.65
55.8,17.971379713794974,0.38726261388355,207.32376000000002,,-183.67623999999998,1.65
55.9,18.096660966611196,0.29926523041197584,207.82419000000002,,-183.17580999999998,1.65
56.0,18.185221852220533,0.19957542232622671,208.32777,,-182.67223,1.65
56.1,18.235982359823307,0.10105345808682742,208.83344,,-182.16656,1.65
56.2,18.25110251102348,0.014353290386562634,209.34019,,-181.65981,1.65
56.3,18.238142381420317,-0.05581874000590403,209.84708000000003,,-181.15291999999997,1.65
56.4,18.20142201422115,-0.10919689616615003,210.35338000000002,,-180.64661999999998,1.65
56.5,18.150661506615315,-0.15029870578447557,210.85854,,-180.14146,1.65
56.6,18.091260912608934,-0.1870263457868191,211.36219,,-179.63781,1.65
56.7,18.023220232202018,-0.2260617011751016,211.8641,,-179.1359,1.65
56.8,17.941139411391553,-0.26976843195027556,212.36401000000004,,-178.63598999999996,1.65
56.9,17.843938439382423,-0.31528636964773327,212.86151000000004,,-178.13848999999996,1.65
57.0,17.721897218974462,-0.3551084461891385,213.35607,,-177.64393,1.65
57.1,17.582575825759275,-0.37882546657598226,213.84708,,-177.15292,1.65
57.2,17.433534335343104,-0.3795492500370514,214.3341,,-176.6659,1.65
57.3,17.29097290972594,-0.35569586465087255,214.81701000000004,,-176.18298999999996,1.65
57.4,17.165691656917236,-0.31122339195551163,215.29611000000003,,-175.70388999999997,1.65
57.5,17.06633066330646,-0.25577878156478917,215.77196,,-175.22804,1.65
57.6,16.990729907299457,-0.20070830078859458,216.24527,,-174.75473,1.65
57.7,16.932409324093527,-0.1557463127064338,216.71666,,-174.28334,1.65
57.8,16.88704887048634,-0.12595580501253067,217.18656000000001,,-173.81343999999999,1.65
57.9,16.844928449284634,-0.11191720308901054,217.65525000000002,,-173.34474999999998,1.65
58.0,16.806048060480684,-0.11074935924201057,218.1228,,-172.8772,1.65
58.1,16.763927639278446,-0.11922147193431343,218.58923,,-172.41077,1.65
58.2,16.71748717487134,-0.13643493078094338,219.05446,,-171.94554,1.65
58.3,16.66564665646456,-0.16098412732302236,219.51835000000003,,-171.48164999999997,1.65
58.4,16.604086040860828,-0.19171170732816378,219.98073000000002,,-171.01926999999998,1.65
58.5,16.532805328055638,-0.2255651927158162,220.44131,,-170.55869,1.65
58.6,16.445324453246744,-0.2578137669484306,220.89976,,-170.10024,1.65
58.7,16.34488344883551,-0.2845867619501412,221.35567,,-169.64433,1.65
58.8,16.233642336419372,-0.3024750527225848,221.80868000000004,,-169.19131999999996,1.65
58.9,16.118081180811423,-0.3112723434938047,222.25854000000004,,-168.74145999999996,1.65
59.0,16.003600036003547,-0.3127373931083106,222.70519,,-168.29481,1.65
59.1,15.89343893439133,-0.31151360464548716,223.14869,,-167.85131,1.65
59.2,15.78543785438001,-0.31271291733717277,223.58916,,-167.41084,1.65
59.3,15.677436774365344,-0.3182409446475418,224.02665000000002,,-166.97334999999998,1.65
59.4,15.564035640358178,-0.4343784696606825,224.46110000000002,,-166.53889999999998,1.65
59.5,15.446314463145878,-0.4702214854320168,224.89235,,-166.10765,1.65
59.6,15.322113221133938,-0.2631215123333632,225.32026,,-165.67974,1.65
59.7,15.201152011520279,0.030769538465566626,225.74474,,-165.25526,1.65
59.8,15.088830888307001,0.3664442238820378,226.16592000000003,,-164.83407999999997,1.65
59.9,14.99594995950214,0.6989825142989439,226.58414000000002,,-164.41585999999998,1.65
60.0,15.850238502385572,0.9852755870207233,227.0,,-164.0,1.65
60.1,16.29520295203012,1.1842111428102058,227.44448,,-163.55552,1.65
60.2,16.70560705606945,1.2597503597423518,227.90101,,-163.09899,1.65
60.3,17.079290792905184,1.1814733531954928,228.36858000000004,,-162.63141999999996,1.65
60.4,17.416254162542053,0.9244148385534743,228.84619000000004,,-162.15380999999996,1.65
60.5,17.716497164972207,0.7413850362284435,229.33282,,-161.66718,1.65
60.6,17.980019800199333,0.6833180219917132,229.82747,,-161.17253,1.65
60.7,18.208982089824314,0.582306522366796,230.32911,,-160.67089,1.65
60.8,18.40014400143574,0.4814733462015788,230.83675000000002,,-160.16324999999998,1.65
60.9,18.55566555665547,0.38054926003583844,231.34937000000002,,-159.65062999999998,1.65
61.0,18.67338673386777,0.279607691179951,231.86597,,-159.13403,1.65
61.1,18.756547565474857,0.17815213117071238,232.38552,,-158.61448,1.65
61.2,18.802988029881966,0.0772665069328724,232.90703,,-158.09297,1.65
61.3,18.811628116275422,-0.023636600000912722,233.42948000000004,,-157.57051999999996,1.65
61.4,18.785707857077817,-0.12482642308983927,233.95186000000004,,-157.04813999999996,1.65
61.5,18.721987219872705,-0.22582044002213664,234.47316,,-156.52684,1.65
61.6,18.622626226264995,-0.3269892838779178,234.99237,,-156.00763,1.65
61.7,18.487624876251612,-0.42787490811739204,235.50848,,-155.49152,1.65
61.8,18.31374313742729,-0.529190606590749,236.02049000000002,,-154.97950999999998,1.65
61.9,18.106381063812165,-0.6301706373721458,236.52737000000002,,-154.47262999999998,1.65
62.0,17.861218612186576,-0.7309024139201696,237.02812,,-153.97188,1.65
62.1,17.57933579336099,-0.8317565693142441,237.52173,,-153.47827,1.65
62.2,17.26181261812667,-0.9323414912456762,238.00719,,-152.99281,1.65
62.3,16.907569075688738,-1.033779568564814,238.48349000000002,,-152.51650999999998,1.65
62.4,16.518765187652818,-1.1349868743458273,238.94961000000004,,-152.05038999999996,1.65
62.5,16.091080910809374,-1.235732637047672,239.40456,,-151.59544,1.65
62.6,15.62883628836375,-1.3369224601341934,239.84731,,-151.15269,1.65
62.7,15.127711277114175,-1.438199696681174,240.27687,,-150.72313,1.65
62.8,14.592025920256233,-1.5393335751537869,240.69221000000002,,-150.30778999999998,1.65
62.9,14.020700207001948,-1.6400583586262663,241.09232000000003,,-149.90767999999997,1.65
63.0,13.411574115741097,-1.741052375558759,241.47621,,-149.52379,1.65
63.1,12.766807668077604,-1.842049889030207,241.84285,,-149.15715,1.65
63.2,12.08532085321106,-1.9428865617315214,242.19124,,-148.80876,1.65
63.3,11.368193681933302,-2.0441253363579257,242.52036000000004,,-148.47963999999996,1.65
63.4,10.613266132663078,-2.1636859725252613,242.82921000000002,,-148.17078999999998,1.65
63.5,9.82269822698175,-2.372072671776033,243.11678,,-147.88322,1.65
63.6,8.996489964900837,-2.5196161052514565,243.38205,,-147.61795,1.65
63.7,8.133561335613805,-2.431776066011267,243.62402,,-147.37598,1.65
63.8,7.2328323283216625,-2.162644004062514,243.84168000000003,,-147.15831999999997,1.65
63.9,6.296462964630067,-1.7684617405621843,244.03401,,-146.96599,1.65
64.0,5.482134821351111,-1.3076214678228908,244.2,,-146.8,1.65
64.1,5.432454324542643,-0.8398370696998443,244.35183000000004,,-146.64816999999996,1.65
64.2,5.3752137521371735,-0.42740637196629816,244.50222,,-146.49778,1.65
64.3,5.313653136529893,-0.13452582078363928,244.65098,,-146.34902,1.65
64.4,5.2445324453255955,-0.02754223346572804,244.79796,,-146.20204,1.65
64.5,5.170011700115974,-0.12760267462841401,244.94296,,-146.05704,1.65
64.6,5.0879308793062545,-0.2350827704080949,245.08582000000004,,-145.91417999999996,1.65
64.7,5.000450004500443,-0.2531319019480005,245.22635,,-145.77365,1.65
64.8,4.906489064888846,-0.271002710026341,245.36438,,-145.63562,1.65
64.9,4.804968049680232,-0.28848190579704447,245.49974,,-145.50026,1.65
65.0,4.698046980469364,-0.3061743904139336,245.63224,,-145.36776,1.65
65.1,4.5846458464588435,-0.32383190964807707,245.76170000000002,,-145.23829999999998,1.65
65.2,4.46476464764872,-0.3415243942650017,245.88796,,-145.11204,1.65
65.3,4.339483394833257,-0.35912946541998725,246.01083,,-144.98917,1.65
65.4,4.206642066420778,-0.37684292926922147,246.13015,,-144.86985,1.65
65.5,4.067320673205593,-0.3947696819630817,246.24572,,-144.75428,1.65
65.6,3.9225992259912013,-0.41241321504140593,246.35738000000003,,-144.64261999999997,1.65
65.7,3.7703177031798365,-0.4298784246578471,246.46495,,-144.53505,1.65
65.8,3.6126361263600564,-0.4473611169665288,246.56825,,-144.43175,1.65
65.9,3.448474484743711,-0.4647389131225603,246.6671,,-144.3329,1.65
66.0,3.277832778330799,-0.4823999288938774,246.76133,,-144.23867,1.65
66.1,3.101791017909468,-0.5001308754352785,246.85076,,-144.14924,1.65
66.2,2.9181891818942423,-0.5177184638985781,246.93522,,-144.06478,1.65
66.3,2.728107281073215,-0.5355508100540596,247.01453,,-143.98547,1.65
66.4,2.5326253262530036,-0.553631410440905,247.0885,,-143.9115,1.65
66.5,2.329583295832706,-0.5714287912109159,247.15698,,-143.84302,1.65
66.6,2.1211412114101234,-0.5890128831361765,247.21976,,-143.78024,1.65
66.7,1.906219062191036,-0.6066704023689033,247.27669,,-143.72331,1.65
66.8,1.6837368373687618,-0.6244712796777043,247.32759,,-143.67241,1.65
66.9,1.4558545585473033,-0.6473631169880045,247.37227,,-143.62773,1.65
67.0,1.222572225720521,-0.6953670935312086,247.41056,,-143.58944,1.65
67.1,0.9806498064962363,-0.7259653016115033,247.44229,,-143.55771,1.65
67.2,0.7344073440732872,-0.6892411581463238,247.46727,,-143.53273,1.65
67.3,0.4806048060471474,-0.6016528696753953,247.48534,,-143.51466,1.65
67.4,0.22140221402182308,-0.479543256970137,247.4963,,-143.5037,1.65
67.5,0.0,-0.33916423080226066,247.5,,-143.5,1.65
67.6,0.0,-0.1582708134771853,247.5,,-143.5,1.65
67.7,0.0,-0.02502472577174244,247.5,,-143.5,1.65
67.8,0.0,0.0,247.5,,-143.5,1.65
67.9,0.0,0.0,247.5,,-143.5,1.65
68.0,0.0,0.0,247.5,,-143.5,1.65
68.1,0.0,0.0,247.5,,-143.5,1.65
68.2,0.0,0.0,247.5,,-143.5,1.65
68.3,0.0,0.0,247.5,,-143.5,1.65
68.4,0.0,0.0,247.5,,-143.5,1.65
68.5,0.0,0.0,247.5,,-143.5,1.65
68.6,0.0,0.0,247.5,,-143.5,1.65
68.7,0.0,0.0,247.5,,-143.5,1.65
68.8,0.0,0.0,247.5,,-143.5,1.65
68.9,0.0,0.0,247.5,,-143.5,1.65
69.0,0.0,0.0,247.5,,-143.5,1.65
69.1,0.0,0.0,247.5,,-143.5,1.65
69.2,0.0,0.0,247.5,,-143.5,1.65
69.3,0.0,0.0,247.5,,-143.5,1.65
69.4,0.0,0.0,247.5,,-143.5,1.65
69.5,0.0,0.0,247.5,,-143.5,1.65
69.6,0.0,0.0,247.5,,-143.5,1.65
69.7,0.0,0.0,247.5,,-143.5,1.65
69.8,0.0,0.0,247.5,,-143.5,1.65
69.9,0.0,0.0,247.5,,-143.5,1.65
70.0,0.0,0.0,247.5,,-143.5,1.65
70.1,0.0,0.0,247.5,,-143.5,1.65
70.2,0.0,0.0,247.5,,-143.5,1.65
70.3,0.0,0.0,247.5,,-143.5,1.65
70.4,0.0,0.0,247.5,,-143.5,1.65
70.5,0.0,0.0,247.5,,-143.5,1.65
70.6,0.0,0.0,247.5,,-143.5,1.65
70.7,0.0,0.0,247.5,,-143.5,1.65
70.8,0.0,0.0,247.5,,-143.5,1.65
70.9,0.0,0.0,247.5,,-143.5,1.65
71.0,0.0,0.0,247.5,,-143.5,1.65
71.1,0.0,0.0,247.5,,-143.5,1.65
71.2,0.0,0.0,247.5,,-143.5,1.65
71.3,0.0,0.0,247.5,,-143.5,1.65
71.4,0.0,0.0,247.5,,-143.5,1.65
71.5,0.0,0.0,247.5,,-143.5,1.65
71.6,0.0,0.0,247.5,,-143.5,1.65
71.7,0.0,0.0,247.5,,-143.5,1.65
71.8,0.0,0.0,247.5,,-143.5,1.65
71.9,0.0,0.0,247.5,,-143.5,1.65
72.0,0.0,0.0,247.5,,-143.5,1.65
72.1,0.0,0.0,247.5,,-143.5,1.65
72.2,0.0,0.0,247.5,,-143.5,1.65
72.3,0.0,0.0,247.5,,-143.5,1.65
72.4,0.0,0.0,247.5,,-143.5,1.65
72.5,0.0,0.0,247.5,,-143.5,1.65
72.6,0.0,0.0,247.5,,-143.5,1.65
72.7,0.0,0.0,247.5,,-143.5,1.65
72.8,0.0,0.0,247.5,,-143.5,1.65
72.9,0.0,0.0,247.5,,-143.5,1.65
73.0,0.0,0.0,247.5,,-143.5,1.65
73.1,0.0,0.0,247.5,,-143.5,1.65
73.2,0.0,0.0,247.5,,-143.5,1.65
73.3,0.0,0.0,247.5,,-143.5,1.65
73.4,0.0,0.0,247.5,,-143.5,1.65
73.5,0.0,0.0,247.5,,-143.5,1.65
73.6,0.0,0.0,247.5,,-143.5,1.65
73.7,0.0,0.0,247.5,,-143.5,1.65
73.8,0.0,0.0,247.5,,-143.5,1.65
73.9,0.0,0.0,247.5,,-143.5,1.65
74.0,0.0,0.0,247.5,,-143.5,1.65
74.1,0.0,0.0,247.5,,-143.5,1.65
74.2,0.0,0.0,247.5,,-143.5,1.65
74.3,0.0,0.0,247.5,,-143.5,1.65
74.4,0.0,0.0,247.5,,-143.5,1.65
74.5,0.0,0.0,247.5,,-143.5,1.65
74.6,0.0,0.0,247.5,,-143.5,1.65
74.7,0.0,0.0,247.5,,-143.5,1.65
74.8,0.0,0.0,247.5,,-143.5,1.65
74.9,0.0,0.0,247.5,,-143.5,1.65
75.0,0.0,0.0,247.5,,-143.5,1.65
75.1,0.0,0.0,247.5,,-143.5,1.65
75.2,0.0,0.0,247.5,,-143.5,1.65
75.3,0.0,0.0,247.5,,-143.5,1.65
75.4,0.0,0.0,247.5,,-143.5,1.65
75.5,0.0,0.0,247.5,,-143.5,1.65
75.6,0.0,0.0,247.5,,-143.5,1.65
75.7,0.0,0.0,247.5,,-143.5,1.65
75.8,0.0,0.0,247.5,,-143.5,1.65
75.9,0.0,0.0,247.5,,-143.5,1.65
76.0,0.0,0.0,247.5,,-143.5,1.65
76.1,0.0,0.0,247.5,,-143.5,1.65
76.2,0.0,0.0,247.5,,-143.5,1.65
76.3,0.0,0.0,247.5,,-143.5,1.65
76.4,0.0,0.0,247.5,,-143.5,1.65
76.5,0.0,0.0,247.5,,-143.5,1.65
76.6,0.0,0.0,247.5,,-143.5,1.65
76.7,0.0,0.0,247.5,,-143.5,1.65
76.8,0.0,0.0,247.5,,-143.5,1.65
76.9,0.0,0.0,247.5,,-143.5,1.65
77.0,0.0,0.0,247.5,,-143.5,1.65
77.1,0.0,0.0,247.5,,-143.5,1.65
77.2,0.0,0.0,247.5,,-143.5,1.65
77.3,0.0,0.0,247.5,,-143.5,1.65
77.4,0.0,0.0,247.5,,-143.5,1.65
77.5,0.0,0.0,247.5,,-143.5,1.65
77.6,0.0,0.0,247.5,,-143.5,1.65
77.7,0.0,0.0,247.5,,-143.5,1.65
77.8,0.0,0.0,247.5,,-143.5,1.65
77.9,0.0,0.0,247.5,,-143.5,1.65
78.0,0.0,0.0,247.5,,-143.5,1.65
78.1,0.0,0.1652464077085707,247.5,,-143.5,1.65
78.2,0.0,0.4719837408160538,247.5,,-143.5,1.65
78.3,0.18792187922019102,0.741182236997148,247.5,,-143.5,1.65
78.4,0.6512465124631286,0.9828524858676113,247.50951,,-143.49049,1.65
78.5,1.1070110701091154,1.182973368195425,247.53183,,-143.46817,1.65
78.6,1.5606156061573337,1.3126355039781414,247.56678,,-143.43322,1.65
78.7,2.0120601206014532,1.3413945328265617,247.61431,,-143.38569,1.65
78.8,2.4667446674470535,1.2937611893602,247.67442,,-143.32558,1.65
78.9,2.9214292142925253,1.260079034357335,247.74715,,-143.25285,1.65
79.0,3.377193771938512,1.255606961663747,247.83253,,-143.16747,1.65
79.1,3.829718297183209,1.2458446262783163,247.93053000000003,,-143.06946999999997,1.65
79.2,4.275762757625075,1.2308549658921093,248.04105,,-142.95895,1.65
79.3,4.715327153273569,1.2113582674285048,248.16391000000002,,-142.83608999999998,1.65
79.4,5.147331473315715,1.1884978989654211,248.2989,,-142.7011,1.65
79.5,5.5696156961569345,1.163836813193857,248.44581,,-142.55419,1.65
79.6,5.984339843398125,1.137962428575766,248.60439000000002,,-142.39560999999998,1.65
79.7,6.3893438934382125,1.1100985135714456,248.77439,,-142.22561,1.65
79.8,6.783547835480042,1.080710107799236,248.95555000000002,,-142.04444999999998,1.65
79.9,7.166951669517255,1.0494545504897541,249.14757,,-141.85243,1.65
80.0,7.539555395553083,1.0151919701017693,249.35012,,-141.64988,1.65
80.1,7.897038970388788,0.9781041866363029,249.56289000000004,,-141.43710999999996,1.65
80.2,8.242642426422504,0.9374674166316019,249.78549,,-141.21451,1.65
80.3,8.573125731259212,0.8914459773968897,250.01753000000002,,-140.98246999999998,1.65
80.4,8.885248852488164,0.8396482566231871,250.25859,,-140.74141,1.65
80.5,9.179011790118707,0.7821756539245559,250.50817,,-140.49183,1.65
80.6,9.45225452254379,0.7191015966106171,250.76571000000004,,-140.23428999999996,1.65
80.7,9.699576995770258,0.6529645716041692,251.03061,,-139.96939,1.65
80.8,9.923139231393014,0.5878835012131471,251.30218000000002,,-139.69781999999998,1.65
80.9,10.122941229411929,0.5277150673603597,251.57973,,-139.42027,1.65
81.0,10.300063000630615,0.4763649035088431,251.8626,,-139.1374,1.65
81.1,10.459904599048247,0.4361407250436322,252.15022000000002,,-138.84977999999998,1.65
81.2,10.60786607866088,0.40519635965495127,252.44215,,-138.55785,1.65
81.3,10.747187471873014,0.3801576477295949,252.73811000000003,,-138.26188999999997,1.65
81.4,10.882188821886377,0.35702454926623517,253.0379,,-137.9621,1.65
81.5,11.009630096302741,0.33127953657105813,253.34138,,-137.65862,1.65
81.6,11.127351273511994,0.3006743354148469,253.64832000000007,,-137.35167999999993,1.65
81.7,11.229952299521043,0.2647194304117395,253.9584,,-137.0416,1.65
81.8,11.318513185133467,0.22458965848432477,254.27119000000005,,-136.72880999999995,1.65
81.9,11.388713887138206,0.18223608809475067,254.58626,,-136.41374,1.65
82.0,11.445954459543682,0.1387636253986262,254.90316,,-136.09684,1.65
82.1,11.488074880748993,0.09517228039541159,255.22152000000006,,-135.77847999999994,1.65
82.2,11.5161551615515,0.052220801928775984,255.54094,,-135.45906,1.65
82.3,11.52911529115384,0.010650456155286037,255.86100000000005,,-135.13899999999995,1.65
82.4,11.524795247952037,-0.02898630384814993,256.18125,,-134.81875,1.65
82.5,11.504275042752681,-0.06679087769929026,256.50122999999996,,-134.49877,1.65
82.6,11.471874718748357,-0.10336117347270068,256.82053,,-134.17946999999995,1.65
82.7,11.427594275942157,-0.14002937232231893,257.13881,,-133.86119,1.65
82.8,11.372513725137573,-0.17788289771061727,257.45576000000005,,-133.54423999999995,1.65
82.9,11.304473044730665,-0.21906512771470688,257.77105,,-133.22895,1.65
83.0,11.219152191519605,-0.2647683819493558,258.0843,,-132.9157,1.65
83.1,11.115471154713143,-0.313408728491801,258.39503,,-132.60496999999995,1.65
83.2,10.993429934299048,-0.3617938277282491,258.70270999999997,,-132.29729,1.65
83.3,10.85302853028646,-0.4070774973487943,259.0068,,-131.99319999999994,1.65
83.4,10.695346953469771,-0.25438016617951753,259.30682999999993,,-131.69317,1.65
83.5,10.52470524705379,-0.36143718080571396,259.60236,,-131.39764,1.65
83.6,10.342183421832821,-0.8495259777778319,259.89304000000004,,-131.10695999999996,1.65
83.7,10.148861488613539,-1.1909944274273574,260.17855,,-130.82145,1.65
83.8,9.939339393393574,-1.3919824512932113,260.45853999999997,,-130.54145999999997,1.65
83.9,9.710377103771696,-1.4593712370686749,260.73254999999995,,-130.26745,1.65
84.0,7.795517955180124,-1.400202813216291,260.99999999999994,,-130.0,1.65
84.1,7.6918369183675255,-1.222099633582637,261.21556999999996,,-129.78442999999996,1.65
84.2,7.592475924759826,-0.9339778712467144,261.4282999999999,,-129.5717,1.65
84.3,7.497434974350836,-0.5466907815932114,261.6383199999999,,-129.36167999999998,1.65
84.4,7.407794077941054,-0.07407067077654617,261.84573999999986,,-129.15426,1.65
84.5,7.3213932139326126,-0.02301771269450903,262.05068999999986,,-128.94931,1.65
84.6,7.239312393125963,-0.22155116656152885,262.2532799999999,,-128.74671999999998,1.65
84.7,7.16047160471455,-0.20984825232975446,262.4536399999999,,-128.54636,1.65
84.8,7.088110881108889,-0.1983061788661704,262.6518699999999,,-128.34812999999997,1.65
84.9,7.018990189901532,-0.18619766617238298,262.8481099999999,,-128.15189,1.65
85.0,6.954189541894435,-0.17393180924785057,263.0424599999999,,-127.95754,1.65
85.1,6.893708937089131,-0.16179182770737022,263.2350599999999,,-127.76493999999997,1.65
85.2,6.836468364685197,-0.14984415578304144,263.4260199999999,,-127.57398,1.65
85.3,6.785707857079347,-0.1379629180899773,263.6154499999999,,-127.38454999999998,1.65
85.4,6.738187381874865,-0.12592083962752199,263.80347999999987,,-127.19652,1.65
85.5,6.6949869498706445,-0.11421792539630715,263.9902299999999,,-127.00977,1.65
85.6,6.656106561066687,-0.10241011501126529,264.1758099999999,,-126.82418999999997,1.65
85.7,6.621546215463009,-0.09056384270215645,264.36034999999987,,-126.63965,1.65
85.8,6.590225902259139,-0.07908820346981926,264.5439699999999,,-126.45602999999997,1.65
85.9,6.564305643055996,-0.06715451769967018,264.72677999999985,,-126.27322,1.65
86.0,6.541625416254203,-0.05492012962118942,264.90889999999985,,-126.0911,1.65
86.1,6.525425254252041,-0.04295147846555203,265.09044999999986,,-125.90954999999997,1.65
86.2,6.511385113852323,-0.031021289233384763,265.2715599999998,,-125.72844,1.65
86.3,6.5016650166498,-0.019129561924208005,265.4523399999998,,-125.54765999999996,1.65
86.4,6.498424984249982,-0.007059511153865827,265.6328999999998,,-125.3671,1.65
86.5,6.4973449734510655,0.0049965534621740915,265.81337999999977,,-125.18662,1.65
86.6,6.500585005850886,0.01694772192444738,265.9938899999998,,-125.00610999999998,1.65
86.7,6.509225092251421,0.029021269233350466,266.17453999999975,,-124.82546,1.65
86.8,6.522185221853764,0.04061579077298205,266.35545999999977,,-124.64453999999998,1.65
86.9,6.539465394653301,0.052584441927749026,266.53676999999976,,-124.46323,1.65
87.0,6.559985599855728,0.0647104373138685,266.7185899999998,,-124.28141,1.65
87.1,6.584825848258427,0.07639237231514606,266.9010299999998,,-124.09896999999997,1.65
87.2,6.615066150661838,0.08829109270096858,267.08420999999976,,-123.91579,1.65
87.3,6.648546485465077,0.10031568847179173,267.26825999999977,,-123.73173999999997,1.65
87.4,6.687426874269023,0.11228433962663331,267.45328999999975,,-123.54671,1.65
87.5,6.729547295472793,0.12423201155052865,267.6394299999998,,-123.36057,1.65
87.6,6.77706777067729,0.1360922700134175,267.8267799999998,,-123.17321999999997,1.65
87.7,6.827828278283125,0.14799099039949581,268.0154799999998,,-122.98452,1.65
87.8,6.882908829087708,0.15971138732396284,268.20563999999985,,-122.79435999999997,1.65
87.9,6.942309423094079,0.1715716457866847,268.3973799999998,,-122.60262,1.65
88.0,7.007110071101178,0.18369764117258924,268.5908099999998,,-122.40919,1.65
88.1,7.0751507515081045,0.19580615386625055,268.7860699999998,,-122.21392999999998,1.65
88.2,7.147511475115278,0.20793214925200054,268.9832599999998,,-122.01674,1.65
88.3,7.224192241922743,0.21979240771433872,269.1825099999998,,-121.81748999999998,1.65
88.4,7.306273062730904,0.23151280463824797,269.3839299999998,,-121.61607,1.65
88.5,7.3915939159404305,0.24328564963962052,269.58764999999977,,-121.41235,1.65
88.6,7.481234812348702,0.25542912771778603,269.79378999999983,,-121.20620999999997,1.65
88.7,7.575195751957218,0.2674677096419291,270.0024599999998,,-120.99754,1.65
88.8,7.673476734767562,0.2791181757970449,270.2137799999998,,-120.78621999999997,1.65
88.9,7.776077760778149,0.2910168961826667,270.42786999999976,,-120.57213,1.65
89.0,7.882998829989018,0.30307296079927326,270.64485999999977,,-120.35514,1.65
89.1,7.995319953199085,0.3150031500317496,270.8648499999998,,-120.13514999999997,1.65
89.2,8.109801098011559,0.32705921464838283,271.0879799999998,,-119.91202,1.65
89.3,8.22968229682325,0.3389579350339851,271.3143599999998,,-119.68563999999998,1.65
89.4,8.353883538835175,0.5364004599499648,271.5440999999998,,-119.4559,1.65
89.5,8.482404824048922,0.5064558952876705,271.77733999999975,,-119.22266,1.65
89.6,8.615246152462955,0.10953193511394943,272.0141799999998,,-118.98581999999998,1.65
89.7,8.752407524075686,-0.19476145444551207,272.25473999999974,,-118.74526,1.65
89.8,8.892808928089808,-0.40423494529123793,272.4991599999998,,-118.50083999999997,1.65
89.9,9.038610386104608,-0.5164025380431294,272.74753999999973,,-118.25246,1.65
90.0,7.594636023151769,-0.5290146524896304,272.9999999999997,,-118.0,1.65
90.1,7.708038971939469,-0.43893243833509565,273.2120100084899,,-117.78798999999997,1.65006
90.2,7.8236042741411875,-0.24354430585146858,273.4271900923731,,-117.57281,1.65025
90.3,7.942411833681301,0.05955635322977315,273.6456003123721,,-117.35439999999997,1.65056
90.4,8.062301528548298,0.47279871702547993,273.8673307489386,,-117.13267,1.651
90.5,8.186516345302287,0.5286656285766664,274.0924414208314,,-116.90756,1.65155
90.6,8.312886977007281,0.3507974417571891,274.3210124323355,,-116.67898999999997,1.65223
90.7,8.44034659133621,0.3500041697030092,274.55311381104747,,-116.44689,1.65303
90.8,8.567804366704554,0.34445545452742543,274.78875560700055,,-116.21124999999998,1.6539500000000003
90.9,8.692023808365732,0.3347431183745737,275.0279078683321,,-115.9721,1.65499
91.0,8.81191937477369,0.3238162856447264,275.2704606421773,,-115.72955,1.65615
91.1,8.926421568135765,0.3158229391134615,275.51630397440334,,-115.48370999999997,1.6574300000000002
91.2,9.037685315773981,0.31493922084560033,275.76529785424776,,-115.23472,1.65882
91.3,9.147870563139275,0.32556162426994106,276.01735243742377,,-114.98266999999996,1.6603400000000001
91.4,9.26453717330782,0.34849983947550456,276.2725175800275,,-114.72751,1.66196
91.5,9.390917483282106,0.3795580535142147,276.530983504474,,-114.46905,1.66371
91.6,9.531353836944948,0.41102264948834666,276.7931000331402,,-114.20693999999996,1.6655600000000002
91.7,9.68689526388248,0.43448872130006677,277.0592773975046,,-113.94077,1.66754
91.8,9.854325351278824,0.4429012086379682,277.3298953911784,,-113.67015999999995,1.6696200000000003
91.9,10.02067637702547,0.4330688618806384,277.60516418272584,,-113.3949,1.67182
92.0,10.17729941713953,0.40681036116783176,277.8849837177837,,-113.11509,1.67413
92.1,10.316652612692339,0.36953625379523736,278.16901402743395,,-112.83106999999995,1.6765500000000004
92.2,10.439807238671195,0.33008219994616184,278.45676514993386,,-112.54333,1.67908
92.3,10.546763393176548,0.29773747699103303,278.74776712535675,,-112.25233999999996,1.6817200000000005
92.4,10.645070554956384,0.2769463599243327,279.04163999259697,,-111.95848,1.68447
92.5,10.739068967080703,0.26716020627704395,279.33819378400756,,-111.66194,1.68733
92.6,10.834148406759436,0.26458304291941026,279.6373784268287,,-111.36276999999995,1.6902900000000005
92.7,10.932446333538866,0.26356034465307765,279.93923414070537,,-111.06093,1.69337
92.8,11.032926911157674,0.2600183172158399,280.24382074136275,,-110.75635999999996,1.6965500000000004
92.9,11.131248556810878,0.25383685784773746,280.55118824273524,,-110.44901,1.69983
93.0,11.228479210681629,0.25146796598917476,280.8612867730446,,-110.13893,1.70322
93.1,11.323562603588,0.2668322781312451,281.1740562450204,,-109.82617999999995,1.7067100000000004
93.2,11.424034105395691,0.3203059628203544,281.48951678708545,,-109.51074,1.71031
93.3,11.546117401516781,0.4334227298898359,281.8079181697772,,-109.19235999999995,1.7140000000000004
93.4,11.71246576926407,0.6208512409545968,282.1300405843962,,-108.87026,1.7178
93.5,11.95548955268408,0.8850141850067494,282.4574239341561,,-108.5429,1.72171
93.6,12.307586713839756,1.2098942737324592,282.79250780962616,,-108.20783999999996,1.7257100000000007
93.7,12.793608728054641,1.5591573453912133,283.1386020957679,,-107.86177,1.72981
93.8,13.418930574079418,1.881905602266361,283.49949653587475,,-107.50089999999994,1.7340100000000007
93.9,14.165207313764531,2.121724960237195,283.8789409012301,,-107.12148,1.73831
94.0,14.991413616920708,2.2311596481564955,284.27995493115924,,-106.72049,1.7427
94.1,15.834878142350634,2.18649830586973,284.70420879725833,,-106.29625999999995,1.7472000000000008
94.2,16.62976887555036,1.9955020709405353,285.15159224129707,,-105.8489,1.75178
94.3,17.315573988617444,1.6944204340656874,285.6201457142327,,-105.38036999999993,1.7564700000000006
94.4,17.856665176956994,1.3371337917118495,286.10645920623136,,-104.89408,1.76125
94.5,18.245492705882874,0.9800741049015045,286.60636292826194,,-104.3942,1.76612
94.6,18.50470403509485,0.665691382258423,287.1158071718255,,-103.88477999999994,1.7710900000000007
94.7,18.666740267680392,0.41235894323201094,287.6314719002101,,-103.36914,1.77614
94.8,18.762877933829802,0.21173522352364316,288.150967527237,,-102.84966999999993,1.7813000000000008
94.9,18.810428520739872,0.03350882406751765,288.6726638435935,,-102.328,1.78654
95.0,18.808312765147356,-0.159258020884387,289.1952410258355,,-101.80545,1.79187
95.1,18.73922967224365,-0.39292409331252287,289.7172091666258,,-101.28350999999994,1.797290000000001
95.2,18.57943178978226,-0.6715673376221929,290.2364784009349,,-100.76427,1.8028
95.3,18.305149153269696,-0.9716984725639719,290.75026892011573,,-100.25050999999993,1.808400000000001
95.4,17.90668726196261,-1.6551546475390495,291.25528097591234,,-99.74553,1.81409
95.5,17.403475296065974,-1.7470034013843367,291.7481847492799,,-99.25266,1.81986
95.6,16.837632659050783,-0.8558773562311437,292.2264206529928,,-98.77445999999993,1.825720000000001
95.7,16.277196020068363,0.02476702596172231,292.6888488049255,,-98.31207,1.83166
95.8,15.8031588975009,0.8289604537548385,293.13633943432467,,-97.86461999999995,1.837690000000001
95.9,15.492192513668797,1.480180018341052,293.57202227963757,,-97.42898,1.8438
96.0,18.916774393624912,1.9021522231881463,294.0010470812516,,-97.0,1.85
96.1,19.136873011482084,2.0281169938463677,294.52857513244896,,-96.47251999999993,1.8571200000000012
96.2,19.349576034002393,1.8117225441371794,295.06213853318025,,-95.93903,1.86597
96.3,19.552663262486693,1.2377780154659028,295.6015211328255,,-95.39974999999993,1.8764900000000015
96.4,19.748289733401585,0.32238981982177606,296.14647614867533,,-94.85493,1.88862
96.5,19.935356030146817,0.1452236381270744,296.6967764603234,,-94.3048,1.90231
96.6,20.11171625690287,0.4921726039279939,297.2521836703055,,-93.74959999999992,1.9174800000000023
96.7,20.277294436120854,0.4487301009950997,297.8124199527792,,-93.18961,1.93409
96.8,20.4278227885891,0.36862485066551187,298.3771162680674,,-92.62519999999992,1.9520700000000026
96.9,20.54706718479283,0.23132630951178257,298.94573390242283,,-92.05691,1.97137
97.0,20.61879017078578,0.023409492996592007,299.51728381800325,,-91.48573,1.99193
97.1,20.609569769368655,-0.2526960630067805,300.0901168817313,,-90.91330999999991,2.013680000000003
97.2,20.484925880505973,-0.5739699497281343,300.6617053954367,,-90.34218,2.03657
97.3,20.225415195824887,-0.8983097086228575,301.228622363784,,-89.77576999999991,2.0605400000000036
97.4,19.8289107889161,-1.177197047189619,301.7870318216193,,-89.21792,2.08553
97.5,19.329918558650885,-1.3677401179735504,302.3333884360205,,-88.67218,2.11148
97.6,18.779326457602824,-1.4440773951970876,302.86526658230974,,-88.14097999999993,2.138330000000004
97.7,18.23516425807845,-1.4064951190768582,303.38179984755016,,-87.62519,2.16603
97.8,17.742876692363296,-1.277381738189721,303.8836286538179,,-87.12416999999994,2.194510000000004
97.9,17.323932790141882,-1.0949710549464982,304.3724421844202,,-86.63623,2.22372
98.0,16.981519893401103,-0.8992122710911872,304.8503365854127,,-86.15927,2.25359
98.1,16.706970000914744,-0.7195797173899265,305.3193779832659,,-85.69121999999993,2.2840700000000043
98.2,16.486161135493163,-0.571367904461539,305.78132134656914,,-85.23032,2.3151
98.3,16.30850961121548,-0.4548600649939729,306.23754080801297,,-84.77518999999992,2.3466100000000045
98.4,16.1619187517771,-0.36200781346129673,306.6891324533076,,-84.32473,2.37856
98.5,16.04636491055816,-0.28195844131695225,307.1369403049583,,-83.87809,2.41088
98.6,15.956603292377936,-0.2045714410815762,307.58176869186724,,-83.43445999999994,2.4435100000000043
98.7,15.89585600499461,-0.12163910670970068,308.0243716728784,,-82.99308,2.47639
98.8,15.866024952589694,-0.025175387223523416,308.4655735405082,,-82.55311999999995,2.5094700000000048
98.9,15.872812065179096,0.0897489967957199,308.90627662263944,,-82.11367,2.54268
99.0,15.921355696234864,0.22402631129548212,309.3475334168081,,-81.67367,2.57596
99.1,16.018282409853118,0.3727114010733956,309.79057663603174,,-81.23187999999995,2.609260000000005
99.2,16.170898238404213,0.5219871645924208,310.23682857496306,,-80.78687,2.64253
99.3,16.3827722551992,0.6520202342845849,310.68786843450994,,-80.33704999999993,2.6756800000000047
99.4,16.641915681251216,1.0122710527424381,311.14526043269086,,-79.88085,2.70868
99.5,16.92996121219076,0.9212158195634252,311.6101774855078,,-79.41709,2.74146
99.6,17.21468053316435,0.18004003843530114,312.0831254730287,,-78.94525999999993,2.7739600000000046
99.7,17.45944036453328,-0.4293163295470741,312.56368346047657,,-78.46578,2.80613
99.8,17.630893720455298,-0.8303609553247959,313.05043072723834,,-77.98006999999993,2.8378900000000042
99.9,17.69877445109235,-0.9566139290676503,313.54104082517756,,-77.49046,2.8692
100.0,15.301885198446191,-0.7681391696275135,314.0324669657114,,-77.0,2.9
100.1,15.496165865373381,-0.26842552272759335,314.4588853702158,,-76.57473999999995,2.9314100000000045
100.2,15.90129950733856,0.4863801840118356,314.892643205534,,-76.14225,2.96455
100.3,16.516262755365325,1.3964264508576143,315.3396367929601,,-75.69660999999994,2.999310000000005
100.4,17.300930460699064,2.3375868115935887,315.80540426563283,,-75.23226,3.03562
100.5,18.17166544751217,2.4931808613550572,316.2939740761001,,-74.74515,3.07336
100.6,19.017236854753612,2.057881532328995,316.8067370066051,,-74.23387999999993,3.1124600000000058
100.7,19.73558098319414,1.7273347878402383,317.3419800924081,,-73.70016,3.15281
100.8,20.267369787313235,1.2908446591895597,317.8955087375567,,-73.14818999999991,3.194320000000006
100.9,20.606059996760695,0.8281586001718146,318.4620020033595,,-72.5833,3.23691
101.0,20.78314309446023,0.4076567821356143,319.0363255457988,49.1130108709342,-72.01063,3.28046
101.1,20.840225031994823,0.06978876830815395,319.61436712855914,48.1358511298812,-71.43429999999991,3.3249100000000062
101.2,20.81103214359789,-0.17699496966145034,320.19313716311507,47.15797939807854,-70.8573,3.37014
101.3,20.71496045524581,-0.3473004288215975,320.7704563005946,46.18157646507627,-70.28180999999991,3.4160600000000065
101.4,20.569069522030226,-0.4649187095264651,321.3446247770019,45.208343426064616,-69.70953,3.46259
101.5,20.38304523245537,-0.5510736086271812,321.91433012119313,44.23959351610048,-69.14177,3.50963
101.6,20.171057345692013,-0.6194291808048789,322.4785987233677,43.276300747365035,-68.57949999999991,3.5570800000000067
101.7,19.939469697775802,-0.6782487180789083,323.03677660702124,42.31911923326619,-68.02337,3.60485
101.8,19.693655994755638,-0.7310628688726126,323.58838899847024,41.36852356496409,-67.47384999999993,3.6528500000000066
101.9,19.42813429051579,-0.7768015518822686,324.13301075684933,40.424938533406575,-66.93136,3.70099
102.0,19.144069099556813,-0.8122709636568644,324.6700952523433,39.48891010624628,-66.39644,3.74916
102.1,18.841455780211124,-0.8332347436468552,325.19908933255596,38.560991585716394,-65.86963999999993,3.7972900000000065
102.2,18.529968008607327,-0.8359334058125683,325.71957552190196,37.64159942470299,-65.35137,3.84527
102.3,18.224753442489572,-0.8195187627477658,326.23144570319806,36.730840262548995,-64.84172999999993,3.8930000000000065
102.4,17.93517407758326,-0.7863494853602546,326.7349527249961,35.828459679139144,-64.34046,3.94041
102.5,17.664749519591652,-0.7407394380186361,327.2306042324083,34.93394688227627,-63.84704,3.98739
102.6,17.413371394826402,-0.6862667539578453,327.71893934890113,34.04676002307549,-63.36091999999993,4.033850000000006
102.7,17.178783816753718,-0.6249631232472019,328.20044727708085,33.166407412470825,-62.8816,4.0797
102.8,16.96109166722062,-0.5568124884095056,328.6755664626544,32.292448273590104,-62.40862999999994,4.124840000000006
102.9,16.76685434387768,-0.4820010479482626,329.14484589753295,31.424331782472322,-61.94145,4.16918
103.0,16.60125749794404,-0.4033701486525132,329.60898414471797,30.56135796949147,-61.47935,4.21263
103.1,16.47087759957781,-0.32742977661320793,330.0688485395128,29.70265863539143,-61.02144999999994,4.255090000000006
103.2,16.371443379994655,-0.2630845935993982,330.525387716364,28.847285805860484,-60.56679,4.29647
103.3,16.294384226297634,-0.21822007662414222,330.9793909855153,27.994452700022432,-60.11456999999994,4.336670000000005
103.4,16.22888473453711,-0.21897268824918825,331.43139145675394,27.143631332867017,-59.66425,4.37561
103.5,16.165476864068477,-0.20203963568793526,331.8816026360909,26.29461546872667,-59.21561,4.41319
103.6,16.09548360509811,-0.14195283886098053,332.3299898340572,25.447449487492733,-58.76867999999994,4.449310000000005
103.7,16.01984563222271,-0.10131040210896103,332.7763812305916,24.602317307704986,-58.32363,4.48389
103.8,15.943234001769959,-0.08389251784021567,333.22064334522673,23.75936715614484,-57.880589999999934,4.5168200000000045
103.9,15.875138412474072,-0.09385969013933604,333.6628453918072,22.918547758976786,-57.43949,4.54802
104.0,16.024716794667693,-0.13432817509951178,334.10331632671665,22.079552322454365,-57.0,4.5774
104.1,15.939517464106666,-0.20461772257704425,334.5477248956035,21.236749562870845,-56.55643999999994,4.604850000000003
104.2,15.81883033252651,-0.29852470698574507,334.98942753969783,20.39680617644096,-56.11547,4.63028
104.3,15.665913490645025,-0.4036826659777688,335.4274692560903,19.560711869320993,-55.678049999999935,4.653610000000002
104.4,15.487269805518743,-0.5026019619407514,335.86101398884574,18.729344739560425,-55.24502,4.67473
104.5,15.299081716136849,-0.5152477035925287,336.2894879466308,17.90332776651313,-54.81696,4.69356
104.6,15.120888406627618,-0.4523252259479804,336.71277732105455,17.082836301975625,-54.393989999999945,4.710000000000002
104.7,14.968956702552763,-0.37067211344724527,337.13132019544133,16.267508645886746,-53.97568,4.72396
104.8,14.85740868009584,-0.2453960382048308,337.5459963760932,15.456561566570892,-53.561159999999944,4.735340000000002
104.9,14.796073227697427,-0.07613817966370462,337.958018449531,14.648902996313412,-53.14923,4.74405
105.0,14.79488677832993,0.13261139958459012,338.36885153802314,13.843219771194848,-52.73844,4.75
105.1,14.86720793965538,0.3671011628903642,338.7803061465768,13.037726327473557,-52.327009999999945,4.754500000000001
105.2,15.02917747993361,0.6026441988713636,339.1945796197801,12.23023876323353,-51.91276,4.75891
105.3,15.28832210159377,0.8090946206693381,339.6142620606804,11.4183726148912,-51.49309999999994,4.763250000000001
105.4,15.633887513485949,0.9601986069955117,340.04198317601134,10.599783177499429,-51.0654,4.7675
105.5,16.031283129254124,1.0414332356293627,340.479862937133,9.772735113938168,-50.62754,4.77166
105.6,16.435161537134213,1.0544710279198384,340.92894147146757,8.936714030223744,-50.17847999999994,4.775740000000001
105.7,16.809883496926552,1.0124810666331037,341.3890387725898,8.092642364079861,-49.7184,4.77973
105.8,17.141408859501258,0.9323549531647721,341.8591449500647,7.242614364509414,-49.248309999999925,4.7836300000000005
105.9,17.43621699432748,0.8272273605965914,342.3380700257289,6.389494139984788,-48.7694,4.78743
106.0,17.706187317377008,0.7030383863175231,342.8249441611068,5.536880471095612,-48.28254,4.79114
106.1,17.953471851706418,0.561707331322129,343.31911742019724,4.690170410763223,-47.788379999999925,4.794760000000001
106.2,18.155406385500207,0.4078511762405803,343.81979979386335,3.8590542886178736,-47.28771,4.79828
106.3,18.29146287246688,0.25507241369113487,344.3255412900846,3.0632575106411326,-46.781979999999926,4.801690000000001
106.4,18.347594237442696,0.1236766783392298,344.8343221223689,2.3464065726553,-46.27321,4.80501
106.5,18.343253964989334,0.034882636706342396,345.3440422300751,1.8106280176778442,-45.7635,4.80822
106.6,18.312987999610836,0.003108481097296334,345.8533117262165,1.6451399169979546,-45.25423999999993,4.81133
106.7,18.298929081283426,0.025822402597388106,346.3618205756969,1.9459908778049293,-44.74574,4.81433
106.8,18.32374447069909,0.08370200363936675,346.87024884635076,2.553047327273924,-44.237319999999926,4.81723
106.9,18.385280797496836,0.1493778639982679,347.37972643103916,3.302440464656408,-43.72785,4.82001
107.0,18.469503700567007,0.19749101391408175,347.8911834002946,4.118713311508826,-43.2164,4.82268
107.1,18.55696207749545,0.21519949666677007,348.40502977733746,4.970491687066905,-42.70255999999993,4.82524
107.2,18.633621671656098,0.20554387686147635,348.9212255915397,5.843349340318445,-42.18637,4.82769
107.3,18.69732242873221,0.18152875567376014,349.439450784675,6.729742344443935,-41.668149999999926,4.83001
107.4,18.75238430139507,0.31940221492826026,349.95934548189734,7.6253289211679265,-41.14826,4.83222
107.5,18.79988725612729,0.2525724741989066,350.48068967118115,8.527539085955574,-40.62692,4.83431
107.6,18.847391289397592,-0.12014684413718157,351.0033533462152,9.43477115040436,-40.104259999999925,4.83627
107.7,18.89597278660356,-0.3721846702336684,351.5273266121362,10.346044153129252,-39.58029,4.83812
107.8,18.945642575568446,-0.5190153431973528,352.0526593952367,11.260753262126963,-39.05495999999992,4.83983
107.9,18.99746672266501,-0.5727341022190799,352.57940179499195,12.178481103356036,-38.52822,4.84142
108.0,17.65392644246692,-0.5428258518864624,353.10762381270797,13.098963115239313,-38.0,4.84288
108.1,17.786752985545732,-0.43655246801131753,353.5992756116471,13.9845690104845,-37.50834999999993,4.84421
108.2,17.899063596867894,-0.258541740074282,354.0944270657497,14.875186985722229,-37.0132,4.84541
108.3,17.98653306813452,-0.012445964768218687,354.5924781937477,15.769957362951368,-36.51514999999993,4.84647
108.4,18.05456409411036,0.2941283457374517,355.09277905812826,16.6680224201913,-36.01485,4.8474
108.5,18.098839549074082,0.22830909781252018,355.59473966415226,17.568555679303866,-35.51289,4.84818
108.6,18.121512833219622,-0.01494696742186008,356.0977300841406,18.470751009563866,-35.00989999999993,4.84883
108.7,18.120427512535468,-0.0052939094616597515,356.60114034247863,17.766999961470702,-34.50649,4.84934
108.8,18.098823598333137,0.05089188091622887,357.1043304785108,16.85839105976593,-34.00329999999993,4.84971
108.9,18.05454106225019,0.12452316414560016,357.6067005266824,15.952698228177573,-33.50093,4.84993
109.0,18.04063281963593,0.1893715453654643,358.1076305315733,15.051993223490369,-33.0,4.85
109.1,18.249234557239838,0.22161499084798209,358.6108319160111,14.151731790540566,-32.49682999999993,4.844379999999998
109.2,18.386907285495603,0.20026947170176967,359.11917938536635,13.247483264805432,-31.98873,4.82852
109.3,18.452872275585744,0.10860335360427342,359.6306841690195,12.341562759666902,-31.47781999999993,4.803859999999996
109.4,18.44172456746147,-0.08092906737703487,360.1433026868278,11.436324290190445,-30.9662,4.77188
109.5,18.35476864565093,-0.398179977315003,360.654914714247,10.534239403402601,-30.45599,4.73403
109.6,18.1876507842593,-0.6344159365937614,361.1633614951396,9.637895254151584,-29.94929999999993,4.6917999999999935
109.7,17.941142044456992,-0.6692012257967299,361.66645338783906,8.750069861389678,-29.44824,4.64663
109.8,17.61494201450099,-0.652677835705461,362.1619623312498,7.873833472007019,-28.954929999999933,4.599999999999993
109.9,17.208386610144483,-0.7351110625873076,362.6476559171658,7.0126783337680605,-28.47148,4.55337
110.0,16.84629116601513,-1.1440522383682605,363.1212947239585,6.170801182990747,-28.0,4.5082
110.1,16.86299438374971,-1.4709619722225113,363.5901803105359,5.344243383052344,-27.533019999999933,4.465969999999995
110.2,16.491187522593147,-1.3757883883556197,364.0559407971596,4.536286602762218,-27.0688,4.42812
110.3,15.73300412693114,-1.2219563950967398,364.5077939135592,3.7651960599680883,-26.61807999999994,4.396139999999996
110.4,14.58861294758608,-1.391209147587162,364.93501621599665,3.0546137810368084,-26.19157,4.37148
110.5,13.518295048850062,-2.46646227390789,365.32690727802793,2.4380290368246236,-25.8,4.35562
110.6,13.929981979305344,-3.7787805168837636,365.70853866104045,1.943194025953091,-25.418409999999948,4.35
110.7,13.202180836625526,-4.44893939032514,366.09109935753185,1.6825626583577793,-25.03585,4.35073
110.8,11.331918455313545,-4.710464996800578,366.44286527287903,1.7660653718931585,-24.684089999999955,4.35277
110.9,8.318258747361686,-4.729024684476883,366.73208221031524,2.0902591871822986,-24.39489,4.3559
111.0,4.897289174638214,-4.556277572968449,366.9270134602471,2.469089752945405,-24.2,4.35991
111.1,4.618367257829649,-3.7545157943489755,367.060585122661,2.837714935383801,-24.066509999999983,4.364580000000001
111.2,4.290775259787781,-2.4074082385172515,367.1859389119934,3.216636008394484,-23.94126,4.36968
111.3,3.912205219139828,-1.2160838675327543,367.301721199067,3.5944701711935734,-23.825599999999987,4.375000000000001
111.4,3.484865344387758,-0.6620075084085304,367.4065462843281,3.96448081301953,-23.72091,4.38032
111.5,3.00752351024041,-1.123923696891969,367.4990270152941,4.322551252131085,-23.62857,4.38542
111.6,2.4801309319415474,-1.6754327617257676,367.57779557374226,4.666063559843613,-23.54993999999999,4.390090000000001
111.7,1.9037946860733908,-1.6663361165865536,367.64146198325307,4.993279199724365,-23.4864,4.3941
111.8,1.277411737009986,-1.5061607982084668,367.6886558917583,5.303043576598294,-23.439309999999995,4.39723
111.9,0.6020379716915867,-1.2355418257230633,367.7179769439222,5.594495868780313,-23.41006,4.39927
112.0,0.0,-0.8980443661880586,367.7280633952308,5.867069114984075,-23.4,4.4
112.1,0.0,-0.44201598576086815,367.7280633952308,6.127167319700066,-23.4,4.4
112.2,0.0,-0.08286769975371333,367.7280633952308,6.381866092108171,-23.4,4.4
112.3,0.0,0.0,367.7280633952308,6.631665820893005,-23.4,4.4
112.4,0.0,0.0,367.7280633952308,6.877143925904127,-23.4,4.4
112.5,0.0,0.0,367.7280633952308,7.118888409969635,-23.4,4.4
112.6,0.0,0.0,367.7280633952308,7.357510533434562,-23.4,4.4
112.7,0.0,0.0,367.7280633952308,7.593649686580229,-23.4,4.4
112.8,0.0,0.0,367.7280633952308,7.827950295505239,-23.4,4.4
112.9,0.0,0.0,367.7280633952308,8.061078437088925,-23.4,4.4
113.0,0.0,0.0,367.7280633952308,8.29369039943016,-23.4,4.4
113.1,0.0,0.0,367.7280633952308,8.526469990711314,-23.4,4.4
113.2,0.0,0.0,367.7280633952308,8.760107719708701,-23.4,4.4
113.3,0.0,0.0,367.7280633952308,8.995280097256598,-23.4,4.4
113.4,0.0,0.0,367.7280633952308,9.232687945685157,-23.4,4.4
113.5,0.0,0.0,367.7280633952308,9.47304597265315,-23.4,4.4
113.6,0.0,0.0,367.7280633952308,9.71702322008138,-23.4,4.4
113.7,0.0,0.0,367.7280633952308,9.965360517813698,-23.4,4.4
113.8,0.0,0.0,367.7280633952308,10.218732444530524,-23.4,4.4
113.9,0.0,0.0,367.7280633952308,10.477874903337986,-23.4,4.4
114.0,0.0,0.0,367.7280633952308,10.743486398744126,-23.4,4.4
114.1,0.0,0.0,367.7280633952308,11.01583273672948,-23.4,4.4
114.2,0.0,0.0,367.7280633952308,11.294320640321846,-23.4,4.4
114.3,0.0,0.0,367.7280633952308,11.578355138602419,-23.4,4.4
114.4,0.0,0.0,367.7280633952308,11.867379355594897,-23.4,4.4
114.5,0.0,0.0,367.7280633952308,12.160795656880357,-23.4,4.4
114.6,0.0,0.0,367.7280633952308,12.458025134426443,-23.4,4.4
114.7,0.0,0.0,367.7280633952308,12.758478108775355,-23.4,4.4
114.8,0.0,0.0,367.7280633952308,13.061583984815975,-23.4,4.4
114.9,0.0,0.0,367.7280633952308,13.366751770344207,-23.4,4.4
115.0,0.0,0.0,367.7280633952308,13.67338998506223,-23.4,4.4
115.1,0.0,0.0,367.7280633952308,13.980926605232616,-23.4,4.4
115.2,0.0,0.0,367.7280633952308,14.288759561840909,-23.4,4.4
115.3,0.0,0.0,367.7280633952308,14.596306404032536,-23.4,4.4
115.4,0.0,0.0,367.7280633952308,14.902994464606774,-23.4,4.4
115.5,0.0,0.0,367.7280633952308,15.208221192499797,-23.4,4.4
115.6,0.0,0.0,367.7280633952308,15.511403837722149,-23.4,4.4
115.7,0.0,0.0,367.7280633952308,15.811959639222462,-23.4,4.4
115.8,0.0,0.0,367.7280633952308,16.109295915141715,-23.4,4.4
115.9,0.0,0.0,367.7280633952308,16.402839906808822,-23.4,4.4
116.0,0.0,0.0,367.7280633952308,16.69198909656965,-23.4,4.4
116.1,0.0,0.0,367.7280633952308,16.977265016748177,-23.4,4.4
116.2,0.0,0.0,367.7280633952308,17.259687486962214,-23.4,4.4
116.3,0.0,0.0,367.7280633952308,17.53945155142833,-23.4,4.4
116.4,0.0,0.0,367.7280633952308,17.816702930186047,-23.4,4.4
116.5,0.0,0.0,367.7280633952308,18.091647420179847,-23.4,4.4
116.6,0.0,0.0,367.7280633952308,18.36446130960833,-23.4,4.4
116.7,0.0,0.0,367.7280633952308,18.635301277481407,-23.4,4.4
116.8,0.0,0.0,367.7280633952308,18.904374050467826,-23.4,4.4
116.9,0.0,0.0,367.7280633952308,19.17184678313751,-23.4,4.4
117.0,0.0,0.0,367.7280633952308,19.43788684766171,-23.4,4.4
117.1,0.0,0.0,367.7280633952308,19.702701655582704,-23.4,4.4
117.2,0.0,0.0,367.7280633952308,19.96644900707435,-23.4,4.4
117.3,0.0,0.0,367.7280633952308,20.229316748481683,-23.4,4.4
117.4,0.0,0.0,367.7280633952308,20.491482919115445,-23.4,4.4
117.5,0.0,0.0,367.7280633952308,20.753125697689498,-23.4,4.4
117.6,0.0,0.0,367.7280633952308,21.01444332126125,-23.4,4.4
117.7,0.0,0.0,367.7280633952308,21.275594286646847,-23.4,4.4
117.8,0.0,0.0,367.7280633952308,21.53676709263722,-23.4,4.4
117.9,0.0,0.0,367.7280633952308,21.798140373169453,-23.4,4.4
118.0,0.0,0.0,367.7280633952308,22.05990282264181,-23.4,4.4
118.1,0.0,0.0,367.7280633952308,22.322233254334158,-23.4,4.4
118.2,0.0,0.0,367.7280633952308,22.585310560364228,-23.4,4.4
118.3,0.0,0.0,367.7280633952308,22.849313706105086,-23.4,4.4
118.4,0.0,0.0,367.7280633952308,23.114431696412094,-23.4,4.4
118.5,0.0,0.0,367.7280633952308,23.38084363036544,-23.4,4.4
118.6,0.0,0.0,367.7280633952308,23.648718693713654,-23.4,4.4
118.7,0.0,0.0,367.7280633952308,23.91825604475586,-23.4,4.4
118.8,0.0,0.0,367.7280633952308,24.18962497720049,-23.4,4.4
118.9,0.0,0.0,367.7280633952308,24.463004805397482,-23.4,4.4
119.0,0.0,0.0,367.7280633952308,24.738594839327476,-23.4,4.4
119.1,0.0,0.0,367.7280633952308,25.016564509908275,-23.4,4.4
119.2,0.0,0.0,367.7280633952308,25.297093262272252,-23.4,4.4
119.3,0.0,0.0,367.7280633952308,25.580370556221467,-23.4,4.4
119.4,0.0,0.0,367.7280633952308,25.86656593539235,-23.4,4.4
119.5,0.0,0.0,367.7280633952308,26.155878908056216,-23.4,4.4
119.6,0.0,0.0,367.7280633952308,26.448479084257425,-23.4,4.4
119.7,0.0,0.0,367.7280633952308,26.744556059460027,-23.4,4.4
119.8,0.0,0.27961794880703134,367.7280633952308,27.044279501587805,-23.4,4.4
119.9,0.0,0.8843452223380549,367.7280633952308,27.347839062787024,-23.4,4.4
120.0,0.25391510993087774,1.4699255779438722,367.7280633952308,27.655424422705938,-23.4,4.4
120.1,1.2279870027370632,1.9591752008691803,367.74418610281975,27.98216587068454,-23.383889999999997,4.40064
120.2,2.16971186117442,2.3527091031100396,367.78706646196,28.337603019996244,-23.34105,4.4025
120.3,3.083195341349824,2.5864778771312267,367.8558441225774,28.720876195286994,-23.27233999999999,4.405550000000001
120.4,3.969657232204705,2.5990035882872933,367.9497458722949,29.13123921693171,-23.17853,4.4097
120.5,4.824734146340802,2.406717864813409,368.0679907072772,29.56790277666984,-23.0604,4.41491
120.6,5.647347454467534,2.2203370405527716,368.20970639589353,30.030019185411852,-22.91881999999998,4.4211100000000005
120.7,6.429944593448576,2.117049110873012,368.3739017100776,30.516579411582157,-22.75478,4.42825
120.8,7.171400288151443,2.012695030420703,368.5594651022109,31.026504567103668,-22.56938999999997,4.436270000000001
120.9,7.875044922719568,1.9129497981322388,368.7652746095228,31.558655738400837,-22.36377,4.4451
121.0,8.542990152395134,1.821569016974502,368.9902690810104,32.11199204627766,-22.13898,4.45469
121.1,9.18067708458439,1.7402403602639822,369.2335263933363,32.68559280536006,-21.895939999999964,4.464970000000002
121.2,9.790128304668176,1.6673271491920527,369.49423560932223,33.27864492118181,-21.63546,4.4759
121.3,10.376920920070477,1.5970005362602517,369.77167405294534,33.89043655512431,-21.35825999999996,4.487400000000002
121.4,10.93871924468406,1.5230056508449774,370.0651707026706,34.520293156069805,-21.06501,4.49943
121.5,11.47354296096042,1.4370412999975475,370.37401295771355,35.16750154755098,-20.75642,4.51191
121.6,11.974744123346081,1.3297495021750816,370.69740994548556,35.83128608197181,-20.433279999999954,4.524800000000002
121.7,12.434899070617554,1.1936103303108823,371.0343797616412,36.510652141305286,-20.09657,4.53803
121.8,12.841014397894646,1.023758407372931,371.38368112393465,37.20435423941138,-19.74752999999995,4.551540000000002
121.9,13.183417518222724,0.8204018831971922,371.7436930340154,37.91078657447508,-19.38778,4.56527
122.0,13.44255862963548,0.5875176027470452,372.11246509111845,38.62798258581206,-19.01927,4.57917
122.1,13.612123351377791,0.3329415142921768,372.4876264030898,39.35357620498814,-18.644369999999945,4.5931700000000015
122.2,13.68335516287789,0.06789103126758178,372.8666065608817,40.084990432432434,-18.26565,4.60721
122.3,13.656333425712038,-0.19531406737369394,373.24666561010963,40.819487390952226,-17.885849999999948,4.621240000000002
122.4,13.536374464824943,-0.19618556123264952,373.6250931864039,41.55434903271738,-17.50768,4.6352
122.5,13.327835328864857,-0.571376544700577,373.99932845037563,42.28701707968179,-17.1337,4.64902
122.6,13.041508968601995,-1.3947179710892499,374.3670311555602,43.015132013869355,-16.76624999999995,4.662650000000002
122.7,12.686070191870167,-1.8747032303144806,374.72613051075314,43.736634216238,-16.4074,4.67603
122.8,12.270072666199628,-2.062686830824852,375.07477558084594,44.44965374690346,-16.05899999999995,4.689100000000002
122.9,11.796794429321363,-2.007716898724066,375.4113252890615,45.15256038685847,-15.72269,4.7018
123.0,9.133023064564615,-1.756304045279661,375.7342481029041,45.843804093898015,-15.4,4.71406
123.1,9.2659137459493,-1.3524462416474048,375.98929029804054,46.46910856799394,-15.145229999999962,4.725840000000002
123.2,9.348067466518085,-0.8380709858200195,376.24752459669196,47.09956786470339,-14.88724,4.73707
123.3,9.388115687096874,-0.2549359953384105,376.5076214994033,47.7338527556556,-14.627359999999962,4.747690000000002
123.4,9.400131340813871,0.3531880659271245,376.76855127942076,48.37092373672432,-14.36662,4.75764
123.5,9.394836098649414,0.3096390651127088,377.0296341298725,49.01010105066098,-14.1057,4.76686
123.6,9.380954972321934,-0.046789687626310084,377.29047071396303,49.65096449833487,-13.844999999999963,4.7753000000000005
123.7,9.362755898943444,-0.0603539149519321,377.55088134757847,50.293344319200926,-13.5847,4.78289
123.8,9.342480968216627,-0.07121209583507415,377.81076746898555,50.93712017457317,-13.324899999999962,4.789580000000001
123.9,9.317939874854073,-0.08475504977865533,378.0700605681995,51.582222260337915,-13.06567,4.7953
124.0,9.287146253456417,-0.10293063497139698,378.3286132902892,52.228500285787455,-12.80716,4.8
124.1,9.246093756719855,-0.12520583359427384,378.5862267194811,52.875720789513686,-12.549579999999963,4.804150000000001
124.2,9.195305123826797,-0.15059575711742212,378.8426099860957,53.523559653539486,-12.29323,4.80828
124.3,9.134832286521597,-0.177707843896723,379.0974928034844,54.17174716002624,-12.038379999999965,4.8123700000000005
124.4,9.063543423329564,-0.20646054090008192,379.35058536994967,54.819982844602386,-11.78532,4.81643
124.5,8.983598260824392,-0.23925987449203845,379.6016277189667,55.46799649216834,-11.53431,4.82046
124.6,8.89179181821837,-0.27948030255298484,379.85032972740254,56.115498134010274,-11.285639999999965,4.824450000000001
124.7,8.784867199344601,-0.33006503138206433,380.0963615985087,56.76215733709388,-11.03964,4.82841
124.8,8.65956740874861,-0.39243305459208244,380.3392632314798,57.407494183650016,-10.796769999999967,4.832330000000001
124.9,8.50836819857687,-0.46579411738577825,380.5784547028996,58.05092854113275,-10.55761,4.83621
125.0,8.326932996808216,-0.5471452259431739,380.81317611585547,58.69170031894544,-10.32292,4.84005
125.1,8.114182307571737,-0.632232057691013,381.04257742579074,,-10.093549999999968,4.843840000000001
125.2,7.869018352323855,-0.716834655977717,381.2657690994705,,-9.87039,4.8476
125.3,7.593637961253206,-0.7968019435641107,381.48185095109164,,-9.65433999999997,4.851310000000001
125.4,7.292323935704849,-0.7174011007036256,381.690043300855,,-9.44618,4.85498
125.5,6.965115502088275,-0.8534060120716145,381.88961595354067,,-9.24664,4.85859
125.6,6.616293634358688,-1.2813336806119793,382.0799094439706,,-9.056379999999974,4.862160000000001
125.7,6.245879032466007,-1.5556002592951312,382.26032378597256,,-8.876,4.86568
125.8,5.856032982815018,-1.6870321755570332,382.4302592175341,,-8.706099999999976,4.869150000000001
125.9,5.44459828009798,-1.687391700499015,382.5891560268161,,-8.54724,4.87257
126.0,3.703103164062723,-1.5703094920037257,382.7364343592347,,-8.4,4.87593
126.1,3.5141674476641818,-1.3514540345185146,382.83751823974984,,-8.298969999999986,4.879230000000001
126.2,3.3359954993086185,-1.0476208285849005,382.93345330581013,,-8.20309,4.88248
126.3,3.168621560844487,-0.6775701234743297,383.0245391828713,,-8.112059999999987,4.885670000000001
126.4,3.012044984158289,-0.2623634057634572,383.1110758069099,,-8.02558,4.8888
126.5,2.8662650367132,-0.21106301991826637,383.1933531020769,,-7.94336,4.89187
126.6,2.730159641246002,-0.3610880327699446,383.27168095791376,,-7.86508999999999,4.89488
126.7,2.6060125742889664,-0.33161637890446904,383.34633886841226,,-7.79049,4.89782
126.8,2.491494094040008,-0.3020141285610318,383.4176470509722,,-7.71923999999999,4.9007
126.9,2.3888911203831333,-0.2720892056862443,383.48587494116384,,-7.65107,4.90351
127.0,2.296001358518279,-0.242078742409511,383.55134230478876,,-7.58566,4.90625
127.1,2.2139030724145137,-0.2121412449497071,383.61434890285597,,-7.522709999999991,4.90892
127.2,2.142548987413026,-0.1825049524026654,383.6751749252477,,-7.46194,4.91153
127.3,2.083064233742834,-0.15282302849185125,383.734119246433,,-7.403049999999992,4.91406
127.4,2.0333830021211385,-0.12280650739096544,383.791491582101,,-7.34573,4.91651
127.5,1.9943998319835774,-0.09309270917050672,383.84759208922884,,-7.28968,4.91889
127.6,1.966208826538143,-0.06374074959649301,383.9027005250622,,-7.234619999999992,4.9212
127.7,1.9477323317247524,-0.03418788846521581,383.95712622946735,,-7.18024,4.92343
127.8,1.9422095796242111,-0.004287225388698079,384.01115902136263,,-7.126249999999992,4.92558
127.9,1.945365687518638,0.025518787169684476,384.0651083651955,,-7.07234,4.92764
128.0,1.959279201930207,0.055300523306858196,384.119264939127,,-7.01822,4.92963
128.1,1.9851095022695588,0.08532222475273832,384.17391797563914,,-6.9636,4.93153
128.2,2.021704638710782,0.11502425587350285,384.2293778467173,,-6.908169999999984,4.933350000000001
128.3,2.0680252558762064,0.144895984067694,384.285934312307,,-6.85164,4.93508
128.4,2.1251234500006024,0.17538451344722805,384.3438978016775,,-6.7937,4.93673
128.5,2.1941665381768423,0.2086873043539499,384.403547943337,,-6.73407,4.93828
128.6,2.2728857438234553,0.24189988439062526,384.465195472079,,-6.67244,4.93975
128.7,2.3624616009447847,0.2685134080674221,384.5291401497309,,-6.608509999999981,4.94112
128.8,2.4628227276256944,0.28610881218795026,384.59566246553544,,-6.542,4.9424
128.9,2.5739759434736684,0.2937895908555346,384.6650826657656,,-6.47259,4.94359
129.0,2.6916374023100693,0.29225622044494637,384.7376808489385,,-6.4,4.94468
129.1,2.79094873043526,0.28251120816888875,384.8133673239522,,-6.32432,4.94567
129.2,2.885947298237446,0.2668827775043199,384.891762376092,,-6.245929999999977,4.94656
129.3,2.9755426534661984,0.2484950818776488,384.9727563271007,,-6.16494,4.94736
129.4,3.0619146179940073,0.23121132403385314,385.05620917965825,,-6.08149,4.94805
129.5,3.142885057259062,0.21881244848683323,385.14201120818905,,-5.99569,4.94864
129.6,3.2206228097045195,0.20824109471365837,385.2300425719181,,-5.90766,4.94913
129.7,3.294050645377025,0.19622591193284666,385.3201733729797,,-5.817529999999974,4.94951
129.8,3.3620821206499625,0.18411627505626083,385.41229376865834,,-5.72541,4.94978
129.9,3.425796981802384,0.17216457993106093,385.506283904843,,-5.63142,4.94994
130.0,3.485194851948584,0.16008809486798192,385.60201392364587,,-5.53569,4.95
130.1,3.541355413554282,0.14779395352473568,385.6993639236459,,-5.43834,4.95
130.2,3.592115921159274,0.13592126003191574,385.7982139236459,,-5.339489999999971,4.95
130.3,3.6396363963640375,0.12418766692939975,385.89844392364586,,-5.23926,4.95
130.4,3.681756817568287,0.11211741707984402,385.99993392364587,,-5.13777,4.95
130.5,3.7195571955720763,0.09983698016847509,386.10256392364585,,-5.03514,4.95
130.6,3.753037530375405,0.08766521231647495,386.20621392364586,,-4.93149,4.95
130.7,3.7832778327784435,0.07538536923832861,386.3107539236459,,-4.82694999999997,4.95
130.8,3.808118081180939,0.06344119385253055,386.41607392364585,,-4.72163,4.95
130.9,3.828638286382983,0.05167534192827006,386.52205392364584,,-4.61565,4.95
131.0,3.844838448384662,0.039395498850117505,386.62856392364586,,-4.50914,4.95
131.1,3.856718567185784,0.027171600387343453,386.73548392364586,,-4.40222,4.95
131.2,3.864278642786639,0.014912736539948845,386.84269392364587,,-4.29500999999997,4.95
131.3,3.868598685987002,0.00284618230796152,386.95007392364585,,-4.18763,4.95
131.4,3.866438664386772,-0.009185406539413243,387.05751392364584,,-4.08019,4.95
131.5,3.8610386103862444,-0.02146524961755425,387.1648739236458,,-3.97283,4.95
131.6,3.8513185131852565,-0.033675161926448816,387.2720439236458,,-3.86566,4.95
131.7,3.8361983619837363,-0.04568926808149065,387.37890392364585,,-3.7587999999999697,4.95
131.8,3.818918189181995,-0.057472602698053876,387.4853239236458,,-3.65238,4.95
131.9,3.7951579515796543,-0.06952517077619014,387.5911939236458,,-3.54651,4.95
132.0,3.768157681576968,-0.08172109693126117,387.6963839236458,,-3.44132,4.95
132.1,3.736837368373822,-0.09339953539395651,387.8007739236458,,-3.33693,4.95
132.2,3.701197011970203,-0.10569686116442956,387.90425392364585,,-3.2334499999999706,4.95
132.3,3.660156601566129,-0.11785082885796783,388.0066939236458,,-3.13101,4.95
132.4,3.6158761587616968,-0.129826473089925,388.1079639236458,,-3.02974,4.95
132.5,3.567275672756805,-0.14244198386041607,388.2079639236458,,-2.92974,4.95
132.6,3.514355143551548,-0.15465189616928754,388.3065539236458,,-2.83115,4.95
132.7,3.4549545495455836,-0.16633033463199975,388.4036339236458,,-2.734069999999973,4.95
132.8,3.394473944739586,-0.17836192347939317,388.4990539236458,,-2.63865,4.95
132.9,3.3264332643327177,-0.19071169732677085,388.5927239236458,,-2.54498,4.95
133.0,3.2562325623257156,-0.20261741078950646,388.6844939236458,,-2.45321,4.95
133.1,3.1817118171183,-0.21445319348297165,388.7742639236458,,-2.36344,4.95
133.2,3.102871028710352,-0.22691136002268664,388.8619039236458,,-2.2757999999999754,4.95
133.3,3.0175501755018588,-0.23913875502394433,388.9473039236458,,-2.1904,4.95
133.4,2.93006930069311,-0.2510095031020545,389.03032392364577,,-2.10738,4.95
133.5,2.8371883718837863,-0.26353410387254783,389.11086392364575,,-2.02684,4.95
133.6,2.7399873998740736,-0.2758838777198793,389.18878392364576,,-1.94892,4.95
133.7,2.638466384663895,-0.28742245464411287,389.2639739236458,,-1.873729999999979,4.95
133.8,2.5337053370534304,-0.29922676849149665,389.33630392364574,,-1.8014,4.95
133.9,2.423544235442433,-0.31145416349270416,389.40566392364576,,-1.73204,4.95
134.0,2.3079830798308594,-0.32346826964775266,389.47193392364574,,-1.66577,4.95
134.1,2.1902619026191035,-0.3356781819566139,389.53497392364574,,-1.60273,4.95
134.2,2.0682206822068507,-0.34795802503477535,389.59468392364573,,-1.5430199999999836,4.95
134.3,1.9396993969940288,-0.35998961388219763,389.65094392364574,,-1.48676,4.95
134.4,1.8079380793808484,-0.37475899234520593,389.7036139236457,,-1.43409,4.95
134.5,1.6718567185672317,-0.40447956927125217,389.7525839236457,,-1.38512,4.95
134.6,1.5314553145532028,-0.42424550119624227,389.7977339236457,,-1.33997,4.95
134.7,1.3867338673386707,-0.4051474081174071,389.83894392364573,,-1.298759999999989,4.95
134.8,1.2376923769238113,-0.3570769973434311,389.8760839236457,,-1.26162,4.95
134.9,1.0843308433084726,-0.28967072887514145,389.9090439236457,,-1.22866,4.95
135.0,0.9514895148951773,-0.2116419765596398,389.9377039236457,,-1.2,4.95
135.1,0.9450094500945345,-0.1327111173209612,389.9640639236457,,-1.17364,4.95
135.2,0.9374493744937742,-0.06328734616016596,389.9902239236457,,-1.1474799999999927,4.95
135.3,0.9298892988930191,-0.013206425770560415,390.0161839236457,,-1.12152,4.95
135.4,0.921249212492146,0.006814753462219603,390.04193392364573,,-1.09577,4.95
135.5,0.9147691476915035,-0.007118952308404536,390.06746392364573,,-1.07024,4.95
135.6,0.9061290612906305,-0.021919799617572844,390.09279392364573,,-1.04491,4.95
135.7,0.8985689856898939,-0.022066654232970162,390.11789392364574,,-1.019809999999993,4.95
135.8,0.8910089100891269,-0.02237434961761986,390.14277392364573,,-0.99493,4.95
135.9,0.8823688236882659,-0.022839389233053398,390.1674339236457,,-0.97027,4.95
136.0,0.873728737287405,-0.023391842310035438,390.1918639236457,,-0.94584,4.95
136.1,0.8661686616866472,-0.023769468463918697,390.2160639236457,,-0.92164,4.95
136.2,0.8564485644856693,-0.02409464654087312,390.24003392364574,,-0.8976699999999932,4.95
136.3,0.8488884888849133,-0.024045695002408607,390.2637539236457,,-0.87395,4.95
136.4,0.8391683916839373,-0.024244997694736314,390.2872439236457,,-0.85046,4.95
136.5,0.8305283052830763,-0.024905843464029243,390.3104839236457,,-0.82722,4.95
136.6,0.8218882188822154,-0.02510514615635029,390.33347392364567,,-0.80423,4.95
136.7,0.8132481324813509,-0.02550025500254227,390.35621392364567,,-0.7814899999999936,4.95
136.8,0.8035280352803784,-0.026021239233366966,390.3787039236457,,-0.759,4.95
136.9,0.7938079380794144,-0.026063197694912832,390.40093392364565,,-0.73677,4.95
137.0,0.7840878408784383,-0.026349913848791928,390.42290392364566,,-0.7148,4.95
137.1,0.7754477544775774,-0.026650616156510543,390.4446039236457,,-0.6931,4.95
137.2,0.7646476464764963,-0.027077193848863867,390.46604392364566,,-0.671659999999994,4.95
137.3,0.7560075600756253,-0.02765062615662317,390.48720392364567,,-0.6505,4.95
137.4,0.7462874628746493,-0.028084196925896254,390.5080939236457,,-0.62961,4.95
137.5,0.7354873548735701,-0.028283499618218855,390.5287139236457,,-0.60899,4.95
137.6,0.724687246872491,-0.028587698464395572,390.5490439236457,,-0.58866,4.95
137.7,0.713887138871398,-0.029143648079832607,390.5690939236457,,-0.5686099999999943,4.95
137.8,0.7041670416704358,-0.02922057192599814,390.58885392364573,,-0.54885,4.95
137.9,0.6944469444694717,-0.02903175884905773,390.6083139236457,,-0.52939,4.95
138.0,0.6836468364683925,-0.029199592695227095,390.6274939236457,,-0.51021,4.95
138.1,0.6717667176671983,-0.02972057692604224,390.64637392364574,,-0.49133,4.95
138.2,0.6620466204662245,-0.03043387077227222,390.66494392364575,,-0.4727599999999948,4.95
138.3,0.6512465124651431,-0.030860448464631873,390.6832139236457,,-0.45449,4.95
138.4,0.6393663936639609,-0.031021289233876703,390.7011839236457,,-0.43652,4.95
138.5,0.6285662856628816,-0.031094716541573475,390.7188339236457,,-0.41887,4.95
138.6,0.6166861668616873,-0.03189542384934063,390.7361739236457,,-0.40153,4.95
138.7,0.6058860588606035,-0.032500325003249064,390.7531939236457,,-0.38450999999999524,4.95
138.8,0.5940059400594199,-0.03239542884939872,390.7698939236457,,-0.36781,4.95
138.9,0.5821258212582316,-0.03293039923406682,390.78627392364575,,-0.35143,4.95
139.0,0.5702457024570433,-0.03359124500336208,390.80232392364576,,-0.33538,4.95
139.1,0.557285572855746,-0.03377306500337429,390.81804392364575,,-0.31966,4.95
139.2,0.5464854648546622,-0.03400733308032211,390.83342392364574,,-0.30427999999999567,4.95
139.3,0.5335253352533694,-0.03431502846497392,390.8484739236457,,-0.28923,4.95
139.4,0.5205652056520721,-0.03450034500345267,390.8631839236457,,-0.27452,4.95
139.5,0.5086850868508838,-0.034685661541932755,390.8775439236457,,-0.26016,4.95
139.6,0.4968049680496985,-0.03499335692657335,390.8915539236457,,-0.24615,4.95
139.7,0.48276482764828915,-0.03522762500352128,390.9052239236457,,-0.2324799999999962,4.95
139.8,0.47088470884710365,-0.035409445003546036,390.91853392364567,,-0.21917,4.95
139.9,0.45792457924580626,-0.03607029077284196,390.93148392364566,,-0.20622,4.95
140.0,0.4449644496445089,-0.036605261157510394,390.94407392364565,,-0.19363,4.95
140.1,0.4320043200432145,-0.03662624038827522,390.95630392364563,,-0.1814,4.95
140.2,0.41796417964180427,-0.03707379731139715,390.96816392364565,,-0.1695399999999967,4.95
140.3,0.4050040500405136,-0.037626250388381854,390.9796539236456,,-0.15805,4.95
140.4,0.3909639096391101,-0.03789548384994623,390.99077392364563,,-0.14693,4.95
140.5,0.37800378003781265,-0.03809478654227372,391.00151392364563,,-0.13619,4.95
140.6,0.36396363963640765,-0.03818569654227677,391.0118739236456,,-0.12583,4.95
140.7,0.34992349923500043,-0.038790597696184925,391.02184392364563,,-0.11585999999999724,4.95
140.8,0.33588335883359915,-0.039521374234726125,391.03143392364564,,-0.10627,4.95
140.9,0.32184321843219565,-0.03989900038860894,391.04063392364566,,-0.09707,4.95
141.0,0.30780307803079066,-0.04004585500400787,391.04943392364567,,-0.08827,4.95
141.1,0.292682926829278,-0.040175226927091134,391.0578439236457,,-0.07986,4.95
141.2,0.2775627756277626,-0.04050040500404822,391.0658539236457,,-0.0718499999999978,4.95
141.3,0.2635226352263611,-0.04082558308101086,391.07345392364573,,-0.06425,4.95
141.4,0.24948249482495607,-0.041080830388727896,391.0806439236457,,-0.05706,4.95
141.5,0.23436234362344424,-0.04107034077334171,391.08743392364573,,-0.05027,4.95
141.6,0.2192421924219316,-0.04132558808105247,391.09380392364574,,-0.0439,4.95
141.7,0.2041220412204145,-0.04184307577341306,391.0997539236457,,-0.03794999999999839,4.95
141.8,0.18900189001890633,-0.04242699769655553,391.1052939236457,,-0.03241,4.95
141.9,0.17388173881739372,-0.04290602346583347,391.1104039236457,,-0.0273,4.95
142.0,0.15876158761588147,-0.04317525692739832,391.1150839236457,,-0.02262,4.95
142.1,0.14256142561426083,-0.04364029654282206,391.11933392364574,,-0.01837,4.95
142.2,0.1274412744127436,-0.04410533615825449,391.12315392364576,,-0.014549999999998994,4.95
142.3,0.11016110161101961,-0.044500445004455325,391.1265439236458,,-0.01116,4.95
142.4,0.09504095040950707,-0.045007443081428164,391.1294839236458,,-0.00822,4.95
142.5,0.07884078840788664,-0.04687809115853789,391.1319839236458,,-0.00572,4.95
142.6,0.06264062640626607,-0.047818660004778656,391.1340339236458,,-0.00367,4.95
142.7,0.046440464404641814,-0.0445808653890703,391.1356339236458,,-0.0020699999999996333,4.95
142.8,0.03024030240302498,-0.038496888465391954,391.1367839236458,,-0.00092,4.95
142.9,0.01404014040140446,-0.030489815387666687,391.1374739236458,,-0.00023,4.95
143.0,0.0,-0.021290422694437965,391.1377039236458,,0.0,4.95
143.1,0.0,-0.009825273077906508,391.1377039236458,,0.0,4.95
143.2,0.0,-0.0014965184616874993,391.1377039236458,,0.0,4.95
143.3,0.0,0.0,391.1377039236458,,0.0,4.95
143.4,0.0,0.0,391.1377039236458,,0.0,4.95
143.5,0.0,0.0,391.1377039236458,,0.0,4.95
143.6,0.0,0.0,391.1377039236458,,0.0,4.95
143.7,0.0,0.0,391.1377039236458,,0.0,4.95
143.8,0.0,0.0,391.1377039236458,,0.0,4.95
143.9,0.0,0.0,391.1377039236458,,0.0,4.95
144.0,0.0,0.0,391.1377039236458,,0.0,4.95
144.1,0.0,0.0,391.1377039236458,,0.0,4.95
144.2,0.0,0.0,391.1377039236458,,0.0,4.95
144.3,0.0,0.0,391.1377039236458,,0.0,4.95
144.4,0.0,0.0,391.1377039236458,,0.0,4.95
144.5,0.0,0.0,391.1377039236458,,0.0,4.95
144.6,0.0,0.0,391.1377039236458,,0.0,4.95
144.7,0.0,0.0,391.1377039236458,,0.0,4.95
144.8,0.0,0.0,391.1377039236458,,0.0,4.95
144.9,0.0,0.0,391.1377039236458,,0.0,4.95
145.0,0.0,0.0,391.1377039236458,,0.0,4.95
145.1,0.0,0.0,391.1377039236458,,0.0,4.95
145.2,0.0,0.0,391.1377039236458,,0.0,4.95
145.3,0.0,0.0,391.1377039236458,,0.0,4.95
145.4,0.0,0.0,391.1377039236458,,0.0,4.95
145.5,0.0,0.0,391.1377039236458,,0.0,4.95
145.6,0.0,0.0,391.1377039236458,,0.0,4.95
145.7,0.0,0.0,391.1377039236458,,0.0,4.95
145.8,0.0,0.0,391.1377039236458,,0.0,4.95
145.9,0.0,0.0,391.1377039236458,,0.0,4.95
146.0,0.0,0.0,391.1377039236458,,0.0,4.95
146.1,0.0,0.0,391.1377039236458,,0.0,4.95
146.2,0.0,0.0,391.1377039236458,,0.0,4.95
146.3,0.0,0.0,391.1377039236458,,0.0,4.95
146.4,0.0,0.0,391.1377039236458,,0.0,4.95
146.5,0.0,0.0,391.1377039236458,,0.0,4.95
146.6,0.0,0.0,391.1377039236458,,0.0,4.95
146.7,0.0,0.0,391.1377039236458,,0.0,4.95
146.8,0.0,0.0,391.1377039236458,,0.0,4.95
146.9,0.0,0.0,391.1377039236458,,0.0,4.95
147.0,0.0,0.0,391.1377039236458,,0.0,4.95
147.1,0.0,0.0,391.1377039236458,,0.0,4.95
147.2,0.0,0.0,391.1377039236458,,0.0,4.95
147.3,0.0,0.0,391.1377039236458,,0.0,4.95
147.4,0.0,0.0,391.1377039236458,,0.0,4.95
147.5,0.0,0.0,391.1377039236458,,0.0,4.95
147.6,0.0,0.0,391.1377039236458,,0.0,4.95
147.7,0.0,0.0,391.1377039236458,,0.0,4.95
147.8,0.0,0.0,391.1377039236458,,0.0,4.95
147.9,0.0,0.0,391.1377039236458,,0.0,4.95
148.0,0.0,0.0,391.1377039236458,,0.0,4.95
148.1,0.0,0.0,391.1377039236458,,0.0,4.95
148.2,0.0,0.0,391.1377039236458,,0.0,4.95
148.3,0.0,0.0,391.1377039236458,,0.0,4.95
148.4,0.0,0.0,391.1377039236458,,0.0,4.95
148.5,0.0,0.0,391.1377039236458,,0.0,4.95
148.6,0.0,0.0,391.1377039236458,,0.0,4.95
148.7,0.0,0.0,391.1377039236458,,0.0,4.95
148.8,0.0,0.0,391.1377039236458,,0.0,4.95
148.9,0.0,0.0,391.1377039236458,,0.0,4.95
149.0,0.0,0.0,391.1377039236458,,0.0,4.95
149.1,0.0,0.0,391.1377039236458,,0.0,4.95
149.2,0.0,0.0,391.1377039236458,,0.0,4.95
149.3,0.0,0.0,391.1377039236458,,0.0,4.95
149.4,0.0,0.0,391.1377039236458,,0.0,4.95
149.5,0.0,0.0,391.1377039236458,,0.0,4.95
149.6,0.0,0.0,391.1377039236458,,0.0,4.95
149.7,0.0,0.0,391.1377039236458,,0.0,4.95
149.8,0.0,0.0,391.1377039236458,,0.0,4.95
149.9,0.0,0.0,391.1377039236458,,0.0,4.95
150.0,0.0,0.0,391.1377039236458,,0.0,4.95
150.1,0.0,0.0,391.1377039236458,,0.0,4.95
150.2,0.0,0.0,391.1377039236458,,0.0,4.95
150.3,0.0,0.0,391.1377039236458,,0.0,4.95
150.4,0.0,0.0,391.1377039236458,,0.0,4.95
150.5,0.0,0.0,391.1377039236458,,0.0,4.95
150.6,0.0,0.0,391.1377039236458,,0.0,4.95
150.7,0.0,0.0,391.1377039236458,,0.0,4.95
150.8,0.0,0.0,391.1377039236458,,0.0,4.95
150.9,0.0,0.0,391.1377039236458,,0.0,4.95
151.0,0.0,0.0,391.1377039236458,,0.0,4.95
151.1,0.0,0.0,391.1377039236458,,0.0,4.95
151.2,0.0,0.0,391.1377039236458,,0.0,4.95
151.3,0.0,0.0,391.1377039236458,,0.0,4.95
151.4,0.0,0.0,391.1377039236458,,0.0,4.95
151.5,0.0,0.0,391.1377039236458,,0.0,4.95
151.6,0.0,0.0,391.1377039236458,,0.0,4.95
151.7,0.0,0.0,391.1377039236458,,0.0,4.95
151.8,0.0,0.0,391.1377039236458,,0.0,4.95
151.9,0.0,0.0,391.1377039236458,,0.0,4.95
152.0,0.0,0.0,391.1377039236458,,0.0,4.95
152.1,0.0,0.0,391.1377039236458,,0.0,4.95
152.2,0.0,0.0,391.1377039236458,,0.0,4.95
152.3,0.0,0.0,391.1377039236458,,0.0,4.95
152.4,0.0,0.0,391.1377039236458,,0.0,4.95
152.5,0.0,0.0,391.1377039236458,,0.0,4.95
152.6,0.0,0.0,391.1377039236458,,0.0,4.95
152.7,0.0,0.0,391.1377039236458,,0.0,4.95
152.8,0.0,0.0,391.1377039236458,,0.0,4.95
152.9,0.0,0.0,391.1377039236458,,0.0,4.95
153.0,0.0,0.0,391.1377039236458,,0.0,4.95
153.1,0.0,0.0,391.1377039236458,,0.0,4.95
153.2,0.0,0.0,391.1377039236458,,0.0,4.95
153.3,0.0,0.0,391.1377039236458,,0.0,4.95
153.4,0.0,0.0,391.1377039236458,,0.0,4.95
153.5,0.0,0.0,391.1377039236458,,0.0,4.95
153.6,0.0,0.0,391.1377039236458,,0.0,4.95
153.7,0.0,0.0,391.1377039236458,,0.0,4.95
153.8,0.0,0.02533941423331602,391.1377039236458,,0.0,4.95
153.9,0.0,0.08820018270115004,391.1377039236458,,0.0,4.95
154.0,0.0183601836018366,0.153847692323064,391.1377039236458,,0.0,4.95
154.1,0.1242012420124526,0.20671885040528373,391.1391839236458,,0.0014800000000009805,4.95
154.2,0.2246422464225008,0.24964934964037774,391.1435739236458,,0.005870000000001774,4.95
154.3,0.3240032400324103,0.27585240887376966,391.1507539236458,,0.01305,4.95
154.4,0.4190441904419178,0.27906922425870023,391.16063392364583,,0.02293,4.95
154.5,0.5097650976509929,0.25903755541049933,391.17312392364585,,0.03542,4.95
154.6,0.5972459724597684,0.2387051842546173,391.1881039236458,,0.05040000000000472,4.95
154.7,0.6814868148681936,0.22828899617670206,391.20548392364583,,0.06778000000000539,4.95
154.8,0.761407614076165,0.21821197232954026,391.2251739236458,,0.08747,4.95
154.9,0.8391683916839433,0.20852656079010057,391.2470539236458,,0.10935,4.95
155.0,0.9126091260912881,0.19846701963521385,391.2710339236458,,0.13333,4.95
155.1,0.9806498064981167,0.18833754771112354,391.29702392364584,,0.15932000000000773,4.95
155.2,1.047610476104811,0.17819059309476337,391.3249039236458,,0.18720000000000828,4.95
155.3,1.1102511025110613,0.16795272847835552,391.3545839236458,,0.21688,4.95
155.4,1.1685716857168937,0.1583372477081555,391.3859739236458,,0.24827,4.95
155.5,1.2236522365224047,0.14870428424562676,391.4189539236458,,0.28125,4.95
155.6,1.275492754927603,0.13828809616766247,391.45343392364583,,0.31573000000001006,4.95
155.7,1.3230132301323612,0.12821107232052986,391.4893239236458,,0.3516200000000104,4.95
155.8,1.3683736837368823,0.11852566078109827,391.5265039236458,,0.3888,4.95
155.9,1.4094140941409865,0.10846611962623931,391.5648839236458,,0.42718,4.95
156.0,1.4450544505445515,0.09833664770212946,391.6043739236458,,0.46667,4.95
156.1,1.4796147961480224,0.08818969308572999,391.6448539236458,,0.5071500000000116,4.95
156.2,1.50985509855104,0.07795182846934257,391.68623392364583,,0.5485300000000118,4.95
156.3,1.5357753577536273,0.06833634769915031,391.72842392364583,,0.59072,4.95
156.4,1.5584555845558887,0.05870338423664423,391.77130392364586,,0.6336,4.95
156.5,1.577895778957841,0.048287196158671275,391.81478392364585,,0.67708,4.95
156.6,1.593015930159361,0.038210172311508916,391.85877392364586,,0.7210700000000125,4.95
156.7,1.6059760597606556,0.02852476077208843,391.90315392364585,,0.7654500000000126,4.95
156.8,1.6146161461615147,0.01846521961723324,391.9478339236458,,0.81013,4.95
156.9,1.6178561785618362,0.008335747693135165,391.9927239236458,,0.85502,4.95
157.0,1.6200162001620544,-0.0018112069232616435,392.03770392364584,,0.9,4.95
157.1,1.6178561785618344,-0.012049071539669942,392.08268392364585,,0.9449800000000128,4.95
157.2,1.6113761137611906,-0.02166455230986042,392.12757392364585,,0.9898700000000128,4.95
157.3,1.6016560165602054,-0.03129751577236073,392.1722539236458,,1.03455,4.95
157.4,1.5886958869589198,-0.04171370385033413,392.2166339236458,,1.07893,4.95
157.5,1.571415714157198,-0.051790727697486716,392.2606239236458,,1.12292,4.95
157.6,1.5519755197552385,-0.06147613923691164,392.3041039236458,,1.1664000000000123,4.95
157.7,1.528215282152873,-0.07153568039177616,392.34698392364584,,1.209280000000012,4.95
157.8,1.4990549905499413,-0.08166515231587024,392.38917392364584,,1.25147,4.95
157.9,1.4688146881469102,-0.09181210693226838,392.43055392364585,,1.29285,4.95
158.0,1.4342543425434902,-0.10204997154865803,392.47103392364585,,1.33333,4.95
158.1,1.395373953739574,-0.11166545231885205,392.51052392364585,,1.372820000000011,4.95
158.2,1.3532535325353485,-0.12129841578137546,392.54890392364587,,1.4112000000000107,4.95
158.3,1.3078930789308376,-0.13171460385934552,392.58608392364584,,1.44838,4.95
158.4,1.2582125821258543,-0.14179162770650744,392.62197392364584,,1.48427,4.95
158.5,1.206372063720665,-0.1514770392459066,392.6564539236458,,1.51875,4.95
158.6,1.150211502115045,-0.16153658040075602,392.6894339236458,,1.5517300000000092,4.95
158.7,1.0886508865088687,-0.17166605232487875,392.7208239236458,,1.5831200000000087,4.95
158.8,1.0260102601026404,-0.18181300694128022,392.7505039236458,,1.6128,4.95
158.9,0.9590495904959351,-0.19205087155768652,392.7783839236458,,1.64068,4.95
159.0,0.8877688776887935,-0.2016663523278477,392.80437392364576,,1.66667,4.95
159.1,0.8132481324813333,-0.21129931579034444,392.82835392364575,,1.6906500000000064,4.95
159.2,0.735487354873548,-0.22171550386834893,392.85023392364576,,1.7125300000000059,4.95
159.3,0.6534065340653493,-0.23179252771551795,392.86992392364573,,1.73222,4.95
159.4,0.5691656916569222,-0.2436178207936146,392.88730392364573,,1.7496,4.95
159.5,0.48060480604808276,-0.26598168079580575,392.9022839236457,,1.76458,4.95
159.6,0.38664386643866583,-0.28148882887428245,392.9147739236457,,1.777070000000003,4.95
159.7,0.29160291602913374,-0.2697964042577696,392.92465392364574,,1.7869500000000023,4.95
159.8,0.19224192241921867,-0.23730656886990276,392.93183392364574,,1.79413,4.95
159.9,0.08856088560886352,-0.19022218194211193,392.93622392364574,,1.79852,4.95
160.0,0.0,-0.13508177039811553,392.93770392364576,,1.8,4.95
160.1,0.0,-0.06381882000635894,392.93770392364576,,1.8,4.95
160.2,0.0,-0.01060150461644531,392.93770392364576,,1.8,4.95
160.3,0.0,0.0,392.93770392364576,,1.8,4.95
160.4,0.0,0.0,392.93770392364576,,1.8,4.95
160.5,0.0,0.0,392.93770392364576,,1.8,4.95
160.6,0.0,0.0,392.93770392364576,,1.8,4.95
160.7,0.0,0.0,392.93770392364576,,1.8,4.95
160.8,0.0,0.0,392.93770392364576,,1.8,4.95
160.9,0.0,0.0,392.93770392364576,,1.8,4.95
161.0,0.0,0.0,392.93770392364576,,1.8,4.95
161.1,0.0,0.0,392.93770392364576,,1.8,4.95
161.2,0.0,0.0,392.93770392364576,,1.8,4.95
161.3,0.0,0.0,392.93770392364576,,1.8,4.95
161.4,0.0,0.0,392.93770392364576,,1.8,4.95
161.5,0.0,0.0,392.93770392364576,,1.8,4.95
161.6,0.0,0.0,392.93770392364576,,1.8,4.95
161.7,0.0,0.0,392.93770392364576,,1.8,4.95
161.8,0.0,0.0,392.93770392364576,,1.8,4.95
161.9,0.0,0.0,392.93770392364576,,1.8,4.95
162.0,0.0,0.0,392.93770392364576,,1.8,4.95
162.1,0.0,0.0,392.93770392364576,,1.8,4.95
162.2,0.0,0.0,392.93770392364576,,1.8,4.95
162.3,0.0,0.0,392.93770392364576,,1.8,4.95
162.4,0.0,0.0,392.93770392364576,,1.8,4.95
162.5,0.0,0.0,392.93770392364576,,1.8,4.95
162.6,0.0,0.0,392.93770392364576,,1.8,4.95
162.7,0.0,0.0,392.93770392364576,,1.8,4.95
162.8,0.0,0.0,392.93770392364576,,1.8,4.95
162.9,0.0,0.0,392.93770392364576,,1.8,4.95
163.0,0.0,0.0,392.93770392364576,,1.8,4.95
163.1,0.0,0.0,392.93770392364576,,1.8,4.95
163.2,0.0,0.0,392.93770392364576,,1.8,4.95
163.3,0.0,0.0,392.93770392364576,,1.8,4.95
163.4,0.0,0.0,392.93770392364576,,1.8,4.95
163.5,0.0,0.0,392.93770392364576,,1.8,4.95
163.6,0.0,0.0,392.93770392364576,,1.8,4.95
163.7,0.0,0.0,392.93770392364576,,1.8,4.95
163.8,0.0,0.0,392.93770392364576,,1.8,4.95
163.9,0.0,0.0,392.93770392364576,,1.8,4.95
164.0,0.0,0.0,392.93770392364576,,1.8,4.95
164.1,0.0,0.0,392.93770392364576,,1.8,4.95
164.2,0.0,0.0,392.93770392364576,,1.8,4.95
164.3,0.0,0.0,392.93770392364576,,1.8,4.95
164.4,0.0,0.0,392.93770392364576,,1.8,4.95
164.5,0.0,0.0,392.93770392364576,,1.8,4.95
164.6,0.0,0.0,392.93770392364576,,1.8,4.95
164.7,0.0,0.0,392.93770392364576,,1.8,4.95
164.8,0.0,0.0,392.93770392364576,,1.8,4.95
164.9,0.0,0.0,392.93770392364576,,1.8,4.95
165.0,0.0,0.0,392.93770392364576,,1.8,4.95
165.1,0.0,0.0,392.93770392364576,,1.8,4.95
165.2,0.0,0.0,392.93770392364576,,1.8,4.95
165.3,0.0,0.0,392.93770392364576,,1.8,4.95
165.4,0.0,0.0,392.93770392364576,,1.8,4.95
165.5,0.0,0.0,392.93770392364576,,1.8,4.95
165.6,0.0,0.0,392.93770392364576,,1.8,4.95
165.7,0.0,0.0,392.93770392364576,,1.8,4.95
165.8,0.0,0.0,392.93770392364576,,1.8,4.95
165.9,0.0,0.0,392.93770392364576,,1.8,4.95
166.0,0.0,0.0,392.93770392364576,,1.8,4.95
166.1,0.0,0.0,392.93770392364576,,1.8,4.95
166.2,0.0,0.0,392.93770392364576,,1.8,4.95
166.3,0.0,0.0,392.93770392364576,,1.8,4.95
166.4,0.0,0.0,392.93770392364576,,1.8,4.95
166.5,0.0,0.0,392.93770392364576,,1.8,4.95
166.6,0.0,0.0,392.93770392364576,,1.8,4.95
166.7,0.0,0.0,392.93770392364576,,1.8,4.95
166.8,0.0,0.0,392.93770392364576,,1.8,4.95
166.9,0.0,0.0,392.93770392364576,,1.8,4.95
167.0,0.0,0.0,392.93770392364576,,1.8,4.95
167.1,0.0,0.0,392.93770392364576,,1.8,4.95
167.2,0.0,0.0,392.93770392364576,,1.8,4.95
167.3,0.0,0.0,392.93770392364576,,1.8,4.95
167.4,0.0,0.0,392.93770392364576,,1.8,4.95
167.5,0.0,0.0,392.93770392364576,,1.8,4.95
167.6,0.0,0.0,392.93770392364576,,1.8,4.95
167.7,0.0,0.0,392.93770392364576,,1.8,4.95
167.8,0.0,0.0,392.93770392364576,,1.8,4.95
167.9,0.0,0.0,392.93770392364576,,1.8,4.95
168.0,0.0,0.0,392.93770392364576,,1.8,4.95
168.1,0.0,0.0,392.93770392364576,,1.8,4.95
168.2,0.0,0.0,392.93770392364576,,1.8,4.95
168.3,0.0,0.0,392.93770392364576,,1.8,4.95
168.4,0.0,0.0,392.93770392364576,,1.8,4.95
168.5,0.0,0.0,392.93770392364576,,1.8,4.95
168.6,0.0,0.0,392.93770392364576,,1.8,4.95
168.7,0.0,0.0,392.93770392364576,,1.8,4.95
168.8,0.0,0.0,392.93770392364576,,1.8,4.95
168.9,0.0,0.0,392.93770392364576,,1.8,4.95
169.0,0.0,0.0,392.93770392364576,,1.8,4.95
169.1,0.0,0.0,392.93770392364576,,1.8,4.95
169.2,0.0,0.0,392.93770392364576,,1.8,4.95
169.3,0.0,0.0,392.93770392364576,,1.8,4.95
169.4,0.0,0.0,392.93770392364576,,1.8,4.95
169.5,0.0,0.0,392.93770392364576,,1.8,4.95
169.6,0.0,0.0,392.93770392364576,,1.8,4.95
169.7,0.0,0.0,392.93770392364576,,1.8,4.95
169.8,0.0,0.0,392.93770392364576,,1.8,4.95
169.9,0.0,0.0,392.93770392364576,,1.8,4.95
170.0,0.0,0.0,392.93770392364576,,1.8,4.95
170.1,0.0,0.0,392.93770392364576,,1.8,4.95
170.2,0.0,0.0,392.93770392364576,,1.8,4.95
170.3,0.0,0.0,392.93770392364576,,1.8,4.95
170.4,0.0,0.0,392.93770392364576,,1.8,4.95
170.5,0.0,0.0,392.93770392364576,,1.8,4.95
170.6,0.0,0.0,392.93770392364576,,1.8,4.95
170.7,0.0,0.0,392.93770392364576,,1.8,4.95
170.8,0.0,0.0,392.93770392364576,,1.8,4.95
170.9,0.0,0.0,392.93770392364576,,1.8,4.95
171.0,0.0,0.0,392.93770392364576,,1.8,4.95
171.1,0.0,0.0,392.93770392364576,,1.8,4.95
171.2,0.0,0.0,392.93770392364576,,1.8,4.95
171.3,0.0,0.0,392.93770392364576,,1.8,4.95
171.4,0.0,0.0,392.93770392364576,,1.8,4.95
171.5,0.0,0.0,392.93770392364576,,1.8,4.95
171.6,0.0,0.0,392.93770392364576,,1.8,4.95
171.7,0.0,0.0,392.93770392364576,,1.8,4.95
171.8,0.0,0.0,392.93770392364576,,1.8,4.95
171.9,0.0,0.0,392.93770392364576,,1.8,4.95
172.0,0.0,0.0,392.93770392364576,,1.8,4.95
172.1,0.0,0.0,392.93770392364576,,1.8,4.95
172.2,0.0,0.0,392.93770392364576,,1.8,4.95
172.3,0.0,0.0,392.93770392364576,,1.8,4.95
172.4,0.0,0.0,392.93770392364576,,1.8,4.95
172.5,0.0,0.0,392.93770392364576,,1.8,4.95
172.6,0.0,0.0,392.93770392364576,,1.8,4.95
172.7,0.0,0.0,392.93770392364576,,1.8,4.95
172.8,0.0,0.0,392.93770392364576,,1.8,4.95
172.9,0.0,0.0,392.93770392364576,,1.8,4.95
173.0,0.0,0.0,392.93770392364576,,1.8,4.95
173.1,0.0,0.0,392.93770392364576,,1.8,4.95
173.2,0.0,0.0,392.93770392364576,,1.8,4.95
173.3,0.0,0.0,392.93770392364576,,1.8,4.95
173.4,0.0,0.0,392.93770392364576,,1.8,4.95
173.5,0.0,0.0,392.93770392364576,,1.8,4.95
173.6,0.0,0.0,392.93770392364576,,1.8,4.95
173.7,0.0,0.0,392.93770392364576,,1.8,4.95
173.8,0.0,0.0,392.93770392364576,,1.8,4.95
173.9,0.0,0.0,392.93770392364576,,1.8,4.95
174.0,0.0,0.0,392.93770392364576,,1.8,4.95
174.1,0.0,0.0,392.93770392364576,,1.8,4.95
174.2,0.0,0.0,392.93770392364576,,1.8,4.95
174.3,0.0,0.0,392.93770392364576,,1.8,4.95
174.4,0.0,0.0,392.93770392364576,,1.8,4.95
174.5,0.0,0.0,392.93770392364576,,1.8,4.95
174.6,0.0,0.0,392.93770392364576,,1.8,4.95
174.7,0.0,0.0,392.93770392364576,,1.8,4.95
174.8,0.0,0.0,392.93770392364576,,1.8,4.95
174.9,0.0,0.0,392.93770392364576,,1.8,4.95
175.0,0.0,0.0,392.93770392364576,,1.8,4.95
175.1,0.0,0.0,392.93770392364576,,1.8,4.95
175.2,0.0,0.0,392.93770392364576,,1.8,4.95
175.3,0.0,0.0,392.93770392364576,,1.8,4.95
175.4,0.0,0.0,392.93770392364576,,1.8,4.95
175.5,0.0,0.0,392.93770392364576,,1.8,4.95
175.6,0.0,0.0,392.93770392364576,,1.8,4.95
175.7,0.0,0.0,392.93770392364576,,1.8,4.95
175.8,0.0,0.0,392.93770392364576,,1.8,4.95
175.9,0.0,0.0,392.93770392364576,,1.8,4.95
176.0,0.0,0.0,392.93770392364576,,1.8,4.95
176.1,0.0,0.0,392.93770392364576,,1.8,4.95
176.2,0.0,0.0,392.93770392364576,,1.8,4.95
176.3,0.0,0.0,392.93770392364576,,1.8,4.95
176.4,0.0,0.0,392.93770392364576,,1.8,4.95
176.5,0.0,0.0,392.93770392364576,,1.8,4.95
176.6,0.0,0.0,392.93770392364576,,1.8,4.95
176.7,0.0,0.0,392.93770392364576,,1.8,4.95
176.8,0.0,0.0,392.93770392364576,,1.8,4.95
176.9,0.0,0.0,392.93770392364576,,1.8,4.95
177.0,0.0,0.0,392.93770392364576,,1.8,4.95
177.1,0.0,0.0,392.93770392364576,,1.8,4.95
177.2,0.0,0.0,392.93770392364576,,1.8,4.95
177.3,0.0,0.0,392.93770392364576,,1.8,4.95
177.4,0.0,0.0,392.93770392364576,,1.8,4.95
177.5,0.0,0.0,392.93770392364576,,1.8,4.95
177.6,0.0,0.0,392.93770392364576,,1.8,4.95
177.7,0.0,0.0,392.93770392364576,,1.8,4.95
177.8,0.0,0.0,392.93770392364576,,1.8,4.95
177.9,0.0,0.0,392.93770392364576,,1.8,4.95
178.0,0.0,0.0,392.93770392364576,,1.8,4.95
