t,speed_kmh,acceleration_m_s2,distance_m,related_center_distance_m,x,y
0.0,0.0,0.0,0.0,29.002111992060165,-170.05,148.0
0.1,0.0,0.0,0.0,29.002111992060165,-170.05,148.0
0.2,0.0,0.0,0.0,29.002111992060165,-170.05,148.0
0.3,0.0,0.0,0.0,29.002111992060165,-170.05,148.0
0.4,0.0,0.0,0.0,29.002111992060165,-170.05,148.0
0.5,0.0,0.0,0.0,29.002111992060165,-170.05,148.0
0.6,0.0,0.0,0.0,29.002111992060165,-170.05,148.0
0.7,0.0,0.0,0.0,29.002111992060165,-170.05,148.0
0.8,0.0,0.0,0.0,29.002111992060165,-170.05,148.0
0.9,0.0,0.0,0.0,29.002111992060165,-170.05,148.0
1.0,0.0,0.0,0.0,29.002111992060165,-170.05,148.0
1.1,0.0,0.0,0.0,29.002111992060165,-170.05,148.0
1.2,0.0,0.0,0.0,29.002111992060165,-170.05,148.0
1.3,0.0,0.0,0.0,29.002111992060165,-170.05,148.0
1.4,0.0,0.0,0.0,29.002111992060165,-170.05,148.0
1.5,0.0,0.0,0.0,29.002111992060165,-170.05,148.0
1.6,0.0,0.0,0.0,29.002111992060165,-170.05,148.0
1.7,0.0,0.0,0.0,29.002111992060165,-170.05,148.0
1.8,0.0,0.0,0.0,29.002111992060165,-170.05,148.0
1.9,0.0,0.0,0.0,29.002111992060165,-170.05,148.0
2.0,0.0,0.0,0.0,29.002111992060165,-170.05,148.0
2.1,0.0,0.0,0.0,29.002111992060165,-170.05,148.0
2.2,0.0,0.0,0.0,29.002111992060165,-170.05,148.0
2.3,0.0,0.0,0.0,29.002111992060165,-170.05,148.0
2.4,0.0,0.0,0.0,29.002111992060165,-170.05,148.0
2.5,0.0,0.0,0.0,29.002111992060165,-170.05,148.0
2.6,0.0,0.0,0.0,29.002111992060165,-170.05,148.0
2.7,0.0,0.0,0.0,29.002111992060165,-170.05,148.0
2.8,0.0,0.0,0.0,29.002111992060165,-170.05,148.0
2.9,0.0,0.0,0.0,29.002111992060165,-170.05,148.0
3.0,0.0,0.0,0.0,29.002111992060165,-170.05,148.0
3.1,0.0,0.0,0.0,29.002111992060165,-170.05,148.0
3.2,0.0,0.0,0.0,29.002111992060165,-170.05,148.0
3.3,0.0,0.0,0.0,29.002111992060165,-170.05,148.0
3.4,0.0,0.0,0.0,29.002111992060165,-170.05,148.0
3.5,0.0,0.0,0.0,29.002111992060165,-170.05,148.0
3.6,0.0,0.0,0.0,29.002111992060165,-170.05,148.0
3.7,0.0,0.0,0.0,29.002111992060165,-170.05,148.0
3.8,0.0,0.0,0.0,29.002111992060165,-170.05,148.0
3.9,0.0,0.0,0.0,29.002111992060165,-170.05,148.0
4.0,0.0,0.0,0.0,29.002111992060165,-170.05,148.0
4.1,0.0,0.0,0.0,29.002111992060165,-170.05,148.0
4.2,0.0,0.0,0.0,29.002111992060165,-170.05,148.0
4.3,0.0,0.0,0.0,29.002111992060165,-170.05,148.0
4.4,0.0,0.0,0.0,29.002111992060165,-170.05,148.0
4.5,0.0,0.0,0.0,29.002111992060165,-170.05,148.0
4.6,0.0,0.0,0.0,29.002111992060165,-170.05,148.0
4.7,0.0,0.0,0.0,29.002111992060165,-170.05,148.0
4.8,0.0,0.0,0.0,29.002111992060165,-170.05,148.0
4.9,0.0,0.0,0.0,29.002111992060165,-170.05,148.0
5.0,0.0,0.0,0.0,29.002111992060165,-170.05,148.0
5.1,0.0,0.0,0.0,29.002111992060165,-170.05,148.0
5.2,0.0,0.0,0.0,29.002111992060165,-170.05,148.0
5.3,0.0,0.0,0.0,29.002111992060165,-170.05,148.0
5.4,0.0,0.0,0.0,29.002111992060165,-170.05,148.0
5.5,0.0,0.0,0.0,29.002111992060165,-170.05,148.0
5.6,0.0,0.0,0.0,29.002111992060165,-170.05,148.0
5.7,0.0,0.0,0.0,29.002111992060165,-170.05,148.0
5.8,0.0,0.0,0.0,29.002111992060165,-170.05,148.0
5.9,0.0,0.0,0.0,29.002111992060165,-170.05,148.0
6.0,0.0,0.0,0.0,29.002111992060165,-170.05,148.0
6.1,0.0,0.0,0.0,29.002111992060165,-170.05,148.0
6.2,0.0,0.0,0.0,29.002111992060165,-170.05,148.0
6.3,0.0,0.0,0.0,29.002111992060165,-170.05,148.0
6.4,0.0,0.0,0.0,29.002111992060165,-170.05,148.0
6.5,0.0,0.0,0.0,29.002111992060165,-170.05,148.0
6.6,0.0,0.0,0.0,29.002111992060165,-170.05,148.0
6.7,0.0,0.0,0.0,29.002111992060165,-170.05,148.0
6.8,0.0,0.0,0.0,29.002111992060165,-170.05,148.0
6.9,0.0,0.0,0.0,29.002111992060165,-170.05,148.0
7.0,0.0,0.0,0.0,29.002111992060165,-170.05,148.0
7.1,0.0,0.0,0.0,29.002111992060165,-170.05,148.0
7.2,0.0,0.0,0.0,29.002111992060165,-170.05,148.0
7.3,0.0,0.0,0.0,29.002111992060165,-170.05,148.0
7.4,0.0,0.0,0.0,29.002111992060165,-170.05,148.0
7.5,0.0,0.0,0.0,29.002111992060165,-170.05,148.0
7.6,0.0,0.0,0.0,29.002111992060165,-170.05,148.0
7.7,0.0,0.0,0.0,29.002111992060165,-170.05,148.0
7.8,0.0,0.0,0.0,29.002111992060165,-170.05,148.0
7.9,0.0,0.0,0.0,29.002111992060165,-170.05,148.0
8.0,0.0,0.0,0.0,29.002111992060165,-170.05,148.0
8.1,0.0,0.0,0.0,29.002111992060165,-170.05,148.0
8.2,0.0,0.0,0.0,29.002111992060165,-170.05,148.0
8.3,0.0,0.0,0.0,29.002111992060165,-170.05,148.0
8.4,0.0,0.0,0.0,29.002111992060165,-170.05,148.0
8.5,0.0,0.0,0.0,29.002111992060165,-170.05,148.0
8.6,0.0,0.0,0.0,29.002111992060165,-170.05,148.0
8.7,0.0,0.0,0.0,29.002111992060165,-170.05,148.0
8.8,0.0,0.0,0.0,29.002111992060165,-170.05,148.0
8.9,0.0,0.0,0.0,29.002111992060165,-170.05,148.0
9.0,0.0,0.0,0.0,29.002111992060165,-170.05,148.0
9.1,0.0,0.0,0.0,29.002111992060165,-170.05,148.0
9.2,0.0,0.0,0.0,29.002111992060165,-170.05,148.0
9.3,0.0,0.0,0.0,29.002111992060165,-170.05,148.0
9.4,0.0,0.0,0.0,29.002111992060165,-170.05,148.0
9.5,0.0,0.0,0.0,29.002111992060165,-170.05,148.0
9.6,0.0,0.0,0.0,29.002111992060165,-170.05,148.0
9.7,0.0,0.0,0.0,29.002111992060165,-170.05,148.0
9.8,0.0,0.0,0.0,29.002111992060165,-170.05,148.0
9.9,0.0,0.0,0.0,29.002111992060165,-170.05,148.0
10.0,0.0,0.0,0.0,29.002111992060165,-170.05,148.0
10.1,0.0,0.0,0.0,29.002111992060165,-170.05,148.0
10.2,0.0,0.0,0.0,29.002111992060165,-170.05,148.0
10.3,0.0,0.0,0.0,29.002111992060165,-170.05,148.0
10.4,0.0,0.0,0.0,29.002111992060165,-170.05,148.0
10.5,0.0,0.0,0.0,29.002111992060165,-170.05,148.0
10.6,0.0,0.0,0.0,29.002111992060165,-170.05,148.0
10.7,0.0,0.0,0.0,29.002111992060165,-170.05,148.0
10.8,0.0,0.0,0.0,29.002111992060165,-170.05,148.0
10.9,0.0,0.0,0.0,29.002111992060165,-170.05,148.0
11.0,0.0,0.0,0.0,29.002111992060165,-170.05,148.0
11.1,0.0,0.0,0.0,29.002111992060165,-170.05,148.0
11.2,0.0,0.0,0.0,29.002111992060165,-170.05,148.0
11.3,0.0,0.0,0.0,29.002111992060165,-170.05,148.0
11.4,0.0,0.0,0.0,29.002111992060165,-170.05,148.0
11.5,0.0,0.0,0.0,29.002111992060165,-170.05,148.0
11.6,0.0,0.0,0.0,29.002111992060165,-170.05,148.0
11.7,0.0,0.0,0.0,29.002111992060165,-170.05,148.0
11.8,0.0,0.0,0.0,29.002111992060165,-170.05,148.0
11.9,0.0,0.0,0.0,29.002111992060165,-170.05,148.0
12.0,0.0,0.0,0.0,29.002111992060165,-170.05,148.0
12.1,0.0,0.0,0.0,29.002111992060165,-170.05,148.0
12.2,0.0,0.0,0.0,29.002111992060165,-170.05,148.0
12.3,0.0,0.0,0.0,29.002111992060165,-170.05,148.0
12.4,0.0,0.0,0.0,29.002111992060165,-170.05,148.0
12.5,0.0,0.0,0.0,29.002111992060165,-170.05,148.0
12.6,0.0,0.0,0.0,29.002111992060165,-170.05,148.0
12.7,0.0,0.0,0.0,29.002111992060165,-170.05,148.0
12.8,0.0,0.0,0.0,29.002111992060165,-170.05,148.0
12.9,0.0,0.0,0.0,29.002111992060165,-170.05,148.0
13.0,0.0,0.0,0.0,29.002111992060165,-170.05,148.0
13.1,0.0,0.0,0.0,29.002111992060165,-170.05,148.0
13.2,0.0,0.0,0.0,29.002111992060165,-170.05,148.0
13.3,0.0,0.0,0.0,29.002111992060165,-170.05,148.0
13.4,0.0,0.0,0.0,29.002111992060165,-170.05,148.0
13.5,0.0,0.0,0.0,29.002111992060165,-170.05,148.0
13.6,0.0,0.0,0.0,29.002111992060165,-170.05,148.0
13.7,0.0,0.0,0.0,29.002111992060165,-170.05,148.0
13.8,0.0,0.0,0.0,29.002111992060165,-170.05,148.0
13.9,0.0,0.0,0.0,29.002111992060165,-170.05,148.0
14.0,0.0,0.0,0.0,29.002111992060165,-170.05,148.0
14.1,0.0,0.0,0.0,29.002111992060165,-170.05,148.0
14.2,0.0,0.0,0.0,29.002111992060165,-170.05,148.0
14.3,0.0,0.0,0.0,29.002111992060165,-170.05,148.0
14.4,0.0,0.0,0.0,29.002111992060165,-170.05,148.0
14.5,0.0,0.0,0.0,29.002111992060165,-170.05,148.0
14.6,0.0,0.0,0.0,29.002111992060165,-170.05,148.0
14.7,0.0,0.0,0.0,29.002111992060165,-170.05,148.0
14.8,0.0,0.0,0.0,29.002111992060165,-170.05,148.0
14.9,0.0,0.0,0.0,29.002111992060165,-170.05,148.0
15.0,0.0,0.0,0.0,29.002111992060165,-170.05,148.0
15.1,0.0,0.0,0.0,29.002111992060165,-170.05,148.0
15.2,0.0,0.0,0.0,29.002111992060165,-170.05,148.0
15.3,0.0,0.0,0.0,29.002111992060165,-170.05,148.0
15.4,0.0,0.0,0.0,29.002111992060165,-170.05,148.0
15.5,0.0,0.0,0.0,29.002111992060165,-170.05,148.0
15.6,0.0,0.0,0.0,29.002111992060165,-170.05,148.0
15.7,0.0,0.0,0.0,29.002111992060165,-170.05,148.0
15.8,0.0,0.0,0.0,29.002111992060165,-170.05,148.0
15.9,0.0,0.0,0.0,29.002111992060165,-170.05,148.0
16.0,0.0,0.0,0.0,29.002111992060165,-170.05,148.0
16.1,0.0,0.0,0.0,29.002111992060165,-170.05,148.0
16.2,0.0,0.0,0.0,29.002111992060165,-170.05,148.0
16.3,0.0,0.0,0.0,29.002111992060165,-170.05,148.0
16.4,0.0,0.0,0.0,29.002111992060165,-170.05,148.0
16.5,0.0,0.0,0.0,29.002111992060165,-170.05,148.0
16.6,0.0,0.0,0.0,29.002111992060165,-170.05,148.0
16.7,0.0,0.0,0.0,29.002111992060165,-170.05,148.0
16.8,0.0,0.0,0.0,29.002111992060165,-170.05,148.0
16.9,0.0,0.0,0.0,29.002111992060165,-170.05,148.0
17.0,0.0,0.0,0.0,29.002111992060165,-170.05,148.0
17.1,0.0,0.0,0.0,29.002111992060165,-170.05,148.0
17.2,0.0,0.0,0.0,29.002111992060165,-170.05,148.0
17.3,0.0,0.0,0.0,29.002111992060165,-170.05,148.0
17.4,0.0,0.0,0.0,29.002111992060165,-170.05,148.0
17.5,0.0,0.0,0.0,29.002111992060165,-170.05,148.0
17.6,0.0,0.0,0.0,29.002111992060165,-170.05,148.0
17.7,0.0,0.0,0.0,29.002111992060165,-170.05,148.0
17.8,0.0,0.0,0.0,29.002111992060165,-170.05,148.0
17.9,0.0,0.0,0.0,29.002111992060165,-170.05,148.0
18.0,0.0,0.0,0.0,29.002111992060165,-170.05,148.0
18.1,0.0,0.0,0.0,29.002111992060165,-170.05,148.0
18.2,0.0,0.0,0.0,29.002111992060165,-170.05,148.0
18.3,0.0,0.0,0.0,29.002111992060165,-170.05,148.0
18.4,0.0,0.0,0.0,29.002111992060165,-170.05,148.0
18.5,0.0,0.0,0.0,29.002111992060165,-170.05,148.0
18.6,0.0,0.0,0.0,29.002111992060165,-170.05,148.0
18.7,0.0,0.0,0.0,29.002111992060165,-170.05,148.0
18.8,0.0,0.0,0.0,29.002111992060165,-170.05,148.0
18.9,0.0,0.0,0.0,29.002111992060165,-170.05,148.0
19.0,0.0,0.0,0.0,29.002111992060165,-170.05,148.0
19.1,0.0,0.0,0.0,29.002111992060165,-170.05,148.0
19.2,0.0,0.0,0.0,29.002111992060165,-170.05,148.0
19.3,0.0,0.0,0.0,29.002111992060165,-170.05,148.0
19.4,0.0,0.0,0.0,29.002111992060165,-170.05,148.0
19.5,0.0,0.0,0.0,29.002111992060165,-170.05,148.0
19.6,0.0,0.0,0.0,29.002111992060165,-170.05,148.0
19.7,0.0,0.0,0.0,29.002111992060165,-170.05,148.0
19.8,0.0,0.0,0.0,29.002111992060165,-170.05,148.0
19.9,0.0,0.0,0.0,29.002111992060165,-170.05,148.0
20.0,0.0,0.0,0.0,29.002111992060165,-170.05,148.0
20.1,0.0,0.0,0.0,29.002111992060165,-170.05,148.0
20.2,0.0,0.0,0.0,29.002111992060165,-170.05,148.0
20.3,0.0,0.0,0.0,29.002111992060165,-170.05,148.0
20.4,0.0,0.0,0.0,29.002111992060165,-170.05,148.0
20.5,0.0,0.0,0.0,29.002111992060165,-170.05,148.0
20.6,0.0,0.0,0.0,29.002111992060165,-170.05,148.0
20.7,0.0,0.0,0.0,29.002111992060165,-170.05,148.0
20.8,0.0,0.0,0.0,29.002111992060165,-170.05,148.0
20.9,0.0,0.0,0.0,29.002111992060165,-170.05,148.0
21.0,0.0,0.0,0.0,29.002111992060165,-170.05,148.0
21.1,0.0,0.0,0.0,29.002111992060165,-170.05,148.0
21.2,0.0,0.0,0.0,29.002111992060165,-170.05,148.0
21.3,0.0,0.0,0.0,29.002111992060165,-170.05,148.0
21.4,0.0,0.0,0.0,29.002111992060165,-170.05,148.0
21.5,0.0,0.0,0.0,29.002111992060165,-170.05,148.0
21.6,0.0,0.0,0.0,29.002111992060165,-170.05,148.0
21.7,0.0,0.0,0.0,29.002111992060165,-170.05,148.0
21.8,0.0,0.0,0.0,29.002111992060165,-170.05,148.0
21.9,0.0,0.0,0.0,29.002111992060165,-170.05,148.0
22.0,0.0,0.0,0.0,29.002111992060165,-170.05,148.0
22.1,0.0,0.0,0.0,29.002111992060165,-170.05,148.0
22.2,0.0,0.0,0.0,29.002111992060165,-170.05,148.0
22.3,0.0,0.0,0.0,29.002111992060165,-170.05,148.0
22.4,0.0,0.0,0.0,29.002111992060165,-170.05,148.0
22.5,0.0,0.0,0.0,29.002111992060165,-170.05,148.0
22.6,0.0,0.0,0.0,29.002111992060165,-170.05,148.0
22.7,0.0,0.0,0.0,29.002111992060165,-170.05,148.0
22.8,0.0,0.0,0.0,29.002111992060165,-170.05,148.0
22.9,0.0,0.0,0.0,29.002111992060165,-170.05,148.0
23.0,0.0,0.0,0.0,29.002111992060165,-170.05,148.0
23.1,0.0,0.0,0.0,29.002111992060165,-170.05,148.0
23.2,0.0,0.0,0.0,29.002111992060165,-170.05,148.0
23.3,0.0,0.0,0.0,29.002111992060165,-170.05,148.0
23.4,0.0,0.0,0.0,29.002111992060165,-170.05,148.0
23.5,0.0,0.0,0.0,29.002111992060165,-170.05,148.0
23.6,0.0,0.0,0.0,29.002111992060165,-170.05,148.0
23.7,0.0,0.0,0.0,29.002111992060165,-170.05,148.0
23.8,0.0,0.0,0.0,29.002111992060165,-170.05,148.0
23.9,0.0,0.0,0.0,29.002111992060165,-170.05,148.0
24.0,0.0,0.0,0.0,29.002111992060165,-170.05,148.0
24.1,0.0,0.0,0.0,29.002111992060165,-170.05,148.0
24.2,0.0,0.0,0.0,29.002111992060165,-170.05,148.0
24.3,0.0,0.0,0.0,29.002111992060165,-170.05,148.0
24.4,0.0,0.0,0.0,29.002111992060165,-170.05,148.0
24.5,0.0,0.0,0.0,29.002111992060165,-170.05,148.0
24.6,0.0,0.0,0.0,29.002111992060165,-170.05,148.0
24.7,0.0,0.0,0.0,29.002111992060165,-170.05,148.0
24.8,0.0,0.0,0.0,29.002111992060165,-170.05,148.0
24.9,0.0,0.0,0.0,29.002111992060165,-170.05,148.0
25.0,0.0,0.0,0.0,29.002111992060165,-170.05,148.0
25.1,0.0,0.0,0.0,29.002111992060165,-170.05,148.0
25.2,0.0,0.0,0.0,29.002111992060165,-170.05,148.0
25.3,0.0,0.0,0.0,29.002111992060165,-170.05,148.0
25.4,0.0,0.0,0.0,29.002111992060165,-170.05,148.0
25.5,0.0,0.0,0.0,29.002111992060165,-170.05,148.0
25.6,0.0,0.0,0.0,29.002111992060165,-170.05,148.0
25.7,0.0,0.0,0.0,29.002111992060165,-170.05,148.0
25.8,0.0,0.0,0.0,29.002111992060165,-170.05,148.0
25.9,0.0,0.0,0.0,29.002111992060165,-170.05,148.0
26.0,0.0,0.0,0.0,29.002111992060165,-170.05,148.0
26.1,0.0,0.0,0.0,29.002111992060165,-170.05,148.0
26.2,0.0,0.0,0.0,29.002111992060165,-170.05,148.0
26.3,0.0,0.0,0.0,29.002111992060165,-170.05,148.0
26.4,0.0,0.0,0.0,29.002111992060165,-170.05,148.0
26.5,0.0,0.0,0.0,29.002111992060165,-170.05,148.0
26.6,0.0,0.0,0.0,29.002111992060165,-170.05,148.0
26.7,0.0,0.0,0.0,29.002111992060165,-170.05,148.0
26.8,0.0,0.0,0.0,29.002111992060165,-170.05,148.0
26.9,0.0,0.0,0.0,29.002111992060165,-170.05,148.0
27.0,0.0,0.0,0.0,29.002111992060165,-170.05,148.0
27.1,0.0,0.0,0.0,29.002111992060165,-170.05,148.0
27.2,0.0,0.0,0.0,29.002111992060165,-170.05,148.0
27.3,0.0,0.0,0.0,29.002111992060165,-170.05,148.0
27.4,0.0,0.0,0.0,29.002111992060165,-170.05,148.0
27.5,0.0,0.0,0.0,29.002111992060165,-170.05,148.0
27.6,0.0,0.0,0.0,29.002111992060165,-170.05,148.0
27.7,0.0,0.0,0.0,29.002111992060165,-170.05,148.0
27.8,0.0,0.0,0.0,29.002111992060165,-170.05,148.0
27.9,0.0,0.0,0.0,29.002111992060165,-170.05,148.0
28.0,0.0,0.0,0.0,29.002111992060165,-170.05,148.0
28.1,0.0,0.0,0.0,29.002111992060165,-170.05,148.0
28.2,0.0,0.0,0.0,29.002111992060165,-170.05,148.0
28.3,0.0,0.0,0.0,29.002111992060165,-170.05,148.0
28.4,0.0,0.0,0.0,29.002111992060165,-170.05,148.0
28.5,0.0,0.0,0.0,29.002111992060165,-170.05,148.0
28.6,0.0,0.0,0.0,29.002111992060165,-170.05,148.0
28.7,0.0,0.0,0.0,29.002111992060165,-170.05,148.0
28.8,0.0,0.0,0.0,29.002111992060165,-170.05,148.0
28.9,0.0,0.0,0.0,29.002111992060165,-170.05,148.0
29.0,0.0,0.0,0.0,29.002111992060165,-170.05,148.0
29.1,0.0,0.0,0.0,29.002111992060165,-170.05,148.0
29.2,0.0,0.0,0.0,29.002111992060165,-170.05,148.0
29.3,0.0,0.0,0.0,29.002111992060165,-170.05,148.0
29.4,0.0,0.0,0.0,29.002111992060165,-170.05,148.0
29.5,0.0,0.0,0.0,29.002111992060165,-170.05,148.0
29.6,0.0,0.0,0.0,29.002111992060165,-170.05,148.0
29.7,0.0,0.0,0.0,29.002111992060165,-170.05,148.0
29.8,0.0,0.0,0.0,29.002111992060165,-170.05,148.0
29.9,0.0,0.0,0.0,29.002111992060165,-170.05,148.0
30.0,0.0,0.0,0.0,29.002111992060165,-170.05,148.0
30.1,0.0,0.0,0.0,29.002111992060165,-170.05,148.0
30.2,0.0,0.0,0.0,29.002111992060165,-170.05,148.0
30.3,0.0,0.0,0.0,29.002111992060165,-170.05,148.0
30.4,0.0,0.0,0.0,29.002111992060165,-170.05,148.0
30.5,0.0,0.0,0.0,29.002111992060165,-170.05,148.0
30.6,0.0,0.0,0.0,29.002111992060165,-170.05,148.0
30.7,0.0,0.0,0.0,29.002111992060165,-170.05,148.0
30.8,0.0,0.0,0.0,29.002111992060165,-170.05,148.0
30.9,0.0,0.0,0.0,29.002111992060165,-170.05,148.0
31.0,0.0,0.0,0.0,29.002111992060165,-170.05,148.0
31.1,0.0,0.0,0.0,29.002111992060165,-170.05,148.0
31.2,0.0,0.0,0.0,29.002111992060165,-170.05,148.0
31.3,0.0,0.0,0.0,29.002111992060165,-170.05,148.0
31.4,0.0,0.0,0.0,29.002111992060165,-170.05,148.0
31.5,0.0,0.0,0.0,29.002111992060165,-170.05,148.0
31.6,0.0,0.0,0.0,29.002111992060165,-170.05,148.0
31.7,0.0,0.0,0.0,29.002111992060165,-170.05,148.0
31.8,0.0,0.0,0.0,29.002111992060165,-170.05,148.0
31.9,0.0,0.0,0.0,29.002111992060165,-170.05,148.0
32.0,0.0,0.0,0.0,29.002111992060165,-170.05,148.0
32.1,0.0,0.0,0.0,29.002111992060165,-170.05,148.0
32.2,0.0,0.0,0.0,29.002111992060165,-170.05,148.0
32.3,0.0,0.0,0.0,29.002111992060165,-170.05,148.0
32.4,0.0,0.0,0.0,29.002111992060165,-170.05,148.0
32.5,0.0,0.0,0.0,29.002111992060165,-170.05,148.0
32.6,0.0,0.0,0.0,29.002111992060165,-170.05,148.0
32.7,0.0,0.0,0.0,29.002111992060165,-170.05,148.0
32.8,0.0,0.0,0.0,29.002111992060165,-170.05,148.0
32.9,0.0,0.0,0.0,29.002111992060165,-170.05,148.0
33.0,0.0,0.0,0.0,29.002111992060165,-170.05,148.0
33.1,0.0,0.0,0.0,29.002111992060165,-170.05,148.0
33.2,0.0,0.0,0.0,29.002111992060165,-170.05,148.0
33.3,0.0,0.0,0.0,29.002111992060165,-170.05,148.0
33.4,0.0,0.0,0.0,29.002111992060165,-170.05,148.0
33.5,0.0,0.0,0.0,29.002111992060165,-170.05,148.0
33.6,0.0,0.0,0.0,29.002111992060165,-170.05,148.0
33.7,0.0,0.0,0.0,29.002111992060165,-170.05,148.0
33.8,0.0,0.0,0.0,29.002111992060165,-170.05,148.0
33.9,0.0,0.0,0.0,29.002111992060165,-170.05,148.0
34.0,0.0,0.0,0.0,29.002111992060165,-170.05,148.0
34.1,0.0,0.0,0.0,29.002111992060165,-170.05,148.0
34.2,0.0,0.0,0.0,29.002111992060165,-170.05,148.0
34.3,0.0,0.0,0.0,29.002111992060165,-170.05,148.0
34.4,0.0,0.0,0.0,29.002111992060165,-170.05,148.0
34.5,0.0,0.0,0.0,29.002111992060165,-170.05,148.0
34.6,0.0,0.0,0.0,29.002111992060165,-170.05,148.0
34.7,0.0,0.0,0.0,29.002111992060165,-170.05,148.0
34.8,0.0,0.0,0.0,29.002111992060165,-170.05,148.0
34.9,0.0,0.0,0.0,29.002111992060165,-170.05,148.0
35.0,0.0,0.0,0.0,29.002111992060165,-170.05,148.0
35.1,0.0,0.0,0.0,29.002111992060165,-170.05,148.0
35.2,0.0,0.0,0.0,29.002111992060165,-170.05,148.0
35.3,0.0,0.0,0.0,29.002111992060165,-170.05,148.0
35.4,0.0,0.0,0.0,29.002111992060165,-170.05,148.0
35.5,0.0,0.0,0.0,29.002111992060165,-170.05,148.0
35.6,0.0,0.0,0.0,29.002111992060165,-170.05,148.0
35.7,0.0,0.0,0.0,29.002111992060165,-170.05,148.0
35.8,0.0,0.0,0.0,29.002111992060165,-170.05,148.0
35.9,0.0,0.0,0.0,29.002111992060165,-170.05,148.0
36.0,0.0,0.0,0.0,29.002111992060165,-170.05,148.0
36.1,0.0,0.0,0.0,29.002111992060165,-170.05,148.0
36.2,0.0,0.0,0.0,29.002111992060165,-170.05,148.0
36.3,0.0,0.0,0.0,29.002111992060165,-170.05,148.0
36.4,0.0,0.0,0.0,29.002111992060165,-170.05,148.0
36.5,0.0,0.0,0.0,29.002111992060165,-170.05,148.0
36.6,0.0,0.0,0.0,29.002111992060165,-170.05,148.0
36.7,0.0,0.0,0.0,29.002111992060165,-170.05,148.0
36.8,0.0,0.0,0.0,29.002111992060165,-170.05,148.0
36.9,0.0,0.0,0.0,29.002111992060165,-170.05,148.0
37.0,0.0,0.0,0.0,29.002111992060165,-170.05,148.0
37.1,0.0,0.0,0.0,29.002111992060165,-170.05,148.0
37.2,0.0,0.0,0.0,29.002111992060165,-170.05,148.0
37.3,0.0,0.0,0.0,29.002111992060165,-170.05,148.0
37.4,0.0,0.0,0.0,29.002111992060165,-170.05,148.0
37.5,0.0,0.0,0.0,29.002111992060165,-170.05,148.0
37.6,0.0,0.0,0.0,29.002111992060165,-170.05,148.0
37.7,0.0,0.0,0.0,29.002111992060165,-170.05,148.0
37.8,0.0,0.0,0.0,29.002111992060165,-170.05,148.0
37.9,0.0,0.0,0.0,29.002111992060165,-170.05,148.0
38.0,0.0,0.0,0.0,29.002111992060165,-170.05,148.0
38.1,0.0,0.0,0.0,29.002111992060165,-170.05,148.0
38.2,0.0,0.0,0.0,29.002111992060165,-170.05,148.0
38.3,0.0,0.0,0.0,29.002111992060165,-170.05,148.0
38.4,0.0,0.0,0.0,29.002111992060165,-170.05,148.0
38.5,0.0,0.0,0.0,29.002111992060165,-170.05,148.0
38.6,0.0,0.0,0.0,29.002111992060165,-170.05,148.0
38.7,0.0,0.0,0.0,29.002111992060165,-170.05,148.0
38.8,0.0,0.0,0.0,29.002111992060165,-170.05,148.0
38.9,0.0,0.0,0.0,29.002111992060165,-170.05,148.0
39.0,0.0,0.0,0.0,29.002111992060165,-170.05,148.0
39.1,0.0,0.0,0.0,29.002111992060165,-170.05,148.0
39.2,0.0,0.0,0.0,29.002111992060165,-170.05,148.0
39.3,0.0,0.0,0.0,29.002111992060165,-170.05,148.0
39.4,0.0,0.0,0.0,29.002111992060165,-170.05,148.0
39.5,0.0,0.0,0.0,29.002111992060165,-170.05,148.0
39.6,0.0,0.0,0.0,29.002111992060165,-170.05,148.0
39.7,0.0,0.0,0.0,29.002111992060165,-170.05,148.0
39.8,0.0,0.0,0.0,29.002111992060165,-170.05,148.0
39.9,0.0,0.0,0.0,29.002111992060165,-170.05,148.0
40.0,0.0,0.0,0.0,29.002111992060165,-170.05,148.0
40.1,0.0,0.0,0.0,29.002111992060165,-170.05,148.0
40.2,0.0,0.0,0.0,29.002111992060165,-170.05,148.0
40.3,0.0,0.0,0.0,29.002111992060165,-170.05,148.0
40.4,0.0,0.0,0.0,29.002111992060165,-170.05,148.0
40.5,0.0,0.0,0.0,29.002111992060165,-170.05,148.0
40.6,0.0,0.0,0.0,29.002111992060165,-170.05,148.0
40.7,0.0,0.0,0.0,29.002111992060165,-170.05,148.0
40.8,0.0,0.0,0.0,29.002111992060165,-170.05,148.0
40.9,0.0,0.0,0.0,29.002111992060165,-170.05,148.0
41.0,0.0,0.0,0.0,29.002111992060165,-170.05,148.0
41.1,0.0,0.12836911585919006,0.0,29.002111992060165,-170.05,148.0
41.2,0.0,0.34073802276467713,0.0,29.002111992060165,-170.05,148.0
41.3,0.06998469984835515,0.44206351154361834,0.0,29.002111992060165,-170.05,148.0
41.4,0.440212402123814,0.47749189171471507,0.005556000000012773,28.996556396736757,-170.05,147.994444
41.5,0.7211232112317322,0.5216225387890153,0.02056899999999473,28.981544490999116,-170.05,147.979431
41.6,0.9128251282488309,0.5630399670463927,0.04256000000000881,28.95955509591954,-170.05,147.95744
41.7,1.0152101521014891,0.566938872081332,0.06904800000000932,28.933069032273494,-170.05,147.930952
41.8,1.0282782827833554,0.511308799314341,0.09755300000000489,28.90456612004077,-170.05,147.902447
41.9,1.2873728737291765,0.46553752087601974,0.12776099999999246,28.874360337038144,-170.05,147.872239
42.0,1.578036318252886,0.4885407715297272,0.16635199999998918,28.835772176029977,-170.05,147.833648
42.1,1.8064265711413707,0.5417386004391354,0.21241794895365787,28.78976380283083,-170.051742,147.787615
42.2,1.973239557106599,0.5790382438743742,0.2642632681444774,28.738242142806115,-170.056891,147.736026
42.3,2.0774142074235944,0.5510412954252741,0.32016354837633965,28.68309370761538,-170.065334,147.680767
42.4,2.22071887949663,0.4856662973585748,0.3785305367601824,28.626051052801714,-170.076957,147.623569
42.5,2.4866872483476525,0.46004108135562305,0.4427758471337855,28.563710089436228,-170.091644,147.561025
42.6,2.7050143789090395,0.4749261730174381,0.5139686069482502,28.494991485255667,-170.109283,147.492052
42.7,2.8757844884439625,0.49191566685787835,0.5907846403918016,28.421264371572015,-170.129758,147.418015
42.8,2.99939850607442,0.47880864177487936,0.6719075337450182,28.343899529215264,-170.152957,147.34028
42.9,3.0814899585254625,0.43493847537928687,0.7560308107734541,28.264268145010664,-170.178764,147.260213
43.0,3.291093604714184,0.3883850780319422,0.8435537485783474,28.181954063476308,-170.207065,147.177392
43.1,3.4683549716983357,0.33275933307272787,0.9367038394425062,28.094586869174794,-170.237747,147.08944
43.2,3.6020407077845906,0.2604661793606091,1.0343724211358827,28.003312878826062,-170.270696,146.997497
43.3,3.6923664262105813,0.1888592961579949,1.1353529631031358,27.90938842229592,-170.305796,146.902813
43.4,3.7399963569835504,0.12899118935044473,1.238446895538566,27.81407286100162,-170.342935,146.806641
43.5,3.7202568820560433,0.14327435551430412,1.3423241300656925,27.718779248346287,-170.381997,146.710388
43.6,3.7422246196270383,0.2592697827581185,1.4456812137755093,27.624915404844874,-170.42287,146.615456
43.7,3.8533498227722,0.4310650296677583,1.5504790515060771,27.530335961373453,-170.465438,146.519693
43.8,4.053173773495493,0.6272073869139563,1.6591822150157016,27.432307937894134,-170.509587,146.420359
43.9,4.342477750730211,0.8093282363700034,1.774259724499522,27.32809363340767,-170.555204,146.314709
44.0,4.714325220541679,0.9188537448659533,1.8982126816284262,27.214957613898196,-170.602174,146.2
44.1,5.082495763851241,0.9893411569606707,2.0325789128064984,27.091255231588825,-170.650383,146.07458
44.2,5.447271732425108,1.0795045153389244,2.1771404334300746,26.9572407738236,-170.699717,145.938697
44.3,5.80828856911673,1.1676506199090921,2.3318012878341463,26.813029391614243,-170.750063,145.79246
44.4,6.165774795422155,1.230471460534634,2.4964583357914134,26.658736800322263,-170.801304,145.635979
44.5,6.569614443233171,1.2324914482910483,2.671007733043318,26.49447763984052,-170.853329,145.469363
44.6,7.17258776810276,1.2148114768566227,2.8592644940719527,26.31628030171904,-170.906022,145.288631
44.7,7.682317040385841,1.2240869265296563,3.0634119005458014,26.121920676260807,-170.959269,145.09155
44.8,8.097183244069257,1.2276774429966046,3.2808424608357813,25.914134296359425,-171.012957,144.88085199999998
44.9,8.416401662188102,1.191669890117824,3.5089135682957227,25.69565513068813,-171.06697,144.65926899999997
45.0,8.704683991742995,1.0843499973765827,3.744962480116955,25.469215666535643,-171.121196,144.429533
45.1,9.232084174692902,1.007773219077487,3.9918041549391035,25.231922840707355,-171.175519,144.188743
45.2,9.67836641345134,1.0212795965417065,4.252548303339394,24.98060469697171,-171.229826,143.933717
45.3,10.043203562896327,1.0463293587681513,4.524935491646796,24.717578894462786,-171.284003,143.66677199999998
45.4,10.325890650836067,1.0307352718668046,4.806698197541315,24.445155224137658,-171.337935,143.39021899999997
45.5,10.578638448529597,0.9237132114372031,5.095553667742204,24.165647414350182,-171.391508,143.106375
45.6,11.016485569107473,0.8342253689242032,5.393602111121814,23.876916761632064,-171.444609,142.813095
45.7,11.383169160466245,0.8366789520934361,5.7031518634040745,23.57662435540566,-171.497122,142.508032
45.8,11.678250951776548,0.8556170266948229,6.022224822479278,23.26677477769233,-171.548935,142.19319399999998
45.9,11.901804463672997,0.8472873604183668,6.348833747063419,22.949371980381144,-171.599932,141.87059099999996
46.0,12.102156419823363,0.7703348932907019,6.680987984587145,22.626416498018962,-171.65,141.542232
46.1,12.4786775730257,0.7058095328749019,7.020769804408336,22.29663888935069,-171.702509,141.206532
46.2,12.79213092130963,0.7058198907374873,7.370428512779805,21.958619613577653,-171.760561,140.861726
46.3,13.042259204048632,0.7078075072098997,7.7282085700063545,21.614130651336602,-171.823643,140.50955099999996
46.4,13.228633712487248,0.6744855208994913,8.092345184548185,21.264943351537507,-171.891242,140.15174399999998
46.5,13.386020093613224,0.5718095170907311,8.461066787127939,20.912825220391557,-171.962842,139.790041
46.6,13.657426984720194,0.47960465436469235,8.835535301843121,20.55655896069632,-172.03793,139.423178
46.7,13.868270230898013,0.4495700038116972,9.216980556569164,20.194844461240216,-172.115993,139.049806
46.8,14.018430195268849,0.4267102670440437,9.603720063446884,19.82932555088517,-172.196515,138.67154199999996
46.9,14.107927001668969,0.38809362520505175,9.994070857763997,19.461637404758406,-172.278983,138.29000199999996
47.0,14.169488090171711,0.31530210167420236,10.386346928665565,19.093405673863764,-172.362882,137.906803
47.1,14.332906648167569,0.1956747389330289,10.781583199658,18.72348690523815,-172.4477,137.520775
47.2,14.433080849247137,0.04042937563636073,11.180772214386609,18.35077537382562,-172.532922,137.130789
47.3,14.470476609077489,-0.10895902423079917,11.582163454969916,17.97693482673599,-172.618033,136.73852499999998
47.4,14.444804065982561,-0.20554397943541147,11.984007459793935,17.603611881087588,-172.70252,136.34566299999997
47.5,14.319302035318621,-0.18082199611762206,12.384556550993732,17.23243188081194,-172.78587,135.953882
47.6,14.095777951128515,0.025679761428300196,12.7798177290583,16.86725047622835,-172.867567,135.567156
47.7,14.078907910567715,0.36423294801315365,13.17078120487286,16.50688868679069,-172.947097,135.184367
47.8,14.269712382188315,0.7324967272878418,13.56319509405878,16.145416492224886,-173.023948,134.79955199999998
47.9,14.670018766363091,1.046013284688808,13.96284321120687,15.776934382297302,-173.097604,134.40674999999996
48.0,15.263143027370802,1.1906161005117397,14.375563800957332,15.395581082658234,-173.167552,134.0
48.1,15.780670995842344,1.1259753609517524,14.804609014701757,14.998145995877131,-173.233278,133.576019
48.2,16.16015109737564,0.9356646299116349,15.246752745844692,14.587826795593239,-173.294268,133.138102
48.3,16.40131236312063,0.6999885808065969,15.698156271220848,14.16837465143612,-173.350007,132.69015299999998
48.4,16.503932320641187,0.479186930554647,16.154976181754538,13.74349139068793,-173.399983,132.23607499999997
48.5,16.520530004379772,0.339356522274187,16.613365691901716,13.316821613055017,-173.44368,131.779773
48.6,16.719269635614786,0.29205103743885275,17.074168820737675,12.8874475201087,-173.480584,131.32045
48.7,16.88583050065559,0.2995165791969896,17.540191746702693,12.452599925674685,-173.510183,130.855368
48.8,17.020607563772447,0.32989313383534835,18.010544193691132,12.013075824946778,-173.531961,130.38551999999999
48.9,17.12468857277771,0.34978335965212537,18.48435396384896,11.569646625883843,-173.545405,129.91190099999997
49.0,17.20684006840183,0.3335367727399685,18.96077412340244,11.12304917111353,-173.55,129.435503
49.1,17.323049230494735,0.32409864662971444,19.439788123402447,10.67493200011697,-173.55,128.956489
49.2,17.451570515705413,0.3463302341997405,19.922145123402455,10.226518329980351,-173.55,128.474132
49.3,17.592187921876782,0.37323221210087354,20.408184123402474,9.777950489578519,-173.55,127.98809299999998
49.4,17.74522545225623,0.39939245851868677,20.898244123402474,9.32947291485906,-173.55,127.49803299999998
49.5,17.901719017191205,0.4212896821143559,21.39266512340245,8.881458497709948,-173.55,127.003612
49.6,18.033696336964244,0.4510115031222064,21.891104123402453,8.435053156911886,-173.55,126.505173
49.7,18.189001890020577,0.49270352843495147,22.393425123402448,7.991397633324488,-173.55,126.002852
49.8,18.367635676354766,0.5342850631297367,22.900276123402488,7.5511938785864,-173.55,125.49600099999996
49.9,18.56959769597699,0.567051474708812,23.4123051234025,7.115505666977127,-173.55,124.98397199999995
50.0,18.796615966160534,0.5772428353649701,23.930160123402455,6.685875788383235,-173.55,124.466117
50.1,19.027738277383342,0.564112983787247,24.45447712340245,6.264494172716595,-173.55,123.9418
50.2,19.232508325084055,0.5407865267475707,24.984971123402456,5.855093562500615,-173.55,123.411306
50.3,19.41092610925701,0.5123537249362506,25.5209091234025,5.462689551441104,-173.55,122.87536799999995
50.4,19.562991629917658,0.47995235197011965,26.061558123402488,5.09341249153855,-173.55,122.33471899999996
50.5,19.70339303393175,0.4441656304671362,26.606187123402446,4.754692651276232,-173.55,121.79009
50.6,19.89336693366997,0.41864964104183144,27.155303123402458,4.454712613477569,-173.55,121.240974
50.7,20.06109261092688,0.40932647088796514,27.709490123402457,4.203302318816618,-173.55,120.686787
50.8,20.206354063537177,0.40371627492455886,28.2681291234025,4.011884583322914,-173.55,120.12814799999995
50.9,20.329367293673236,0.3905448145374031,28.830598123402492,3.891335597329165,-173.55,119.56567899999996
51.0,20.44136441364407,0.3589256172279818,29.396277123402452,3.8500000000000227,-173.55,119.0
51.1,20.591377913779418,0.33726106491879904,29.965508123402454,3.8918535341609632,-173.55,118.430769
51.2,20.726163261633324,0.3422579680357103,30.538764123402455,4.015940306474834,-173.55,117.857513
51.3,20.84572045720135,0.3507125980354182,31.115623123402496,4.216473724300476,-173.55,117.28065399999996
51.4,20.950049500495272,0.3470394843797209,31.695662123402496,4.484380824397653,-173.55,116.70061499999996
51.5,21.05308253082635,0.31408181214624165,32.27845812340246,4.809310482466399,-173.55,116.117819
51.6,21.19985599856035,0.27150411364226557,32.86468912340246,5.181928386396726,-173.55,115.531588
51.7,21.31217712177194,0.23987407706359676,33.45467912340246,5.59402599150238,-173.55,114.941598
51.8,21.390045900455025,0.20946573102124688,34.047470123402505,6.037888399370233,-173.55,114.34880699999995
51.9,21.433462334623275,0.17617483867044825,34.6421051234025,6.507012479286071,-173.55,113.75417199999995
52.0,21.455818558185857,0.13791746309082953,35.23762712340246,6.995989552772377,-173.55,113.15865
52.1,21.522995229953334,0.1126619657809691,35.83426212340245,7.501343270389987,-173.55,112.562015
52.2,21.57861578615967,0.10711995231999083,36.43265712340245,8.020794443470054,-173.55,111.96362
52.3,21.62268022679872,0.10708708485720564,37.0324891234025,8.551855571099457,-173.55,111.36378799999996
52.4,21.654972549726377,0.10523741600910341,37.63343512340249,9.092484364405847,-173.55,110.76284199999996
52.5,21.67819278192839,0.0962764872396491,38.23517112340245,9.640982685558361,-173.55,110.161106
52.6,21.7111331113314,0.09218343931668471,38.83763612340246,10.196163973126428,-173.55,109.558641
52.7,21.74763747637651,0.09879539354974654,39.44104912340245,10.757320508936418,-173.55,108.955228
52.8,21.787705877054474,0.1076238035105419,40.045509123402496,11.32380864328893,-173.55,108.35076799999996
52.9,21.831338313383828,0.11320952370175874,40.65111412340249,11.895118994636835,-173.55,107.74516299999996
53.0,21.876590765907675,0.10885423539494354,41.25796412340246,12.470850752293096,-173.55,107.138313
53.1,21.9163351633526,0.12040470055050179,41.86600512340246,13.050540846799578,-173.55,106.530272
53.2,21.95921159211607,0.16020614751797524,42.47517812340246,13.633787124926119,-173.55,105.921099
53.3,22.005112051115194,0.2000478046746892,43.085570123402505,14.220381248048538,-173.55,105.31070699999995
53.4,22.05414454144685,0.21876932055924314,43.6972671234025,14.810159181457212,-173.55,104.69900999999996
53.5,22.127909279093696,0.1887039849417711,44.31035512340246,15.402993948907604,-173.55,104.085922
53.6,22.26258662586786,0.08518022243209344,44.92643612340245,16.000260578043132,-173.55,103.469841
53.7,22.311079110793067,-0.07101609477471271,45.54546012340245,16.601765314793756,-173.55,102.850817
53.8,22.27360273602249,-0.23127888621555925,46.165035123402504,17.20504998140272,-173.55,102.23124199999995
53.9,22.149941499415515,-0.35137064657526196,46.7827711234025,17.80765772391298,-173.55,101.61350599999996
54.0,21.935775357754576,-0.36953551353744274,47.396277123402456,18.407131770050437,-173.55,101.0
54.1,21.725929259293892,-0.2667456744491794,48.00341412340245,19.001264361530495,-173.55,100.392863
54.2,21.63304833048428,-0.09532088327671673,48.60580412340245,19.59153969354448,-173.55,99.790473
54.3,21.657024570242925,0.09547822750961643,49.20669712340249,20.181061433343924,-173.55,99.18957999999996
54.4,21.79818198181982,0.26794036007932576,49.809341123402504,20.772955540030843,-173.55,98.58693599999995
54.5,22.022392223924026,0.3771869420954843,50.41698712340245,21.370370818123394,-173.55,97.97929
54.6,22.128989289894147,0.4010340683490661,51.02970512340245,21.973340825445362,-173.55,97.366572
54.7,22.233426334263363,0.3658915305539523,51.64536312340246,22.579732678563676,-173.55,96.750914
54.8,22.33591935918947,0.3104179342477629,52.2639041234025,23.18945589295124,-173.55,96.13237299999996
54.9,22.436144361444452,0.26751683862512365,52.8852721234025,23.802423954505713,-173.55,95.51100499999995
55.0,22.53529005268746,0.2676237802001076,53.50940812340245,24.41855005161365,-173.55,94.886869
55.1,22.63749194932124,0.2836868811749085,54.13632629659573,25.037750229195055,-173.549534,94.259951
55.2,22.741035461324174,0.28890214236090017,54.76609681735468,25.66000630895526,-173.54815,93.630182
55.3,22.84559230610227,0.2946592815293947,55.39875091496968,26.28533966345413,-173.545873,92.99753199999996
55.4,22.951266970257045,0.2984782070472356,56.034320701193046,26.913773296909362,-173.542727,92.36196999999996
55.5,23.05913510118028,0.2972981607378067,56.672836186563565,27.545328664273462,-173.538734,91.723467
55.6,23.170704794302843,0.2954798030602248,57.31440225528058,28.18010258358053,-173.533919,91.081919
55.7,23.278520547780264,0.29696052751484103,57.95903269282211,28.818102218737526,-173.528306,90.437313
55.8,23.38268699047303,0.29825692011822014,58.60662520979715,29.45921991119921,-173.521917,89.78975199999995
55.9,23.483200930362223,0.29578265692242667,59.25707739879261,30.103348632945345,-173.514777,89.13933899999996
56.0,23.584271044706256,0.2848888230858364,59.91028577412927,30.750380433350486,-173.50691,88.486178
56.1,23.69928517865892,0.27500303162701556,60.56648676483943,31.40054480965789,-173.498338,87.830033
56.2,23.803295923842953,0.27340521851834154,61.225779671660824,32.05393633614433,-173.489087,87.170805
56.3,23.8961899433782,0.2721407131620097,61.8878598271685,32.71024806965071,-173.479178,86.50879899999995
56.4,23.978184346122354,0.26373889247670235,62.552419431159734,33.369170534583276,-173.468637,85.84432299999996
56.5,24.058454272231284,0.23911461596389927,63.21915367010426,34.03039675713894,-173.457487,85.177682
56.6,24.167988721559194,0.2142000919696656,63.888496565260404,34.69435435083589,-173.445751,84.508442
56.7,24.2551688882572,0.20215865401954147,64.56067407531933,35.36126487824408,-173.433453,83.836377
56.8,24.31999361425871,0.1912704132206713,65.23506624297553,36.03050881600398,-173.420617,83.16210699999996
56.9,24.362464035664868,0.1729681021516427,65.91105407957913,36.70146720015827,-173.407267,82.48625099999995
57.0,24.396396031176543,0.13822454533360684,66.58801658911857,37.373518599970964,-173.393426,81.80943
57.1,24.473834752268516,0.10036794990711684,67.26646050082388,38.04716397857347,-173.379117,81.131137
57.2,24.52426934817172,0.07157836188522992,67.9468054543063,38.72281849968477,-173.364365,80.450952
57.3,24.547917677859328,0.0455463824206106,68.62830233825007,39.3997337294431,-173.349194,79.76962399999995
57.4,24.54434505366956,0.021999649673212218,69.31020407222644,40.07716262808383,-173.333626,79.08789999999996
57.5,24.520569163409615,0.004710658793747768,69.99175949753017,40.754354091907246,-173.317686,78.406531
57.6,24.52085418199768,-0.005344180284517108,70.67287130363106,41.43120804452371,-173.301397,77.725614
57.7,24.526311416152378,-0.012600719453452314,71.35403792132821,42.10821855587287,-173.284784,77.04465
57.8,24.53704235565051,-0.015259167861643164,72.035406911308,42.7855301347108,-173.267869,76.36349099999995
57.9,24.55325894698824,-0.007924041970568396,72.71712375080149,43.46328569932399,-173.250676,75.68199099999995
58.0,24.559955593865393,0.01897180875765514,73.39933788279374,44.14163235729328,-173.233229,75.0
58.1,24.52366558845864,0.07635913964216456,74.0811110857469,44.81091550486578,-173.215552,74.318456
58.2,24.537987721990902,0.15529547612264594,74.76234487488026,45.46256921646075,-173.197668,73.637457
58.3,24.60281796518658,0.2356944955907352,75.44444518994399,46.09837214658797,-173.179601,72.95559599999996
58.4,24.718368248591858,0.29935262379157024,76.12881492861236,46.720103213402574,-173.161375,72.27146899999995
58.5,24.880532539983484,0.3187153213542828,76.81686098713237,47.32954257798376,-173.143013,71.583668
58.6,25.02259849402254,0.2965170921249012,77.50937941556082,47.92786632916579,-173.12454,70.891396
58.7,25.123072900325326,0.25924023350702186,78.20546095058384,48.514547068369616,-173.105978,70.195562
58.8,25.182066600494533,0.21219945571042587,78.90394833701043,49.088811352552305,-173.087352,69.49732299999995
58.9,25.199363673789556,0.15242520861217912,79.60368839825102,49.649887522921105,-173.068684,68.79783199999996
59.0,25.204346403539674,0.0712878273984856,80.30352385266293,50.19700227462437,-173.05,68.098246
59.1,25.301873132488673,0.004420861535486154,81.00467208225922,50.73165593365062,-173.030285,67.397375
59.2,25.335395782858576,-0.024343472363341334,81.70793775323712,51.25494033810026,-173.008559,66.694445
59.3,25.30500612692746,-0.047744444886824056,82.41154277199273,51.765466727409894,-172.984896,65.99123799999994
59.4,25.21059593636453,-0.09821854704631505,83.1137109365694,52.26185168227027,-172.959369,65.28953399999996
59.5,25.093714642601636,-0.21218348288761746,83.81266387403082,52.7427044126693,-172.932054,64.591115
59.6,25.10832381105717,-0.32435479604784234,84.51001737828888,53.210028090775566,-172.903024,63.894366
59.7,25.03652691188429,-0.3823408069354173,85.2069746188051,53.665413035688644,-172.872352,63.198084
59.8,24.87855888355376,-0.4303802753371073,85.90114065730748,54.10685385203073,-172.840113,62.50466699999995
59.9,24.634325724143185,-0.4964604358608895,86.5901189029205,54.53234614211907,-172.806381,61.81651499999995
60.0,24.34761993024842,-0.6072546448514586,87.27151522095056,54.93988195588143,-172.771229,61.136026
60.1,24.205754734925755,-0.7090666401440089,87.94664949027259,55.331169072087036,-172.734731,60.461879
60.2,23.999721812499356,-0.7636303473484318,88.61724787901208,55.7083229446959,-172.696963,59.792345
60.3,23.72928523519621,-0.8032163199679658,89.2815277760322,56.06994898953491,-172.657996,59.12920899999995
60.4,23.394692117958716,-0.8394779858156483,89.9377016027001,56.414647144847066,-172.617906,58.474260999999956
60.5,23.012879082835852,-0.8745174516828271,90.58398733689586,56.741023872703956,-172.576766,57.829286
60.6,22.699244713812757,-0.878243125693448,91.22028268298602,57.04936201869119,-172.53465,57.194386
60.7,22.406252913714084,-0.8469479111013065,91.8480562465366,57.341521626215346,-172.491633,56.568088
60.8,22.133858287766998,-0.8042430683045296,92.46788101024006,57.61846371510332,-172.447787,55.949815999999956
60.9,21.881837849516238,-0.7545636949536814,93.08032811329551,57.88115143043446,-172.403187,55.338994999999954
61.0,21.631540042476082,-0.6955228193347551,93.68596706760488,58.13054488611731,-172.357908,54.735051
61.1,21.328237619335614,-0.6298783953756626,94.28390631867643,58.366140476497165,-172.312022,54.138875
61.2,21.083920521668347,-0.5678355306413785,94.87396791970889,58.58814967473935,-172.265604,53.550642
61.3,20.898553276925465,-0.5086318248594104,95.45778784365895,58.79860321689043,-172.218728,52.96870699999996
61.4,20.77198035868829,-0.44292343488043784,96.03700418782233,58.999533872053824,-172.171467,52.391421999999956
61.5,20.68019455690183,-0.36133819453890936,96.61325111270867,59.192971633163566,-172.123896,51.817142
61.6,20.509311169010765,-0.31654529266591425,97.18605171332636,59.37883197356345,-172.076088,51.24634
61.7,20.367499062028408,-0.33213831640061287,97.754375811457,59.55647274711275,-172.028118,50.680044
61.8,20.254961735542267,-0.357804624155623,98.31903363549297,59.727098077916416,-171.98006,50.11743499999996
61.9,20.171663133954507,-0.35639187107583226,98.88083528781966,59.8919139121275,-171.931986,49.557693999999955
62.0,20.0865386107086,-0.2865783178665495,99.44059232603531,60.0521253757202,-171.883972,49.0
62.1,19.908118134399064,-0.17161867189209445,99.99671529963378,60.20653073155554,-171.836092,48.445942
62.2,19.81639610791701,-0.05415027101905423,100.54868397547689,60.35499922138961,-171.788418,47.896036
62.3,19.811393218721797,0.061418743592884795,101.09890884664235,60.500340431813534,-171.741025,47.347855999999965
62.4,19.89323456277733,0.15949757700674283,101.64979861624514,60.64536400906366,-171.693988,46.798977999999956
62.5,20.047189350615085,0.21211232520189682,102.20376586337257,60.792879576761656,-171.647379,46.246975
62.6,20.142959796822918,0.20116713847072631,102.76160249216275,60.944071592798196,-171.601273,45.691047
62.7,20.196037864686243,0.14889291784703573,103.32170294011203,61.09772149343759,-171.555745,45.1328
62.8,20.206187352554572,0.08023208724749864,103.8828803710918,61.25302688175606,-171.510866,44.573419999999956
62.9,20.173745628789096,0.0044216885381764826,104.4439463758408,61.40918639465176,-171.466713,44.01409399999996
63.0,20.12659185295005,-0.0751407665091186,105.00371386276814,26.089795309511878,-171.423358,43.456008
63.1,20.16780727064223,-0.1366623668574789,105.56328678034725,25.760015777935305,-171.380876,42.89805
63.2,20.149110348890346,-0.16822037388033095,106.12344984672792,25.431377643569547,-171.33934,42.339429
63.3,20.07050000967017,-0.19347615605709478,106.682537763919,25.105424035478716,-171.298825,41.781810999999955
63.4,19.93185304200976,-0.24058079742924932,107.23888614195295,24.783687404952445,-171.259404,41.22686099999996
63.5,19.769575086833477,-0.34071782745199997,107.79082732451225,24.467690669309228,-171.221151,40.676247
63.6,19.723464912493412,-0.4338570351954978,108.33969353661588,24.156275614287278,-171.184141,40.12863
63.7,19.607752745312602,-0.4741023669815476,108.88663555840705,23.848460560650807,-171.148446,39.582854
63.8,19.422449175448328,-0.5032558071499444,109.42971805344813,23.546005122465843,-171.114142,39.04085599999996
63.9,19.167309833949624,-0.5490814348705726,109.96700661116733,23.250646745918363,-171.081302,38.50457199999997
64.0,18.880456044884106,-0.639407704320778,110.49656454626789,22.964109394222636,-171.05,37.97594
64.1,18.721206233350763,-0.7176442838238515,111.01965481392355,22.684792535953203,-171.019154,37.45375999999993
64.2,18.506980612365496,-0.7444421282882381,111.53781347262563,22.410847178428753,-170.987682,36.936558
64.3,18.237899623286385,-0.7589940376859516,112.04951260790045,22.143601726497636,-170.955657,36.425862
64.4,17.91386345230382,-0.7830732690917017,112.55322742031021,21.884365006860705,-170.923153,35.923197
64.5,17.55976526284414,-0.8347746143302501,113.04743353684965,21.634429814974947,-170.890241,35.430088
64.6,17.29607094819513,-0.8696588555199369,113.53279543822744,21.393188298990193,-170.856996,34.94586599999993
64.7,17.014557354771817,-0.8626924900005442,114.01066752200293,21.159443319234768,-170.82349,34.46917
64.8,16.715458182485246,-0.8452825946125557,114.48055704162324,20.933598945063647,-170.789797,34.00049
64.9,16.39863811383233,-0.8299029350691391,114.94197326569864,20.716053055486345,-170.755989,33.540314
65.0,16.071332241939583,-0.824236953264645,115.39442320980848,20.507202316959983,-170.72214,33.089132
65.1,15.777774624804804,-0.8210162912171306,115.83810683125293,20.306850960260967,-170.688323,32.64673899999993
65.2,15.493828646566946,-0.8159270724552243,116.27372633074525,20.114377910890006,-170.65461,32.212426
65.3,15.219286090131716,-0.8076106184272049,116.70154461595521,19.92954277402231,-170.621076,31.785924
65.4,14.954014229454808,-0.7859591854374237,117.12182265537673,19.752110241595787,-170.587792,31.366966
65.5,14.681651724793038,-0.7340908419620256,117.53482188637481,19.58184915988899,-170.554833,30.955284
65.6,14.367308554720807,-0.6488950910496563,117.93959075214026,19.419553250399993,-170.522271,30.551826999999943
65.7,14.12069331990732,-0.5492286993275499,118.33625599577266,19.265103954881745,-170.49018,30.156462
65.8,13.941769089023165,-0.45067877955969493,118.72669671892663,19.116914177272072,-170.458631,29.767298
65.9,13.830483935016282,-0.36423191272258393,119.11279468215618,18.973409612843145,-170.4277,29.382441
66.0,13.77240996250716,-0.3066810814710976,119.49642953073618,18.833030843373564,-170.397458,29.0
66.1,13.661722164137156,-0.3063688153294173,119.87800502736174,18.695464202849827,-170.367978,28.619564999999948
66.2,13.533433515015263,-0.3553556888021667,120.25634283006319,18.561717624131287,-170.339335,28.242313
66.3,13.387311665440134,-0.4161449204515755,120.63095195139634,18.432220301204737,-170.3116,27.868732
66.4,13.223704463991671,-0.46057888207282005,121.00134039377812,18.307399754600056,-170.284847,27.499311
66.5,13.041659129601044,-0.4578827219135526,121.36701840362421,18.187681112122682,-170.25915,27.134537
66.6,12.864231845671599,-0.4206911802300439,121.72758244902674,18.073413592161536,-170.234581,26.77481099999995
66.7,12.714720525855032,-0.3765979497647791,122.08347551693615,17.964248812553997,-170.211212,26.419686
66.8,12.593408896474582,-0.32887494918676907,122.43547652389209,17.859566520416617,-170.189119,26.068379
66.9,12.49999162966286,-0.2863594132504659,122.78436693725709,17.75874910010931,-170.168372,25.720106
67.0,12.426987791145716,-0.25955308264257226,123.13092616166902,17.661188261286185,-170.149047,25.374086
67.1,12.327400540077809,-0.24993482766280906,123.47519329377582,17.566886533464984,-170.131215,25.03028099999995
67.2,12.228763915316076,-0.25003232837060807,123.81670288608615,17.476259332578294,-170.114949,24.689159
67.3,12.131236023715905,-0.25468307100336673,124.15548171215708,17.389321343381287,-170.100324,24.350696
67.4,12.034631130542211,-0.25916834457762405,124.49155888009624,17.306085585400215,-170.087411,24.014867
67.5,11.941919713605447,-0.2601914551948532,124.82496260780935,17.22656746389671,-170.076284,23.681649
67.6,11.858658715267733,-0.2657399774991873,125.15592837066865,17.150617878942366,-170.067017,23.350812999999953
67.7,11.766222426947564,-0.27881110595133407,125.48449725445707,17.078245198635724,-170.059682,23.022326
67.8,11.664554525826349,-0.29203361953700835,125.81041184072316,17.00970188519343,-170.054352,22.696455
67.9,11.553710751172058,-0.2983216924803074,126.13341721161504,16.94523930392276,-170.0511,22.373466
68.0,11.434506345063815,-0.2868098419642937,126.45325810318614,16.885107493647656,-170.05,22.053627
68.1,11.321321213212387,-0.2855620666951513,126.76981010318619,16.828781053077165,-170.05,21.737074999999955
68.2,11.21915219152229,-0.312713401403407,127.08331910318614,16.775389998810052,-170.05,21.423566
68.3,11.127999279993093,-0.3387122142317587,127.39409110318614,16.724667600853575,-170.05,21.112794
68.4,11.047754477545073,-0.3413826589588851,127.70243310318614,16.67635170625234,-170.05,20.804452
68.5,10.947421474215114,-0.2920349466823282,128.00864910318614,16.63018218498911,-170.05,20.498236
68.6,10.757123571236127,-0.15200851309214336,128.31075510318618,16.587721785142197,-170.05,20.196129999999958
68.7,10.67644676446802,0.059883465967512706,128.60858810318615,16.549078813040477,-170.05,19.898297
68.8,10.705175051750881,0.2753233826044692,128.90519310318615,16.511814288638917,-170.05,19.601692
68.9,10.843416434164464,0.43353965008182804,129.20361110318615,16.473508897685438,-170.05,19.303274
69.0,11.106831068311088,0.44839923923719915,129.50688510318614,16.431752797556328,-170.05,19.0
69.1,11.395625956259886,0.2795538444895307,129.8184531031862,16.384708661315766,-170.05,18.688431999999953
69.2,11.50222302223075,-0.0014507138078432291,130.13635610318613,16.334730327116183,-170.05,18.370529
69.3,11.427054270543083,-0.30616390079979716,130.45553810318614,16.2856853369877,-170.05,18.051347
69.4,11.169903699037386,-0.5627727605947719,130.77094510318614,16.241414097716035,-170.05,17.73594
69.5,10.768679686797286,-0.6799277782988682,131.07752510318613,16.205730983961946,-170.05,17.42936
69.6,10.516497164971794,-0.6406536093333699,131.37416910318618,16.17934425533622,-170.05,17.132715999999956
69.7,10.336351363513947,-0.5157666961285301,131.66447510318613,16.159281209481573,-170.05,16.84241
69.8,10.228242282423272,-0.3589410019974082,131.95044310318613,16.143836684820656,-170.05,16.556442
69.9,10.192169921699417,-0.21183218825197692,132.23407510318614,16.131310384958848,-170.05,16.27281
70.0,10.192061920619487,-0.11042802735719803,132.51737110318615,16.12000836766685,-170.05,15.989514
70.1,10.075960759608037,-0.052980250082216074,132.7992871031862,16.110619918941953,-170.05,15.707597999999962
70.2,10.01764017640212,-0.021942527117589705,133.07851310318617,16.104039919645295,-170.05,15.428372
70.3,10.016884168841843,-0.0017619057308948527,133.35665110318618,16.09888886755717,-170.05,15.150234
70.4,10.073692736927601,0.03665421269599811,133.63530210318618,16.093791198212564,-170.05,14.871583
70.5,10.159013590136357,0.12135785693518564,133.91606710318618,16.087370197673586,-170.05,14.590818
70.6,10.149941499415336,0.19467956917335094,134.19807710318622,16.080179562460618,-170.05,14.30880799999996
70.7,10.188281882819254,0.218395890252701,134.4802741031862,16.072919970889707,-170.05,14.026611
70.8,10.27414274142766,0.23468556363886783,134.7639771031862,16.064436854275634,-170.05,13.742908
70.9,10.407524075241133,0.27055375448854413,135.0505041031862,16.053579673327977,-170.05,13.456381
71.0,10.563153631536679,0.35352836045839453,135.3411751031862,16.039195740978542,-170.05,13.16571
71.1,10.64080640806448,0.41887132158036877,135.63521610318625,16.02176939166508,-170.05,12.871668999999958
71.2,10.765223652236841,0.4261353802350065,135.93184610318622,16.001789571976044,-170.05,12.575039
71.3,10.936405364054005,0.4288805125813955,136.23236610318622,15.978126756568688,-170.05,12.274519
71.4,11.154567545675821,0.4605189408537438,136.53807710318623,15.675641200747227,-170.05,11.968808
71.5,11.38212582125864,0.5547482048246692,136.85028110318623,15.299159755751326,-170.05,11.656604
71.6,11.500819008190534,0.7015360363393768,137.16733410318628,14.93602147638465,-170.05,11.339550999999954
71.7,11.72308523085273,0.8703730393947904,137.48864410318623,14.588155409317656,-170.05,11.018241
71.8,12.049032490325235,1.0455080075276193,137.81708710318622,14.255744143130832,-170.05,10.689798
71.9,12.478444784448165,1.1979704286708035,138.15554210318624,13.939447558692418,-170.05,10.351343
72.0,13.011322113221516,1.279686625682377,138.50688510318622,13.64047286570374,-170.05,10.0
72.1,13.549599495995466,1.2831233610663872,138.87344110318628,13.360693279210288,-170.05,9.633443999999947
72.2,14.015840158402073,1.2497499384294635,139.25428110318623,13.103786627567468,-170.05,9.252604
72.3,14.410044100441548,1.1947129194216402,139.64740410318623,12.874004419346802,-170.05,8.859481
72.4,14.731995319953766,1.114882181950616,140.05080810318623,12.675351570269322,-170.05,8.456077
72.5,15.036650874376837,1.0017923261062371,140.46249010318624,12.511452590168139,-170.05,8.044395
72.6,15.527571951445042,0.9097789563858605,140.8848527911264,12.373478133001576,-170.03857,7.622186999999939
72.7,15.918986585872183,0.8714478509769599,141.31992193071912,12.245697276501039,-169.997171,7.189092
72.8,16.21058828198559,0.8393264129068463,141.764933786905,12.128816119841558,-169.92376,6.750177
72.9,16.402378796063967,0.7701312928736535,142.2171181716022,12.023672411513566,-169.817368,6.310687
73.0,16.550602596930364,0.62151348564608,142.67370389446813,11.931055598852014,-169.677983,5.875897
73.1,16.88389962148221,0.4960920939183069,143.13661759500644,11.850466358290705,-169.50464399999998,5.4466619999999395
73.2,17.125424519102054,0.4597332891199777,143.60793539072918,11.78108057189223,-169.296011,5.024036
73.3,17.27537085201489,0.4361292885290773,144.08511004074842,11.723079110171353,-169.05295,4.613406
73.4,17.33348263415004,0.3758410389067528,144.56559737681982,11.67654631882222,-168.777265,4.219876
73.5,17.351732769294497,0.22892889907106095,145.0468502463614,11.641487583163105,-168.471654,3.848115
73.6,17.535951658450593,0.09573911398947743,145.53062694380876,11.616456411496564,-168.13652599999995,3.4992179999999524
73.7,17.626983315451422,0.04692532239461755,146.018656551306,11.599740816359725,-167.772131,3.174581
73.8,17.624918807925997,0.011141013889464091,146.5083512334111,11.590891815524964,-167.382152,2.87841
73.9,17.529574184434995,-0.059082519752845286,146.9971244786578,11.589483064418053,-166.970977,2.614148
74.0,17.39207774962883,-0.2141071515955275,147.4823894574663,11.475207783348633,-166.543564,2.384365
74.1,17.41902377990709,-0.33611489061870614,147.96582504576742,11.273033492587366,-166.10131399999995,2.1891089999999758
74.2,17.35591193466027,-0.3480883667437098,148.44917412396242,11.107887868139692,-165.645378,2.028645
74.3,17.20281723020462,-0.34395301007484136,148.92993930098962,10.987752343643942,-165.180927,1.904466
74.4,16.959714706266084,-0.38397699033004784,149.40562305614844,10.91924449398698,-164.713336,1.817095
74.5,16.69744496890305,-0.5346435827616887,149.8737274399615,10.907075407398446,-164.24802,1.766078
74.6,16.65916659166539,-0.7635854877308397,150.33742126600305,10.86198719611069,-163.78460499999994,1.75
74.7,16.458932589327514,-0.9992484625691276,150.798650266003,10.423925604442177,-163.323376,1.75
74.8,16.097020970210316,-1.2163958006313997,151.252820266003,10.067262850107783,-162.869206,1.75
74.9,15.573539735396627,-1.371530997961031,151.695442266003,9.79578916035259,-162.426584,1.75
75.0,14.89745297452927,-1.3881023879577405,152.122026266003,9.610671152422196,-162.0,1.75
75.1,14.300423004229675,-1.2071514661009068,152.52991826600305,9.510964045966324,-161.59210799999994,1.75
75.2,13.894230942309408,-0.8969233048971113,152.922993266003,9.499585087523005,-161.199033,1.75
75.3,13.679200792007483,-0.5601629442853806,153.30655626600299,9.580138011578962,-160.81547,1.75
75.4,13.655116551167557,-0.26506348979500416,153.685912266003,9.754450472527715,-160.436114,1.75
75.5,13.764197641976258,-0.08697709354713723,154.066368266003,10.022443415303693,-160.055658,1.75
75.6,13.67293672936731,-0.04744138350542215,154.44784526600304,10.37690319511377,-159.67418099999995,1.75
75.7,13.587939879401617,-0.09750796808745932,154.82684526600298,10.805953531399298,-159.295181,1.75
75.8,13.509099090990192,-0.18065635201834596,155.203539266003,11.301021266645296,-158.918487,1.75
75.9,13.436198361982783,-0.24088003117798706,155.578100266003,11.85378584644907,-158.543926,1.75
76.0,13.365565655656011,-0.22578862152269963,155.950697266003,12.456537429247406,-158.171329,1.75
76.1,13.282944829447601,-0.19056763994247206,156.32117526600305,13.102066677597241,-157.80085099999994,1.75
76.2,13.21015210152301,-0.18497947217186095,156.68944826600298,13.784115420515171,-157.432578,1.75
76.3,13.147403474035542,-0.1802007530549261,157.05579226600298,14.497609442344487,-157.066234,1.75
76.4,13.094590945908534,-0.1711772362469226,157.420484266003,15.114308623875724,-156.701542,1.75
76.5,13.04523445234543,-0.15196096016921956,157.783802266003,15.44048585615673,-156.338224,1.75
76.6,12.975897758978576,-0.13368140674437967,158.14549526600305,15.771835745846536,-155.97653099999994,1.75
76.7,12.920925209253747,-0.12513656605052859,158.50539526600298,16.107883901684943,-155.616631,1.75
76.8,12.88042480425065,-0.11799243866530063,158.86390126600304,16.44833968872319,-155.25812499999995,1.75
76.9,12.854072540723951,-0.10880178731903811,159.221413266003,16.79296721177556,-154.900613,1.75
77.0,12.83376833768407,-0.09542822701030218,159.57832826600298,17.141579026309213,-154.543698,1.75
77.1,12.786895868961073,-0.06421218058394018,159.93435126600303,17.493802385577204,-154.18767499999996,1.75
77.2,12.756223562235641,-0.013218663655106155,160.28922126600298,17.849279934160506,-153.832805,1.75
77.3,12.741859418593636,0.036347566273658316,160.64339026600305,18.20791554298564,-153.47863599999994,1.75
77.4,12.743587435875584,0.06343385112164057,160.997309266003,18.5696531020396,-153.124717,1.75
77.5,12.778039780397997,0.037879749425840714,161.35142826600298,18.934472616833137,-152.770598,1.75
77.6,12.85655656556714,-0.0484144701581215,161.70726826600304,19.30280798740344,-152.41475799999995,1.75
77.7,12.852992529926569,-0.1668922283620411,162.06452826600298,19.674433613702934,-152.057498,1.75
77.8,12.767347673476273,-0.28995464779875135,162.42092826600305,20.048298541412592,-151.70109799999994,1.75
77.9,12.599513995139644,-0.3947633881937236,162.774188266003,20.423268770552966,-151.347838,1.75
78.0,12.366663666637953,-0.4494765227373172,163.122026266003,20.79813693579307,-151.0,1.75
78.1,12.200666006662969,-0.43324139535077677,163.46393526600303,21.172417522906617,-150.65809099999996,1.75
78.2,12.067716677164633,-0.3681851503825371,163.801541266003,21.54658930399949,-150.320485,1.75
78.3,11.967923679237956,-0.28830777818272324,164.13576126600304,21.920877916959153,-149.98626499999995,1.75
78.4,11.90117901179098,-0.21821197232940293,164.46751326600298,22.295551154146622,-149.654513,1.75
78.5,11.855926559267129,-0.1819602112102352,164.797717266003,22.670914810114766,-149.324309,1.75
78.6,11.772441724417744,-0.17326082351672056,165.12625526600306,23.046812271644942,-148.99577099999993,1.75
78.7,11.697056970570229,-0.17514685636342264,165.452550266003,23.4228686141253,-148.669476,1.75
78.8,11.629880298804279,-0.18260007774985,165.77682726600304,23.79909423380654,-148.34519899999995,1.75
78.9,11.570911709119931,-0.18445219417312764,166.09931426600298,24.175512979768264,-148.022712,1.75
79.0,11.515507155070003,-0.16977022917124884,166.420238266003,24.552159139206964,-147.701788,1.75
79.1,11.446278462785957,-0.15379839113086113,166.73945026600305,24.92888662567542,-147.38257599999994,1.75
79.2,11.386121861218351,-0.1488098797073416,167.056822266003,25.30556159348407,-147.065204,1.75
79.3,11.335145351453026,-0.14507242974520196,167.37261026600305,25.682250219578876,-146.74941599999994,1.75
79.4,11.29334893349001,-0.1375796974744432,167.687067266003,26.059026024233546,-146.434959,1.75
79.5,11.255224552247297,-0.12084281681921993,168.000448266003,26.435971652467856,-146.121578,1.75
79.6,11.199711997120692,-0.1056136435491144,168.31255226600305,26.812935836209345,-145.80947399999994,1.75
79.7,11.155755557556775,-0.09980589316385924,168.623221266003,27.1897895620401,-145.498805,1.75
79.8,11.123247232472718,-0.09536633827924668,168.93277626600306,27.566661306050534,-145.18924999999993,1.75
79.9,11.10240302403108,-0.08604876258606886,169.24153626600298,27.9436859172175,-144.88049,1.75
80.0,11.085770857708434,-0.064795053544767,169.549822266003,28.321006151223088,-144.572204,1.75
80.1,11.046674466745001,-0.04625430869639224,169.85736526600306,28.698447579005467,-144.26466099999993,1.75
80.2,11.022158221583059,-0.040874184965515425,170.163956266003,29.075866592844662,-143.95807,1.75
80.3,11.012330123302334,-0.03716086111880301,170.47000326600303,29.453460781248307,-143.65202299999996,1.75
80.4,11.017190171902827,-0.026006903425310313,170.77591426600299,29.831434519924514,-143.346112,1.75
80.5,11.02669426694434,0.002916812384775369,171.082096266003,30.20999792129917,-143.03993,1.75
80.6,11.004230042300486,0.030304149194941843,171.38813726600304,30.588904672516875,-142.73388899999995,1.75
80.7,11.004230042300486,0.04138048373444114,171.693763266003,30.96798251738672,-142.428263,1.75
80.8,11.026586265864605,0.05064246446568532,171.99959626600304,31.34756783396287,-142.12242999999995,1.75
80.9,11.071406714066429,0.06891467516000027,172.306257266003,31.728004303160347,-141.815769,1.75
81.0,11.124435244352911,0.10796226843350709,172.614369266003,32.109644184102216,-141.507657,1.75
81.1,11.13318333183319,0.14646090516816557,172.92339926600306,32.49217793077487,-141.19862699999993,1.75
81.2,11.171091710916425,0.1677338451698951,173.232943266003,32.8753653756257,-140.889083,1.75
81.3,11.23826838268238,0.18655641101797826,173.54380926600305,33.25967009606519,-140.57821699999994,1.75
81.4,11.334497344974604,0.21182379655968475,173.85681126600298,33.64556789528488,-140.265215,1.75
81.5,11.446278462782896,0.2512441208333698,174.172758266003,34.03354012934629,-139.949268,1.75
81.6,11.514643146432109,0.28878365706873055,174.49129526600305,34.42338768329412,-139.63073099999994,1.75
81.7,11.604500044998298,0.31359299607124136,174.811930266003,34.814826260218744,-139.310096,1.75
81.8,11.716281162812747,0.3349519509186436,175.13526526600305,35.20821939932671,-138.98676099999994,1.75
81.9,11.84966249662697,0.3552276781514827,175.461905266003,35.60393848627762,-138.660121,1.75
82.0,12.00172801728195,0.3732537325374281,175.79245226600298,36.00235913133299,-138.329574,1.75
82.1,12.142885428855772,0.3792128830377912,176.12715226600304,66.83826451125054,-137.99487399999995,1.75
82.2,12.276050760507447,0.37306387049887846,176.46570026600298,67.79050534712273,-137.656326,1.75
82.3,12.401332013319857,0.36298929422823534,176.80787426600304,68.74473248387199,-137.31415199999995,1.75
82.4,12.518729187292934,0.3515947746890582,177.153455266003,69.70081380215042,-136.968571,1.75
82.5,12.634614346143554,0.340570538573008,177.502223266003,70.65861993740616,-136.619803,1.75
82.6,12.773287732880327,0.3289351075334608,177.85449226600304,71.61827636184199,-136.26753399999996,1.75
82.7,12.899216992171132,0.3167405799926577,178.210494266003,72.57986978072518,-135.911532,1.75
82.8,13.01261812618165,0.3053883685673462,178.56987926600306,73.54321424584073,-135.55214699999993,1.75
82.9,13.113599135991558,0.29653967868219056,178.932298266003,74.5081275024006,-135.189728,1.75
83.0,13.204644046441018,0.2943421042595631,179.29740426600299,75.47443113560303,-134.824622,1.75
83.1,13.30767707676905,0.2937008391065028,179.66513726600306,76.44208298220519,-134.45688899999993,1.75
83.2,13.41708217082002,0.28889834352917987,180.035791266003,77.41120650768354,-134.086235,1.75
83.3,13.532967329673728,0.286583984721144,180.40954426600305,78.38187108254273,-133.71248199999994,1.75
83.4,13.655224552247295,0.2950938600300397,180.786574266003,79.35414629900762,-133.335452,1.75
83.5,13.771001710018178,0.32623682880228344,181.16705926600298,80.32810201461932,-132.954967,1.75
83.6,13.850706507064453,0.3787324586531362,181.55022526600305,81.3033695506135,-132.57180099999994,1.75
83.7,13.976311763116046,0.4398564964661773,181.936031266003,82.2799208473126,-132.185995,1.75
83.8,14.147709477096363,0.5035176225884896,182.32575026600304,83.25833231495932,-131.79627599999995,1.75
83.9,14.365115651155566,0.5632210168258496,182.720657266003,84.23917840395977,-131.401369,1.75
84.0,14.617730177301517,0.6073092199458081,183.122026266003,85.22303092474476,-131.0,1.75
84.1,14.836540365403518,0.6310475692172233,183.53009926600305,86.20998796469789,-130.59192699999994,1.75
84.2,15.053622536226575,0.6431039834870553,183.94423526600298,87.19974512886881,-130.177791,1.75
84.3,15.268976689767745,0.6481145231036542,184.36438526600304,88.19227116808426,-129.75764099999995,1.75
84.4,15.482602826026907,0.6436382545650687,184.790500266003,89.1875362642599,-129.331526,1.75
84.5,15.70800108001132,0.6218730019469056,185.222532266003,90.18551238450684,-128.899494,1.75
84.6,15.978111781117857,0.5948318224440925,185.66144426600306,91.18663383182182,-128.46058199999993,1.75
84.7,16.207938079382238,0.5767812922886257,186.10748726600298,92.19101084966212,-128.014539,1.75
84.8,16.397695976961007,0.5572506774024859,186.55954326600306,93.19813088697282,-127.56248299999993,1.75
84.9,16.547061470614835,0.5226104708600978,187.016496266003,94.2074837981617,-127.10553,1.75
85.0,16.68303483034893,0.457649331737759,187.477227266003,95.21855897801858,-126.644799,1.75
85.1,16.90562505625097,0.3945049940006733,187.9428072660031,96.23184465419953,-126.17921899999993,1.75
85.2,17.07691476914842,0.3576556744583854,188.414096266003,97.2477335051306,-125.70793,1.75
85.3,17.19668796688037,0.3253333232631448,188.88966526600308,98.26557518039749,-125.23236099999993,1.75
85.4,17.26494464944675,0.28369234741296623,189.368084266003,99.28471871511428,-124.753942,1.75
85.5,17.3038250382507,0.22174102859916545,189.847924266003,100.30451304755138,-124.274102,1.75
85.6,17.41636216362178,0.1747499992484336,190.32967526600305,101.32518241289888,-123.79235099999993,1.75
85.7,17.504059040590136,0.16129636820832616,190.814320266003,102.3471765530561,-123.307706,1.75
85.8,17.56669966699787,0.15574001893866907,191.30117026600306,103.37018207864764,-122.82085599999994,1.75
85.9,17.604608046081108,0.14508816416852,191.789531266003,104.39388288317006,-122.332495,1.75
86.0,17.625776257763494,0.11918545758906518,192.278714266003,105.41796463567937,-121.843312,1.75
86.1,17.67545675456736,0.10289193801050445,192.76877926600307,106.44245512361617,-121.35324699999993,1.75
86.2,17.72222122221214,0.10922661674150547,193.260197266003,107.46757030065042,-120.861829,1.75
86.3,17.766069660697866,0.1198267227425589,193.75288726600306,108.49327375326709,-120.36913899999993,1.75
86.4,17.807110071101178,0.12582293655087895,194.246770266003,109.51952992715745,-119.875256,1.75
86.5,17.847610476105807,0.11834454008875994,194.741765266003,110.54630229152,-119.380261,1.75
86.6,17.895454954549514,0.11041369154956371,195.2379802660031,111.57364092262182,-118.88404599999993,1.75
86.7,17.93789937899403,0.11212140093418199,195.73547426600302,112.60157352030524,-118.386552,1.75
86.8,17.97505175051757,0.11422282055002952,196.2340982660031,113.630032365274,-117.88792799999993,1.75
86.9,18.00658806588091,0.11080250662653768,196.73370326600303,114.65894960469649,-117.388323,1.75
87.0,18.038988389885226,0.09451178427898199,197.23413826600301,115.68825632837822,-116.887888,1.75
87.1,18.08974889748954,0.07621614677739075,197.7357222660031,116.71809957491791,-116.38630399999992,1.75
87.2,18.123553235533514,0.06599891173747352,198.23856026600305,117.74852825225952,-115.883466,1.75
87.3,18.140401404014103,0.05623762531323351,198.74217926600312,118.77932534344285,-115.37984699999993,1.75
87.4,18.140185401854623,0.040588168119491286,199.24610926600303,119.81027474674653,-114.875917,1.75
87.5,18.133705337054987,0.011912706539671802,199.749876266003,120.84115805727161,-114.37215,1.75
87.6,18.16027360273657,-0.015874634271138888,200.2538752660031,121.87215702144128,-113.86815099999993,1.75
87.7,18.16588965889676,-0.03189507419573445,200.75841826600302,122.90341548540327,-113.363608,1.75
87.8,18.15022950229636,-0.045588218120197865,201.26291826600308,123.93466273708782,-112.85910799999994,1.75
87.9,18.113401134012037,-0.06272125658348315,201.766787266003,124.96562706139285,-112.355239,1.75
88.0,18.064692646925824,-0.08803864262420191,202.26943726600302,125.99603623568053,-111.852589,1.75
88.1,18.04730447304501,-0.110689918087985,202.7710952660031,,-111.35093099999993,1.75
88.2,18.017820178202836,-0.12381976966604569,203.27215726600303,,-110.849869,1.75
88.3,17.97613176131801,-0.13363210555155192,203.7722862660031,,-110.34973999999993,1.75
88.4,17.92234722347337,-0.14108322901357795,204.27114426600303,,-109.850882,1.75
88.5,17.85722257222552,-0.1444003950526671,204.76839526600304,,-109.353631,1.75
88.6,17.797605976061195,-0.1409160944757737,205.2638512660031,,-108.85817499999993,1.75
88.7,17.748465484656037,-0.1331733597056619,205.75774826600303,,-108.364278,1.75
88.8,17.710017100171033,-0.1231071751277355,206.2503782660031,,-107.87164799999992,1.75
88.9,17.682044820449796,-0.11196125947266111,206.74203626600303,,-107.37999,1.75
89.0,17.65590855908564,-0.1013587058949561,207.23301626600303,,-106.88901,1.75
89.1,17.603204032041432,-0.06651115462228674,207.72292126600308,,-106.39910499999993,1.75
89.2,17.571991719917314,-0.0005807750385251609,208.211561266003,,-105.910465,1.75
89.3,17.562379623797597,0.06483141754490518,208.69953326600307,,-105.42249299999993,1.75
89.4,17.57436774367769,0.1065612054725058,209.187437266003,,-104.934589,1.75
89.5,17.627072270723424,0.09304463674022045,209.675873266003,,-104.446153,1.75
89.6,17.731077310773692,-0.02497892111783173,210.1666772660031,,-103.95534899999993,1.75
89.7,17.735829358294446,-0.229138655022588,210.65945026600303,,-103.462576,1.75
89.8,17.64132841328567,-0.44035090700537083,211.1514372660031,,-102.97058899999993,1.75
89.9,17.447682476825634,-0.5890286175587427,211.63988126600302,,-102.482145,1.75
90.0,17.138475384754166,-0.5815614100196242,212.12202626600302,,-102.0,1.75
90.1,16.804104041042297,-0.4094768220410998,212.59462326600308,,-101.52740299999994,1.75
90.2,16.650742507425885,-0.15743898697766667,213.059607266003,,-101.062419,1.75
90.3,16.67817478174846,0.11851866770391695,213.52200426600308,,-100.60002199999992,1.75
90.4,16.886508865089716,0.37174847272900635,213.98683826600302,,-100.135188,1.75
90.5,17.220448204482604,0.5441662808231769,214.45913426600302,,-99.662892,1.75
90.6,17.364737647376504,0.6051200372142951,214.93879126600308,,-99.18323499999993,1.75
90.7,17.51950319503259,0.5885719696357938,215.42255126600298,,-98.699475,1.75
90.8,17.6845288452884,0.5418431806697583,215.91070526600305,,-98.21132099999993,1.75
90.9,17.860030600306384,0.49852701324256543,216.40354126600297,,-97.718485,1.75
91.0,18.055188551887383,0.48183174139434826,216.90134826600297,,-97.220678,1.75
91.1,18.27788677886763,0.47330787993193013,217.40502626600306,,-96.71699999999993,1.75
91.2,18.458572585726852,0.46032488296931007,217.914501266003,,-96.207525,1.75
91.3,18.597137971380818,0.44390863489035937,218.42860426600305,,-95.69342199999993,1.75
91.4,18.693690936909185,0.40340578230922475,218.946165266003,,-95.175861,1.75
91.5,18.78354783547845,0.31224787772380935,219.466017266003,,-94.656009,1.75
91.6,18.984645846460417,0.21225107355994766,219.98981826600306,,-94.13220799999993,1.75
91.7,19.098478984789853,0.14309024209109822,220.51839626600298,,-93.60363,1.75
91.8,19.12504725047296,0.0780553260078598,221.04932926600304,,-93.07269699999993,1.75
91.9,19.064566645667664,-0.0022182040002505232,221.580195266003,,-92.541831,1.75
92.0,18.957645576456798,-0.11490254762700403,222.108573266003,,-92.013453,1.75
92.1,18.98421384213837,-0.21068392502069955,222.63553526600305,,-91.48649099999993,1.75
92.2,18.95300153001578,-0.25976728298739715,223.16269826600296,,-90.959328,1.75
92.3,18.864116641167204,-0.2950889648762036,223.68846126600303,,-90.43356499999993,1.75
92.4,18.717451174512963,-0.3310847793793741,224.21121926600296,,-89.910807,1.75
92.5,18.528449284493924,-0.37416562976797607,224.72936926600295,,-89.392657,1.75
92.6,18.395607956079886,-0.39399904488571735,225.24279426600302,,-88.87923199999993,1.75
92.7,18.272594725946618,-0.3820814431922166,225.75261926600297,,-88.369407,1.75
92.8,18.158869588696884,-0.36008821626687393,226.25911226600303,,-87.86291399999993,1.75
92.9,18.054864548646634,-0.3310571567252545,226.76253826600296,,-87.359488,1.75
93.0,17.946431464314827,-0.29209977414400967,227.26316226600295,,-86.858864,1.75
93.1,17.797281972820436,-0.2503762799861029,227.760194266003,,-86.36183199999994,1.75
93.2,17.69306093061071,-0.21624447013708092,228.25350026600293,,-85.868526,1.75
93.3,17.633984339843543,-0.18282980032642016,228.744330266003,,-85.37769599999993,1.75
93.4,17.61994419944382,-0.13831397055226802,229.23393626600293,,-84.88809,1.75
93.5,17.625452254522745,-0.06960768908381709,229.72356926600293,,-84.398457,1.75
93.6,17.549203492035776,-0.004394799193036647,230.212355266003,,-83.90967099999993,1.75
93.7,17.52036720367203,0.03648707815734653,230.6994632660029,,-83.422563,1.75
93.8,17.53894338943457,0.07125490835305115,231.18620926600298,,-82.93581699999993,1.75
93.9,17.604932049321857,0.10924969389510153,231.6739112660029,,-82.448115,1.75
94.0,17.701485014850235,0.15534421078440985,232.16388426600292,,-81.958142,1.75
94.1,17.74101341013416,0.1924935333267932,232.655930266003,,-81.46609599999992,1.75
94.2,17.79198991989947,0.21370143771354932,233.14918026600293,,-80.972846,1.75
94.3,17.854198541985188,0.22748024683025037,233.643949266003,,-80.47807699999993,1.75
94.4,17.927855278552293,0.22987887221560754,234.14055326600294,,-79.981473,1.75
94.5,18.022032220323368,0.2093213239828593,234.63930726600293,,-79.482719,1.75
94.6,18.140833408334604,0.1736255124792372,235.141111266003,,-78.98091499999992,1.75
94.7,18.212006120061584,0.13990909139911878,235.64577526600294,,-78.476251,1.75
94.8,18.235658356584093,0.10267620158773028,236.15197626600303,,-77.97004999999993,1.75
94.9,18.211790117902108,0.052001568967156686,236.65839326600297,,-77.463633,1.75
95.0,18.17118171181774,-0.024478916117576688,237.16370526600298,,-76.958321,1.75
95.1,18.22788227882453,-0.11119062239534827,237.66911126600303,,-76.45291499999993,1.75
95.2,18.219674196742947,-0.1889676239419238,238.17549326600295,,-75.946533,1.75
95.3,18.146989469896532,-0.2603127429880736,238.681050266003,,-75.44097599999994,1.75
95.4,18.009396093961776,-0.32453051803299715,239.18398626600293,,-74.93804,1.75
95.5,17.819314193142283,-0.3730488353837842,239.68250126600293,,-74.439525,1.75
95.6,17.67794077940899,-0.3607805308823444,240.17610826600298,,-73.94591799999993,1.75
95.7,17.565511655116143,-0.2863899268363852,240.66605726600292,,-73.455969,1.75
95.8,17.482350823509044,-0.1997404589432854,241.15315426600299,,-72.96887199999993,1.75
95.9,17.428134281343915,-0.13378630289811966,241.63820826600292,,-72.483818,1.75
96.0,17.40556205562186,-0.1256428648204313,242.12202626600293,,-72.0,1.75
96.1,17.38482584825842,-0.17379649320976043,242.605402266003,,-71.51662399999992,1.75
96.2,17.32207722077249,-0.2478619191788134,243.08781526600293,,-71.034211,1.75
96.3,17.217316173160967,-0.32794174095644024,243.568096266003,,-70.55392999999992,1.75
96.4,17.070542705428526,-0.38993326996244804,244.04507926600292,,-70.076947,1.75
96.5,16.88586085860822,-0.40298724665546715,244.51759626600293,,-69.60443,1.75
96.6,16.721807218073124,-0.37409115349832334,244.985048266003,,-69.13697799999993,1.75
96.7,16.594149941498838,-0.3319071652250578,245.44828126600294,,-68.673745,1.75
96.8,16.502565025650675,-0.2817968739128993,245.908302266003,,-68.21372399999993,1.75
96.9,16.447268472685103,-0.22761066771507643,246.36611526600294,,-67.755911,1.75
97.0,16.407200072002496,-0.17067618228588088,246.82272726600291,,-67.299299,1.75
97.1,16.300711007110568,-0.12171135697362345,247.277409266003,,-66.84461699999993,1.75
97.2,16.23461434614355,-0.08725856489360595,247.72950826600294,,-66.392518,1.75
97.3,16.209126091260895,-0.05791106862156781,248.18014626600302,,-65.94187999999993,1.75
97.4,16.22381423814365,-0.024593952233601613,248.63044726600293,,-65.491579,1.75
97.5,16.263666636666777,0.018961028771052213,249.08153226600294,,-65.040494,1.75
97.6,16.251894518944628,0.05114211981325667,249.533159266003,,-64.58886699999992,1.75
97.7,16.25319053190609,0.06186915016028394,249.98458126600292,,-64.137445,1.75
97.8,16.26755467554733,0.06619017239126279,250.436160266003,,-63.68586599999993,1.75
97.9,16.294986949869877,0.06889264696868125,250.88825826600294,,-63.233768,1.75
98.0,16.335487354874505,0.07105910219975087,251.34123826600293,,-62.780788,1.75
98.1,16.373395733958517,0.06628248100665957,251.795377266003,,-62.32664899999994,1.75
98.2,16.396615966159764,0.05484285612080697,252.2504342660029,,-61.871592,1.75
98.3,16.405040050401595,0.040717190388654956,252.70600026600297,,-61.41602599999994,1.75
98.4,16.39866798668016,0.0215243411174022,253.1616622660029,,-60.960364,1.75
98.5,16.388407884079715,-0.006855313308424371,253.61701126600292,,-60.505015,1.75
98.6,16.411520115202,-0.03540210227261653,254.07250426600297,,-60.04952199999994,1.75
98.7,16.410116101161563,-0.055867691543905806,254.5284132660029,,-59.593613,1.75
98.8,16.383979839798933,-0.0744846609304588,254.98405426600297,,-59.137971999999934,1.75
98.9,16.333327333274372,-0.09620970335584289,255.43874326600292,,-58.683283,1.75
99.0,16.26874268742752,-0.12475194682050272,255.89179526600293,,-58.230231,1.75
99.1,16.239798397984792,-0.14923960428441774,256.343458266003,,-57.778567999999936,1.75
99.2,16.197893978940503,-0.16348485163188897,256.7941972660029,,-57.327829,1.75
99.3,16.142813428134385,-0.17382201794067953,257.243651266003,,-56.878374999999934,1.75
99.4,16.07498874988772,-0.18099306867215503,257.69145726600294,,-56.430569,1.75
99.5,15.994527945279456,-0.1823273477490659,258.13725626600296,,-55.98477,1.75
99.6,15.918495184952723,-0.17664477344064267,258.580811266003,,-55.54121499999994,1.75
99.7,15.856070560706012,-0.16811426855509737,259.022380266003,,-55.099646,1.75
99.8,15.807470074701065,-0.1571711521310739,259.462343266003,,-54.65968299999994,1.75
99.9,15.772261722617426,-0.13966363439859464,259.90108026600296,,-54.220946,1.75
100.0,15.739213392134682,-0.10896682393395807,260.33896926600295,,-53.783057,1.75
100.1,15.670092700927306,-0.07508361796895002,260.775461266003,,-53.346564999999934,1.75
100.2,15.63088830888338,-0.04875048750465183,261.2103112660029,,-52.911715,1.75
100.3,15.621708217082617,-0.023849539194642944,261.644352266003,,-52.477673999999936,1.75
100.4,15.642768427685267,0.004475569231047416,262.0784192660029,,-52.043607,1.75
100.5,15.680676806768506,0.039844804042378,262.51334726600294,,-51.608679,1.75
100.6,15.675168751688052,0.0700804210840218,262.948832266003,,-51.17319399999994,1.75
100.7,15.686184861848965,0.08852675939337473,263.384318266003,,-50.737708,1.75
100.8,15.71361713617152,0.10247515062545531,263.82026226600306,,-50.301763999999935,1.75
100.9,15.757573575736204,0.10807765420319981,264.25712126600297,,-49.864905,1.75
101.0,15.817298172982564,0.09450898704814037,264.69535326600294,,-49.426673,1.75
101.1,15.87183871838769,0.10513007227987714,265.135255266003,,-48.98677099999993,1.75
101.2,15.910827108271373,0.1643519931704951,265.5765272660029,,-48.545499,1.75
101.3,15.934047340474162,0.22121549886852776,266.018736266003,,-48.10328999999994,1.75
101.4,15.941607416075014,0.22756870925356054,266.4614462660029,,-47.66058,1.75
101.5,15.98880388803952,0.11799698416557192,266.9042232660029,,-47.217803,1.75
101.6,16.196705967060325,-0.1091231192033213,267.35067926600294,,-46.771346999999935,1.75
101.7,16.20955809558215,-0.38601295103877575,267.8011042660029,,-46.320922,1.75
101.8,16.027468274683187,-0.6625125691817679,268.25008126600295,,-45.87194499999993,1.75
101.9,15.650436504365093,-0.8912935283198848,268.6921942660029,,-45.429832,1.75
102.0,15.11226712267172,-0.9991659357152578,269.1220262660029,,-45.0,1.75
102.1,14.719143191432652,-0.9257050612464717,269.5379412660029,,-44.584084999999945,1.75
102.2,14.436180361804361,-0.7241607381108253,269.94395526600283,,-44.178071,1.75
102.3,14.26316263162722,-0.48826047701023256,270.3431272660029,,-43.778898999999946,1.75
102.4,14.20041400414053,-0.2828535278361173,270.7385142660029,,-43.383512,1.75
102.5,14.212618126181637,-0.17422866536378834,271.13317726600286,,-42.988849,1.75
102.6,14.104725047250808,-0.15396692428480563,271.52694526600294,,-42.595080999999944,1.75
102.7,14.008604086041393,-0.17504196020994556,271.91782526600286,,-42.204201,1.75
102.8,13.924147241472829,-0.21505354913689345,272.3061432660029,,-41.81588299999994,1.75
102.9,13.851462514625675,-0.24070765183168064,272.6922232660028,,-41.429803,1.75
103.0,13.78374583745874,-0.22062458386813333,273.0763922660028,,-41.045634,1.75
103.1,13.695616956169873,-0.18838894682652807,273.45842626600285,,-40.663599999999946,1.75
103.2,13.621096210962564,-0.1745492979406258,273.8381372660028,,-40.283889,1.75
103.3,13.559967599676531,-0.1624089667470976,274.21590326600284,,-39.906122999999944,1.75
103.4,13.512555125551788,-0.14975988920729577,274.5920992660028,,-39.529927,1.75
103.5,13.4743227432278,-0.13552478182130656,274.96710326600277,,-39.154923,1.75
103.6,13.421834218342303,-0.12809009208993416,275.3408962660028,,-38.78112999999995,1.75
103.7,13.370749707497255,-0.13016598697476311,275.71324326600273,,-38.408783,1.75
103.8,13.321393213932605,-0.13456812889825542,276.0841892660028,,-38.03783699999995,1.75
103.9,13.273764737647618,-0.13640381159056858,276.45377926600275,,-37.668247,1.75
104.0,13.226784267842586,-0.13055585101288614,276.8220602660028,,-37.299966,1.75
104.1,13.17742777427794,-0.12833380082042467,277.1890062660028,,-36.93301999999995,1.75
104.2,13.130015300153193,-0.13671010835970776,277.55459826600276,,-36.567428,1.75
104.3,13.084654846548831,-0.14548816816808596,277.9188932660028,,-36.20313299999995,1.75
104.4,13.04134641346488,-0.14553642039884807,278.2819472660027,,-35.840079,1.75
104.5,12.992853928539677,-0.12473586274311899,278.6438162660027,,-35.47821,1.75
104.6,12.923841238412807,-0.09979015874081654,279.00403326600275,,-35.11799299999995,1.75
104.7,12.880532805328858,-0.0871228992013009,279.3625702660027,,-34.759456,1.75
104.8,12.863036630366771,-0.07426367970007419,279.72014426600276,,-34.40188199999995,1.75
104.9,12.871352713527328,-0.04951343219741133,280.0774722660027,,-34.044554,1.75
105.0,12.886256862568791,0.0014744902691994355,280.4352692660027,,-33.686757,1.75
105.1,12.841652416524136,0.05483586304375976,280.79271326600275,,-33.32931299999995,1.75
105.2,12.841328413284156,0.08948236335517734,281.14932726600273,,-32.972699,1.75
105.3,12.885500855009099,0.12144736832012626,281.50634426600277,,-32.61568199999995,1.75
105.4,12.974061740617664,0.16170266597802296,281.8649992660027,,-32.257027,1.75
105.5,13.086274862748747,0.21963366486832925,282.22652626600274,,-31.8955,1.75
105.6,13.131311313113898,0.27165901029657746,282.5903842660028,,-31.531641999999948,1.75
105.7,13.207236072361255,0.30311247168423705,282.9557782660027,,-31.166248,1.75
105.8,13.314049140492019,0.32881832314826553,283.3235672660028,,-30.798458999999948,1.75
105.9,13.451642516425622,0.353248987035343,283.6946072660027,,-30.427419,1.75
106.0,13.61440014400192,0.37569047019129087,284.06975526600274,28.305631500771028,-30.052271,1.75
106.1,13.757177571776417,0.38765772273089993,284.4492682660028,27.940429891584724,-29.67275799999995,1.75
106.2,13.890774907749346,0.3902413150004591,284.8326622660027,27.5718861365068,-29.289364,1.75
106.3,14.01508415084181,0.3874898888848861,285.2196822660028,27.200273202567892,-28.902343999999943,1.75
106.4,14.130321303213602,0.3742205254221105,285.6100712660027,26.82586680653628,-28.511955,1.75
106.5,14.251390513905465,0.34079641495715407,286.0035762660027,26.448939683898484,-28.11845,1.75
106.6,14.418900189002153,0.29903445887611113,286.4010862660028,26.068673738485376,-27.720939999999942,1.75
106.7,14.542453424534882,0.2643134822957016,286.8028412660027,25.684877517018162,-27.319185,1.75
106.8,14.62151021510272,0.2292043899459344,287.2076162660028,25.29876023934962,-26.914409999999943,1.75
106.9,14.656502565026114,0.19221730678853177,287.61418026600273,24.911532709966203,-26.507846,1.75
107.0,14.669354693547184,0.15652534147729114,288.02130626600274,24.52439708776548,-26.10072,1.75
107.1,14.754027540275988,0.08346237308530746,288.42963826600277,24.13677543381761,-25.692387999999944,1.75
107.2,14.804572045720809,-0.039658438542339525,288.8400062660027,23.747920399066523,-25.28202,1.75
107.3,14.82098820988283,-0.15772885001571524,289.25146326600276,23.358772466398282,-24.870562999999944,1.75
107.4,14.803384033841002,-0.2213186467528807,289.66306026600273,22.970270093953097,-24.458966,1.75
107.5,14.704347043470971,-0.16287575463171322,290.07385126600275,22.583344323430598,-24.048175,1.75
107.6,14.476788767888328,0.0771374846615025,290.4797382660028,22.20187985452902,-23.642287999999944,1.75
107.7,14.470524705247415,0.4499055480062957,290.88135426600275,21.825296603060952,-23.240672,1.75
107.8,14.685446854468887,0.8489291186616015,291.2848442660028,21.447870815097744,-22.83718199999994,1.75
107.9,15.121663216632724,1.1810278941950756,291.6963522660027,21.063940276080256,-22.425674,1.75
108.0,15.7709657096575,1.318068775093412,292.1220262660027,20.667909908841775,-22.0,1.75
108.1,16.376959769597995,1.223772027930206,292.5660902660028,20.256051817570313,-21.555935999999935,1.75
108.2,16.80097200972033,0.9970075225229245,293.0253022660027,19.83160631749672,-21.096724,1.75
108.3,17.04289442894498,0.71752011226409,293.4946062660028,19.399469164294096,-20.627419999999933,1.75
108.4,17.10272702727106,0.43786976331308125,293.9689442660027,18.964491949396486,-20.153082,1.75
108.5,17.05434254342598,0.21372556382906538,294.4432592660027,18.531467169123143,-19.678767,1.75
108.6,17.25252452524581,0.10869724081850407,294.9189762660028,18.099241677553724,-19.203049999999934,1.75
108.7,17.375861758617905,0.1124518238188017,295.39950326600274,17.664915473489504,-18.722523,1.75
108.8,17.424246242462985,0.14526998416829429,295.8827622660028,17.230594094856215,-18.23926399999993,1.75
108.9,17.39778597786,0.13055095585924903,296.36667426600275,16.79836460623188,-17.755352,1.75
109.0,17.344433444335067,-0.01072912827025263,296.84915826600275,16.37029041115105,-17.272868,1.75
109.1,17.44174241742469,-0.15186585432285682,297.3320482660028,15.94496737031726,-16.789977999999934,1.75
109.2,17.43958239582455,-0.19389249836551414,297.81672126600273,15.521461372661564,-16.305305,1.75
109.3,17.337953379534255,-0.2240574853300643,298.3004122660028,15.102480960590357,-15.821613999999931,1.75
109.4,17.136855368554066,-0.29754423418364695,298.78035926600273,14.690674291498299,-15.341667,1.75
109.5,16.90216902169069,-0.47769988189394397,299.2537992660027,14.288617950086321,-14.868227,1.75
109.6,16.877976779768325,-0.6495935588726098,299.7233532660028,13.894305141349369,-14.398672999999933,1.75
109.7,16.718459184592437,-0.7211621067258704,300.1909822660027,13.506392580179801,-13.931044,1.75
109.8,16.423508235082803,-0.7725391939233539,300.6529262660028,13.128297483299145,-13.469099999999935,1.75
109.9,15.993339933399842,-0.8571131165857935,301.1054262660027,12.763283886210477,-13.0166,1.75
110.0,15.507983079831362,-1.0310226889992329,301.54472326600273,12.414433291689516,-12.577303,1.75
110.1,15.2930609306099,-1.2087725998152088,301.9737642660028,12.079424755369889,-12.14826199999994,1.75
110.2,14.952641526415693,-1.3146209665793513,302.3956732660027,11.755946490206945,-11.726353,1.75
110.3,14.486292862929009,-1.390274471498362,302.80696026600276,11.446783346615549,-11.315065999999943,1.75
110.4,13.894338943389915,-1.4472944570556407,303.2041322660027,11.15449250280962,-10.917894,1.75
110.5,13.211448114481595,-1.4769037371748936,303.5836982660027,10.881370328942214,-10.538328,1.75
110.6,12.686426074127565,-1.4098291784309787,303.94565740282627,10.625267546582403,-10.17637699999995,1.7524270000000015
110.7,12.233890335095353,-1.2502806660548167,304.29369613847786,10.376142938822692,-9.828644,1.767012
110.8,11.854026660012048,-1.0723534187900015,304.62984206822864,10.132220046133588,-9.493545999999954,1.7935340000000048
110.9,11.546867297607571,-0.9139184052730887,304.95611050233157,9.89247765670886,-9.169422,1.83088
111.0,11.284891451646642,-0.8067699085789073,305.27451891714657,9.655790507949778,-8.854558,1.878257
111.1,10.946436060120067,-0.7323894214986417,305.5847371092888,9.422719691879006,-8.549517999999958,1.9347010000000089
111.2,10.65796157915664,-0.6688883342736869,305.8860157641517,9.19414188975181,-8.255208,1.999125
111.3,10.419393095029271,-0.6189659324832171,306.17974448647897,8.969279979876669,-7.97039599999996,2.070949000000011
111.4,10.230798971844017,-0.5707142672245311,306.4673109342054,8.747300959614059,-7.693849,2.149792
111.5,10.079795942264047,-0.5159838452665664,306.75010306148266,8.527318825521009,-7.424346,2.235463
111.6,9.88986642231437,-0.48446058506701384,307.0283204596177,8.309346477258575,-7.161800999999963,2.3275230000000136
111.7,9.702910041611252,-0.4871917484590167,307.30129061681436,8.0940823969274,-6.906917,2.425231
111.8,9.518807941315188,-0.49829720002981404,307.5690951974567,7.881626024613229,-6.659654999999965,2.528094000000015
111.9,9.337842825567925,-0.503277930223323,307.83181633859687,7.67206667498302,-6.419956,2.635643
112.0,9.159221419620524,-0.48740722694420846,308.0895378223133,7.4654848056132295,-6.187741,2.747431
112.1,8.983850899711205,-0.46632043088490605,308.34230969914495,7.261977354501499,-5.962946999999969,2.863022000000017
112.2,8.817317310175554,-0.45487684878472656,308.5902925014559,7.061546483951302,-5.745398,2.982051
112.3,8.659787887800887,-0.44388228912242766,308.8337326634835,6.864111883112674,-5.534839999999971,3.1042330000000176
112.4,8.511161922625742,-0.4287488055658688,309.0728808615532,6.669583977328197,-5.331012,3.229317
112.5,8.365728274171737,-0.40294830211945687,309.30798347818046,6.477866503359266,-5.13366,3.357088
112.6,8.205815146268039,-0.3759055612023925,309.5388347469446,6.289237386469814,-4.942892999999973,3.4870890000000188
112.7,8.065546247575334,-0.3571120369261873,309.7654284847795,6.103804098791179,-4.758642,3.618984
112.8,7.945315036224492,-0.3398821351428065,309.9883125104633,5.921206670873826,-4.580398999999975,3.7528000000000192
112.9,7.844821427866527,-0.3200682496370817,310.2080381225389,5.741075602954989,-4.407678,3.888619
113.0,7.753326548402588,-0.29366399782627717,310.4251555084572,5.5630384520009395,-4.24002,4.026571
113.1,7.629246225481329,-0.25451054675452234,310.6393236443341,5.387472406263974,-4.0776399999999775,4.16621600000002
113.2,7.5276520626830585,-0.20509059145807207,310.8502543175421,5.214710902686361,-3.92069,4.307136
113.3,7.448796656552754,-0.15856723752916757,311.0585733606299,5.044320783289338,-3.7686619999999786,4.44955900000002
113.4,7.392320665621248,-0.12777484295872554,311.26490890012076,4.8758682706834895,-3.621083,4.593763
113.5,7.366927459190889,-0.13497898898046934,311.469886399181,4.70892750421845,-3.477519,4.740068
113.6,7.3615833507172415,-0.1993352636086172,311.67458475999763,4.542702172669675,-3.3372829999999807,4.889183000000021
113.7,7.298825097718665,-0.29863263337702506,311.8786041260441,4.3776535662850256,-3.200682,5.040722
113.8,7.178773254321233,-0.39185407355441626,312.0803508177766,4.215247233818298,-3.068721999999982,5.193327000000021
113.9,7.001537787160829,-0.44781503018048063,312.2782341311206,4.056943051104983,-2.94229,5.345553
114.0,6.773311622574483,-0.42382939247325524,312.4706672546155,3.904176907309018,-2.822163,5.495886
114.1,6.597853749117704,-0.29721643574198353,312.65700913236174,3.758330394095874,-2.707543999999984,5.642807000000021
114.2,6.508921906250066,-0.10910346478154587,312.8392799009287,3.618644692428507,-2.596179,5.7871
114.3,6.5066160144499365,0.07863934295324704,313.01988309167024,3.4833765792255176,-2.4867039999999845,5.930741000000021
114.4,6.590522111838883,0.20968230313649094,313.2012200932584,3.3508640845110387,-2.377921,6.075825
114.5,6.753580842992093,0.21688168080217451,313.3856815309222,3.2195711094381814,-2.268805,6.224552
114.6,6.873074121489258,0.1335985056059581,313.5745624380807,3.088982643523251,-2.1590219999999847,6.378252000000022
114.7,6.906048443828303,0.03076967609619885,313.76596101575825,2.961166568274234,-2.049813,6.535436
114.8,6.853116848418478,-0.08785392985105034,313.95747882697435,2.8385358585869414,-1.9425199999999851,6.694078000000022
114.9,6.715121276344102,-0.21729132018886688,314.1467385068879,2.7233715733085346,-1.838324,6.852073
115.0,6.540913991555136,-0.3609695766886869,314.3313833419443,2.6177524340857756,-1.738241,7.007241
115.1,6.517633449133318,-0.4699045344380828,314.5130466091449,2.52086251681442,-1.6415939999999865,7.1610620000000225
115.2,6.402059814422619,-0.514556480650139,314.693208416446,2.4321365149699146,-1.547885,7.314935
115.3,6.195117167208582,-0.5394856943274817,314.8693120759793,2.353536591391974,-1.4581499999999878,7.466461000000021
115.4,5.89764569112066,-0.5932067963209304,315.03882686292127,2.2865502384030405,-1.373254,7.613185
115.5,5.566683952831139,-0.7313601100832603,315.19924667965535,2.232092842924326,-1.293903,7.752605
115.6,5.427522720323227,-0.8312202671437605,315.352768373979,2.1883275301951435,-1.2192309999999897,7.886743000000019
115.7,5.2002328807984135,-0.8073818739000354,315.501606554457,2.153627723837618,-1.148519,8.017711
115.8,4.8855474093136015,-0.7573918962074018,315.64332053447663,2.1283133315921754,-1.0824719999999912,8.143093000000018
115.9,4.484031945945931,-0.7623562548467682,315.7754885795405,2.112122622341089,-1.021666,8.260443
116.0,4.078850252392725,-0.9238456424445411,315.89570849886337,2.1042741533576366,-0.966565,8.367292
116.1,3.9614335462378443,-1.0675885423043852,316.00823547633104,2.102046119818735,-0.9159619999999932,8.467799000000014
116.2,3.6910997148390448,-1.0439794191727039,316.1160846117981,2.103679110678242,-0.869152,8.56496
116.3,3.268118721829328,-0.9746524841707367,316.2150099075116,2.1090015106424183,-0.8271459999999946,8.654524000000013
116.4,2.693465452748615,-0.9603101532263159,316.30077946605076,2.1172772474402115,-0.790792,8.732208
116.5,2.1085189039216745,-1.1332847562812858,316.3691947157689,2.1273933095715982,-0.760829,8.793713
116.6,2.0463304100327764,-1.2925482077659534,316.4275768717072,2.13724790323865,-0.7356929999999968,8.846407000000006
116.7,1.790918477680919,-1.2448345760519157,316.48245119398086,2.145609947974934,-0.714207,8.8969
116.8,1.3394866766608136,-1.1084369798806966,316.52842082354215,2.1522511025726074,-0.6975379999999981,8.939741000000005
116.9,0.690971041341017,-0.9598443558827148,316.5600306189385,2.1566485122661967,-0.686764,8.969458
117.0,0.0,-0.8436038046913826,316.5717923630269,2.158214940803626,-0.682932,8.980578
117.1,0.0,-0.5561281220192447,316.5717923630269,2.158214940803626,-0.682932,8.980578
117.2,0.0,-0.15884740728943494,316.5717923630269,2.158214940803626,-0.682932,8.980578
117.3,0.0,0.0,316.5717923630269,2.158214940803626,-0.682932,8.980578
117.4,0.0,0.0,316.5717923630269,2.158214940803626,-0.682932,8.980578
117.5,0.0,0.0,316.5717923630269,2.158214940803626,-0.682932,8.980578
117.6,0.0,0.0,316.5717923630269,2.158214940803626,-0.682932,8.980578
117.7,0.0,0.0,316.5717923630269,2.158214940803626,-0.682932,8.980578
117.8,0.0,0.0,316.5717923630269,2.158214940803626,-0.682932,8.980578
117.9,0.0,0.0,316.5717923630269,2.158214940803626,-0.682932,8.980578
118.0,0.0,0.0,316.5717923630269,2.158214940803626,-0.682932,8.980578
118.1,0.0,0.0,316.5717923630269,2.158214940803626,-0.682932,8.980578
118.2,0.0,0.0,316.5717923630269,2.158214940803626,-0.682932,8.980578
118.3,0.0,0.0,316.5717923630269,2.158214940803626,-0.682932,8.980578
118.4,0.0,0.0,316.5717923630269,2.158214940803626,-0.682932,8.980578
118.5,0.0,0.0,316.5717923630269,2.158214940803626,-0.682932,8.980578
118.6,0.0,0.0,316.5717923630269,2.158214940803626,-0.682932,8.980578
118.7,0.0,0.0,316.5717923630269,2.158214940803626,-0.682932,8.980578
118.8,0.0,0.0,316.5717923630269,2.158214940803626,-0.682932,8.980578
118.9,0.0,0.0,316.5717923630269,2.158214940803626,-0.682932,8.980578
119.0,0.0,0.0,316.5717923630269,2.158214940803626,-0.682932,8.980578
119.1,0.0,0.0,316.5717923630269,2.158214940803626,-0.682932,8.980578
119.2,0.0,0.0,316.5717923630269,2.158214940803626,-0.682932,8.980578
119.3,0.0,0.0,316.5717923630269,2.158214940803626,-0.682932,8.980578
119.4,0.0,0.0,316.5717923630269,2.158214940803626,-0.682932,8.980578
119.5,0.0,0.0,316.5717923630269,2.158214940803626,-0.682932,8.980578
119.6,0.0,0.0,316.5717923630269,2.158214940803626,-0.682932,8.980578
119.7,0.0,0.0,316.5717923630269,2.158214940803626,-0.682932,8.980578
119.8,0.0,0.0,316.5717923630269,2.158214940803626,-0.682932,8.980578
119.9,0.0,0.0,316.5717923630269,2.158214940803626,-0.682932,8.980578
120.0,0.0,0.0,316.5717923630269,2.158214940803626,-0.682932,8.980578
120.1,0.0,0.0,316.5717923630269,2.158214940803626,-0.682932,8.980578
120.2,0.0,0.0,316.5717923630269,2.158214940803626,-0.682932,8.980578
120.3,0.0,0.0,316.5717923630269,2.158214940803626,-0.682932,8.980578
120.4,0.0,0.0,316.5717923630269,2.158214940803626,-0.682932,8.980578
120.5,0.0,0.0,316.5717923630269,2.158214940803626,-0.682932,8.980578
120.6,0.0,0.0,316.5717923630269,2.158214940803626,-0.682932,8.980578
120.7,0.0,0.0,316.5717923630269,2.158214940803626,-0.682932,8.980578
120.8,0.0,0.0,316.5717923630269,2.158214940803626,-0.682932,8.980578
120.9,0.0,0.0,316.5717923630269,2.158214940803626,-0.682932,8.980578
121.0,0.0,0.0,316.5717923630269,2.158214940803626,-0.682932,8.980578
121.1,0.0,0.0,316.5717923630269,2.158214940803626,-0.682932,8.980578
121.2,0.0,0.0,316.5717923630269,2.158214940803626,-0.682932,8.980578
121.3,0.0,0.0,316.5717923630269,2.158214940803626,-0.682932,8.980578
121.4,0.0,0.0,316.5717923630269,2.158214940803626,-0.682932,8.980578
121.5,0.0,0.0,316.5717923630269,2.158214940803626,-0.682932,8.980578
121.6,0.0,0.0,316.5717923630269,2.158214940803626,-0.682932,8.980578
121.7,0.0,0.0,316.5717923630269,2.158214940803626,-0.682932,8.980578
121.8,0.0,0.0,316.5717923630269,2.158214940803626,-0.682932,8.980578
121.9,0.0,0.0,316.5717923630269,2.158214940803626,-0.682932,8.980578
122.0,0.0,0.0,316.5717923630269,2.158214940803626,-0.682932,8.980578
122.1,0.0,0.0,316.5717923630269,2.158214940803626,-0.682932,8.980578
122.2,0.0,0.0,316.5717923630269,2.158214940803626,-0.682932,8.980578
122.3,0.0,0.0,316.5717923630269,2.158214940803626,-0.682932,8.980578
122.4,0.0,0.0,316.5717923630269,2.158214940803626,-0.682932,8.980578
122.5,0.0,0.0,316.5717923630269,2.158214940803626,-0.682932,8.980578
122.6,0.0,0.0,316.5717923630269,2.158214940803626,-0.682932,8.980578
122.7,0.0,0.0,316.5717923630269,2.158214940803626,-0.682932,8.980578
122.8,0.0,0.0,316.5717923630269,2.158214940803626,-0.682932,8.980578
122.9,0.0,0.0,316.5717923630269,2.158214940803626,-0.682932,8.980578
123.0,0.0,0.0,316.5717923630269,2.158214940803626,-0.682932,8.980578
123.1,0.0,0.0,316.5717923630269,2.158214940803626,-0.682932,8.980578
123.2,0.0,0.0,316.5717923630269,2.158214940803626,-0.682932,8.980578
123.3,0.0,0.0,316.5717923630269,2.158214940803626,-0.682932,8.980578
123.4,0.0,0.0,316.5717923630269,2.158214940803626,-0.682932,8.980578
123.5,0.0,0.0,316.5717923630269,2.158214940803626,-0.682932,8.980578
123.6,0.0,0.0,316.5717923630269,2.158214940803626,-0.682932,8.980578
123.7,0.0,0.0,316.5717923630269,2.158214940803626,-0.682932,8.980578
123.8,0.0,0.0,316.5717923630269,2.158214940803626,-0.682932,8.980578
123.9,0.0,0.0,316.5717923630269,2.158214940803626,-0.682932,8.980578
124.0,0.0,0.0,316.5717923630269,2.158214940803626,-0.682932,8.980578
124.1,0.0,0.0,316.5717923630269,2.158214940803626,-0.682932,8.980578
124.2,0.0,0.0,316.5717923630269,2.158214940803626,-0.682932,8.980578
124.3,0.0,0.0,316.5717923630269,2.158214940803626,-0.682932,8.980578
124.4,0.0,0.0,316.5717923630269,2.158214940803626,-0.682932,8.980578
124.5,0.0,0.0,316.5717923630269,2.158214940803626,-0.682932,8.980578
124.6,0.0,0.0,316.5717923630269,2.158214940803626,-0.682932,8.980578
124.7,0.0,0.0,316.5717923630269,2.158214940803626,-0.682932,8.980578
124.8,0.0,0.0,316.5717923630269,2.158214940803626,-0.682932,8.980578
124.9,0.0,0.0,316.5717923630269,2.158214940803626,-0.682932,8.980578
125.0,0.0,0.0,316.5717923630269,2.158214940803626,-0.682932,8.980578
125.1,0.0,0.0,316.5717923630269,2.158214940803626,-0.682932,8.980578
125.2,0.0,0.0,316.5717923630269,2.158214940803626,-0.682932,8.980578
125.3,0.0,0.0,316.5717923630269,2.158214940803626,-0.682932,8.980578
125.4,0.0,0.0,316.5717923630269,2.158214940803626,-0.682932,8.980578
125.5,0.0,0.0,316.5717923630269,2.158214940803626,-0.682932,8.980578
125.6,0.0,0.0,316.5717923630269,2.158214940803626,-0.682932,8.980578
125.7,0.0,0.0,316.5717923630269,2.158214940803626,-0.682932,8.980578
125.8,0.0,0.0,316.5717923630269,2.158214940803626,-0.682932,8.980578
125.9,0.0,0.0,316.5717923630269,2.158214940803626,-0.682932,8.980578
126.0,0.0,0.0,316.5717923630269,2.158214940803626,-0.682932,8.980578
126.1,0.0,0.0,316.5717923630269,2.158214940803626,-0.682932,8.980578
126.2,0.0,0.0,316.5717923630269,2.158214940803626,-0.682932,8.980578
126.3,0.0,0.0,316.5717923630269,2.158214940803626,-0.682932,8.980578
126.4,0.0,0.0,316.5717923630269,2.158214940803626,-0.682932,8.980578
126.5,0.0,0.0,316.5717923630269,2.158214940803626,-0.682932,8.980578
126.6,0.0,0.0,316.5717923630269,2.158214940803626,-0.682932,8.980578
126.7,0.0,0.0,316.5717923630269,2.158214940803626,-0.682932,8.980578
126.8,0.0,0.0,316.5717923630269,2.158214940803626,-0.682932,8.980578
126.9,0.0,0.0,316.5717923630269,2.158214940803626,-0.682932,8.980578
127.0,0.0,0.0,316.5717923630269,2.158214940803626,-0.682932,8.980578
127.1,0.0,0.0,316.5717923630269,2.158214940803626,-0.682932,8.980578
127.2,0.0,0.0,316.5717923630269,2.158214940803626,-0.682932,8.980578
127.3,0.0,0.0,316.5717923630269,2.158214940803626,-0.682932,8.980578
127.4,0.0,0.0,316.5717923630269,2.158214940803626,-0.682932,8.980578
127.5,0.0,0.0,316.5717923630269,2.158214940803626,-0.682932,8.980578
127.6,0.0,0.0,316.5717923630269,2.158214940803626,-0.682932,8.980578
127.7,0.0,0.0,316.5717923630269,2.158214940803626,-0.682932,8.980578
127.8,0.0,0.0,316.5717923630269,2.158214940803626,-0.682932,8.980578
127.9,0.0,0.0,316.5717923630269,2.158214940803626,-0.682932,8.980578
128.0,0.0,0.0,316.5717923630269,2.158214940803626,-0.682932,8.980578
128.1,0.0,0.0,316.5717923630269,2.158214940803626,-0.682932,8.980578
128.2,0.0,0.0,316.5717923630269,2.158214940803626,-0.682932,8.980578
128.3,0.0,0.0,316.5717923630269,2.158214940803626,-0.682932,8.980578
128.4,0.0,0.0,316.5717923630269,2.158214940803626,-0.682932,8.980578
128.5,0.0,0.0,316.5717923630269,2.158214940803626,-0.682932,8.980578
128.6,0.0,0.0,316.5717923630269,2.158214940803626,-0.682932,8.980578
128.7,0.0,0.0,316.5717923630269,2.158214940803626,-0.682932,8.980578
128.8,0.0,0.0,316.5717923630269,2.158214940803626,-0.682932,8.980578
128.9,0.0,0.0,316.5717923630269,2.158214940803626,-0.682932,8.980578
129.0,0.0,0.0,316.5717923630269,2.158214940803626,-0.682932,8.980578
129.1,0.0,0.0,316.5717923630269,2.158214940803626,-0.682932,8.980578
129.2,0.0,0.0,316.5717923630269,2.158214940803626,-0.682932,8.980578
129.3,0.0,0.0,316.5717923630269,2.158214940803626,-0.682932,8.980578
129.4,0.0,0.0,316.5717923630269,2.158214940803626,-0.682932,8.980578
129.5,0.0,0.0,316.5717923630269,2.158214940803626,-0.682932,8.980578
129.6,0.0,0.0,316.5717923630269,2.158214940803626,-0.682932,8.980578
129.7,0.0,0.0,316.5717923630269,2.158214940803626,-0.682932,8.980578
129.8,0.0,0.0,316.5717923630269,2.158214940803626,-0.682932,8.980578
129.9,0.0,0.0,316.5717923630269,2.158214940803626,-0.682932,8.980578
130.0,0.0,0.0,316.5717923630269,2.158214940803626,-0.682932,8.980578
130.1,0.0,0.0,316.5717923630269,2.158214940803626,-0.682932,8.980578
130.2,0.0,0.0,316.5717923630269,2.158214940803626,-0.682932,8.980578
130.3,0.0,0.0,316.5717923630269,2.158214940803626,-0.682932,8.980578
130.4,0.0,0.0,316.5717923630269,2.158214940803626,-0.682932,8.980578
130.5,0.0,0.0,316.5717923630269,2.158214940803626,-0.682932,8.980578
130.6,0.0,0.0,316.5717923630269,2.158214940803626,-0.682932,8.980578
130.7,0.0,0.0,316.5717923630269,2.158214940803626,-0.682932,8.980578
130.8,0.0,0.0,316.5717923630269,2.158214940803626,-0.682932,8.980578
130.9,0.0,0.0,316.5717923630269,2.158214940803626,-0.682932,8.980578
131.0,0.0,0.0,316.5717923630269,2.158214940803626,-0.682932,8.980578
131.1,0.0,0.0,316.5717923630269,2.158214940803626,-0.682932,8.980578
131.2,0.0,0.0,316.5717923630269,2.158214940803626,-0.682932,8.980578
131.3,0.0,0.0,316.5717923630269,2.158214940803626,-0.682932,8.980578
131.4,0.0,0.0,316.5717923630269,2.158214940803626,-0.682932,8.980578
131.5,0.0,0.0,316.5717923630269,2.158214940803626,-0.682932,8.980578
131.6,0.0,0.0,316.5717923630269,2.158214940803626,-0.682932,8.980578
131.7,0.0,0.0,316.5717923630269,2.158214940803626,-0.682932,8.980578
131.8,0.0,0.01293071680058749,316.5717923630269,2.158214940803626,-0.682932,8.980578
131.9,0.0,0.03246171157546919,316.5717923630269,2.158214940803626,-0.682932,8.980578
132.0,0.006907004714831505,0.03989513723005339,316.5717923630269,2.158214940803626,-0.682932,8.980578
132.1,0.04254310461316282,0.04403393142852129,316.5723335884882,2.1582036346380753,-0.682838,8.981111
132.2,0.06864452130298945,0.050819781296141675,316.5737764124553,2.15817355853694,-0.6825879999999999,8.982532
132.3,0.08510491957710027,0.05593171872092839,316.5758548274764,2.1581317965372273,-0.682228,8.984579
132.4,0.09188683395873032,0.05515836209924846,316.5783018411666,2.158085350614521,-0.681804,8.986989
132.5,0.09637890757285027,0.04525836385224405,316.58084814515473,2.1580387423549654,-0.681364,8.989497
132.6,0.12773569489568812,0.037541762208644275,316.58383273825933,2.1579861726778975,-0.68085,8.992437
132.7,0.1503025075726983,0.038124881920646475,316.5876081138698,2.157925396378661,-0.6801999999999998,8.996156000000001
132.8,0.16409800101282834,0.03881503408968415,316.5919292957683,2.1578619382001714,-0.679458,9.000413
132.9,0.1692470310768252,0.03515987762286049,316.59655345158313,2.1578005440378405,-0.678667,9.004969
133.0,0.16988552720864997,0.023685734782959128,316.60123710677965,2.1577462497893487,-0.677868,9.009584
133.1,0.18543908094473446,0.015093540165178054,316.6061079982792,2.1576975833179217,-0.67704,9.014384
133.2,0.19593173028634203,0.01516924168170336,316.6113640691501,2.1576548890628913,-0.6761489999999998,9.019564000000003
133.3,0.20138190794948801,0.01627032984302773,316.6168650804208,2.157620343942835,-0.67522,9.024986
133.4,0.20168316121558885,0.014296725251917941,316.62247211751713,2.157596618310522,-0.674276,9.030513
133.5,0.20013824061963847,0.005009198624407629,316.62804280445863,2.157582525808457,-0.673343,9.036005
133.6,0.20842949324093255,-0.003461252699643258,316.63369124645624,2.1575808704836534,-0.672399,9.041574
133.7,0.21061332121918036,-0.005193087418697895,316.6395122965333,2.157589720581047,-0.6714309999999998,9.047314000000002
133.8,0.20684891165577857,-0.005954177866439259,316.64533991740296,2.1576111758020717,-0.670465,9.053061
133.9,0.19708347681655697,-0.009960089319686949,316.651007573444,2.157642593364573,-0.66953,9.058651
134.0,0.18568460822585878,-0.02247890069631009,316.6563482389456,2.1576827235868112,-0.668652,9.063919
134.1,0.18829470277833887,-0.03314349659815233,316.66155048153894,2.1577312345612,-0.6678,9.069051
134.2,0.18192075851843767,-0.03376919638857151,316.666742204567,2.157789842462189,-0.6669519999999998,9.074173000000002
134.3,0.16647381203013192,-0.031895809218920546,316.6716718800127,2.157853811051388,-0.66615,9.079037
134.4,0.14184719754206362,-0.03381003801790661,316.6760883061697,2.1579181482116043,-0.665434,9.083395
134.5,0.11633300626228513,-0.04810957121735457,316.67973731987206,2.157976517099294,-0.664844,9.086996
134.6,0.11949371466973462,-0.06297109603307102,316.68302745208825,2.158033447613359,-0.664313,9.090243
134.7,0.10832572931734882,-0.06580957418976278,316.686271722114,2.1580928755978044,-0.6637909999999999,9.093445
134.8,0.08305957154456156,-0.06265235128343524,316.6890770493676,2.158146801326777,-0.663341,9.096214
134.9,0.04355390447098323,-0.05747879930570757,316.6910485391596,2.158186631462858,-0.663025,9.09816
135.0,0.0,-0.05242488937020548,316.69179327065484,2.158202784737801,-0.662905,9.098895
135.1,0.0,-0.03575312648499859,316.69179327065484,2.158202784737801,-0.662905,9.098895
135.2,0.0,-0.010790593085350362,316.69179327065484,2.158202784737801,-0.662905,9.098895
135.3,0.0,0.0,316.69179327065484,2.158202784737801,-0.662905,9.098895
135.4,0.0,0.0,316.69179327065484,2.158202784737801,-0.662905,9.098895
135.5,0.0,0.0,316.69179327065484,2.158202784737801,-0.662905,9.098895
135.6,0.0,0.0,316.69179327065484,2.158202784737801,-0.662905,9.098895
135.7,0.0,0.0,316.69179327065484,2.158202784737801,-0.662905,9.098895
135.8,0.0,0.0,316.69179327065484,2.158202784737801,-0.662905,9.098895
135.9,0.0,0.0,316.69179327065484,2.158202784737801,-0.662905,9.098895
136.0,0.0,0.0,316.69179327065484,2.158202784737801,-0.662905,9.098895
136.1,0.0,0.0,316.69179327065484,2.158202784737801,-0.662905,9.098895
136.2,0.0,0.0,316.69179327065484,2.158202784737801,-0.662905,9.098895
136.3,0.0,0.0,316.69179327065484,2.158202784737801,-0.662905,9.098895
136.4,0.0,0.0,316.69179327065484,2.158202784737801,-0.662905,9.098895
136.5,0.0,0.0,316.69179327065484,2.158202784737801,-0.662905,9.098895
136.6,0.0,0.0,316.69179327065484,2.158202784737801,-0.662905,9.098895
136.7,0.0,0.0,316.69179327065484,2.158202784737801,-0.662905,9.098895
136.8,0.0,0.05389274522990366,316.69179327065484,2.158202784737801,-0.662905,9.098895
136.9,0.0,0.1346096161529275,316.69179327065484,2.158202784737801,-0.662905,9.098895
137.0,0.028444294286743155,0.16354341194442173,316.69179327065484,2.158202784737801,-0.662905,9.098895
137.1,0.17689805452677113,0.18177922206510522,316.6940432575437,2.158332354782506,-0.662545,9.101116
137.2,0.2849760506057121,0.21568540623656565,316.70004307237417,2.1587069392840244,-0.6615879999999996,9.107039000000002
137.3,0.35252030642067134,0.24221140796984325,316.7086674208133,2.159305001294861,-0.660219,9.115554
137.4,0.3794590088960931,0.23828094106309194,316.71879299324155,2.1600986035294776,-0.658623,9.125553
137.5,0.4000592385784349,0.1831550923040186,316.7292923431738,2.161053604240302,-0.65698,9.135923
137.6,0.5425051743752102,0.13391368794742908,316.74183324573306,2.1622084084287523,-0.655034,9.148312
137.7,0.6316196516985488,0.12545655743663053,316.757838119647,2.163604505471598,-0.6525759999999993,9.164127000000006
137.8,0.6672408464974314,0.115665514748575,316.7758232166164,2.1652000929117383,-0.649848,9.181904
137.9,0.6494510942728411,0.07785561795191398,316.79430308891034,2.166939043600673,-0.647084,9.200176
138.0,0.6078835103885831,-0.015566053027247562,316.811792581899,2.168756789968391,-0.644503,9.217474
138.1,0.6613065579983581,-0.09792995586260744,316.829282880124,2.1706734560557464,-0.641957,9.234778
138.2,0.6614260281271671,-0.12128707114659443,316.8477623106618,2.172717459426559,-0.6393039999999992,9.253066000000006
138.3,0.6078921162670031,-0.12810257574144623,316.8657472888658,2.174823873641725,-0.636759,9.27087
138.4,0.5009634141829723,-0.14475562248052165,316.88175296151644,2.176930644949673,-0.634525,9.286719
138.5,0.37495662154884835,-0.20191908994848484,316.89429273188915,2.1789903393950603,-0.632796,9.299139
138.6,0.3750046340132494,-0.24684511437381423,316.90479225692604,2.181079467135941,-0.631361,9.30954
138.7,0.33450098266963657,-0.23628851414247315,316.9149176412644,2.1832689889708967,-0.6299889999999997,9.319572000000003
138.8,0.253489187416237,-0.2048853682458206,316.92354286531946,2.185549417271547,-0.62883,9.328119
138.9,0.13196874657755375,-0.17343688604587815,316.92954270865073,2.187943344492265,-0.628028,9.334065
139.0,0.0,-0.1560130108546821,316.9317926644281,2.1905123894801415,-0.627729,9.336295
139.1,0.0,-0.1073904921395387,316.9317926644281,2.193365381494155,-0.627729,9.336295
139.2,0.0,-0.031629467041283985,316.9317926644281,2.196554326038171,-0.627729,9.336295
139.3,0.0,0.0,316.9317926644281,2.200102733602456,-0.627729,9.336295
139.4,0.0,0.0,316.9317926644281,2.204034139707686,-0.627729,9.336295
139.5,0.0,0.0,316.9317926644281,2.2083721376654344,-0.627729,9.336295
139.6,0.0,0.0,316.9317926644281,2.2131400904710032,-0.627729,9.336295
139.7,0.0,0.0,316.9317926644281,2.2183617872317414,-0.627729,9.336295
139.8,0.0,0.0,316.9317926644281,2.224060017859455,-0.627729,9.336295
139.9,0.0,0.0,316.9317926644281,2.230257827149588,-0.627729,9.336295
140.0,0.0,0.0,316.9317926644281,2.2369776426252006,-0.627729,9.336295
140.1,0.0,0.0,316.9317926644281,2.2442413715913,-0.627729,9.336295
140.2,0.0,0.0,316.9317926644281,2.2520703090234573,-0.627729,9.336295
140.3,0.0,0.0,316.9317926644281,2.2604847715516687,-0.627729,9.336295
140.4,0.0,0.0,316.9317926644281,2.2695051050099004,-0.627729,9.336295
140.5,0.0,0.0,316.9317926644281,2.2791499812379614,-0.627729,9.336295
140.6,0.0,0.0,316.9317926644281,2.289437388523652,-0.627729,9.336295
140.7,0.0,0.0,316.9317926644281,2.300384295335242,-0.627729,9.336295
140.8,0.0,0.3071416374928922,316.9317926644281,2.3120065835464225,-0.627729,9.336295
140.9,0.0,0.7701753100776023,316.9317926644281,2.3243189877985766,-0.627729,9.336295
141.0,0.16207144566649392,0.9500482874358609,316.9317926644281,2.337335041426881,-0.627729,9.336295
141.1,1.0053822336484608,1.0359459041340928,316.94457967666705,2.3471071443692124,-0.62677,9.349046
141.2,1.6166571421502698,1.1561563740457668,316.97864180607786,2.3503820382093203,-0.6245239999999992,9.383034000000013
141.3,1.9964063645944983,1.2321773024373202,317.0275379272328,2.3485666663079847,-0.621982,9.431864
141.4,2.144889947358131,1.1850127173064897,317.084841104143,2.3433048927258695,-0.620092,9.489136
141.5,2.2133319136328535,0.9619346393783359,317.14413557751953,2.33629108372908,-0.619674,9.548429
141.6,2.8505161173006917,0.8249971917477699,317.2118127714625,2.3259264845856586,-0.620076,9.616105
141.7,3.34387757311965,0.8998639317433303,317.2958571477646,2.3103411556668365,-0.6207080000000004,9.700147000000026
141.8,3.693215117539134,0.994669320886695,317.3922716580677,2.2908628886644435,-0.622322,9.796548
141.9,3.898431675894234,1.0088482942732284,317.4970556071296,2.2687971439608696,-0.625557,9.901282
142.0,4.04314558517522,0.8575232409311813,317.6062068691562,2.2453189770331075,-0.630888,10.010303
142.1,4.496002819090741,0.7341756661259069,317.7228770386127,2.2200488467779262,-0.638292,10.126738
142.2,4.866931634523783,0.756465306122668,317.8513683886446,2.192700374344375,-0.6478950000000032,10.25487000000004
142.3,5.156035686937687,0.794285018026339,317.98940612528565,2.164416389304516,-0.660191,10.392359
142.4,5.358964201506473,0.7906430590951468,318.13470506997555,2.1363310468206933,-0.675483,10.536851
142.5,5.518585787971626,0.6970477414257701,318.2847906218618,2.111082740622451,-0.692277,10.685994
142.6,5.844360039555415,0.6248405964101869,318.44118749338105,2.0901519371502637,-0.709863,10.841399
142.7,6.126495780360944,0.642228292150639,318.6062305343856,2.0748032361033624,-0.7281930000000053,11.005421000000048
142.8,6.364982856359556,0.6736275189389094,318.7787062476266,2.066512768179524,-0.74722,11.176844
142.9,6.559686434132443,0.6813838937170136,318.9574030181178,2.066501609861459,-0.766898,11.354454
143.0,6.739386293198938,0.6285593284505477,319.1411049783741,2.075651483654469,-0.787179,11.537033
143.1,7.022491204006055,0.5851166185381516,319.3310035207592,2.0951855602368488,-0.808015,11.725785
143.2,7.2695899077488555,0.5982902022846126,319.52843265822384,2.126561374475246,-0.8293590000000061,11.922057000000057
143.3,7.48074444767559,0.6173381535699676,319.73239356940286,2.170377137236752,-0.851164,12.124849
143.4,7.655863731174627,0.6131652550098536,319.9418871810119,2.2267612150863867,-0.873383,12.333161
143.5,7.82327483211074,0.5560199106733776,320.1559132587618,2.2953859182144076,-0.895969,12.545992
143.6,8.086975002809744,0.49773912815202337,320.37577164333925,2.3769327201290316,-0.918874,12.764654
143.7,8.298982537883367,0.47777675170667067,320.6024763946459,2.472004950028244,-0.9420500000000067,12.990171000000066
143.8,8.459675070753958,0.4607301343769592,320.834596086988,2.5795096176847245,-0.965452,13.221108
143.9,8.568847267146898,0.4253759345323491,321.0707013129128,2.697999323852583,-0.98903,13.456033
144.0,8.655165002411682,0.35146702615409,321.3093618816731,2.8257685400970116,-1.012739,13.693513
144.1,8.836462052096847,0.28785528819205375,321.5515522407752,2.9628986467673855,-1.03653,13.934532
144.2,8.972243520119473,0.2658713528573582,321.79835708479783,3.109714266676324,-1.0603570000000067,14.180184000000072
144.3,9.062507393795524,0.2503598631223749,322.04851236500787,3.2646714553953204,-1.084173,14.429203
144.4,9.107146949216474,0.22027216184444676,322.3007535232989,3.426158799046243,-1.107929,14.680323
144.5,9.128942377650413,0.15590755338296347,322.5538150585349,3.592532521078966,-1.131579,14.932277
144.6,9.224479109293414,0.10138704179860625,322.8083488359103,3.763879102009788,-1.155075,15.185724
144.7,9.285993466855192,0.08503678943441706,323.0652213844865,3.9405856499828036,-1.1783710000000067,15.441538000000072
144.8,9.3133908169678,0.075277094044786,323.32348776616436,4.1214568579069235,-1.201418,15.698774
144.9,9.306763404226158,0.053447560254062054,323.58220015010454,4.3053003348873355,-1.22417,15.956484
145.0,9.283332103455372,0.0011840029953269493,323.84041336897997,4.490944034829427,-1.246579,16.213723
145.1,9.31539757063678,-0.041287252910224836,324.0986369590894,4.675385118206412,-1.268599,16.471006
145.2,9.319809835271744,-0.047851658756238535,324.3574952148454,4.856017500549448,-1.290181000000006,16.728963000000075
145.3,9.296332383597306,-0.049084310492618854,324.6162168900177,5.032307282145041,-1.311279,16.986823
145.4,9.245096216707404,-0.06558565429118168,324.8740294058233,5.2037525323690215,-1.331844,17.243814
145.5,9.185248919118038,-0.12031698938735325,325.1301604321926,5.369880472725813,-1.351831,17.499164
145.6,9.186041162717265,-0.1738413914200425,325.3853968075822,5.53175292778266,-1.371192,17.753665
145.7,9.144551798103294,-0.19464779041666525,325.6402628044689,5.690213789816116,-1.3898790000000052,18.00784500000007
145.8,9.061086461532948,-0.21071098531650456,325.8935886864864,5.844480473042919,-1.407845,18.260533
145.9,8.935321779630012,-0.2414151049788238,326.1442044031404,5.993776465980859,-1.425042,18.510558
146.0,8.794288271926838,-0.30827457844912587,326.3909389138782,6.137329858182711,-1.441425,18.756748
146.1,8.739550265164326,-0.37595726491863957,326.6348192439501,6.276526474597234,-1.456945,19.000134
146.2,8.634354584001827,-0.4142534960312467,326.87671179919323,6.412614762791891,-1.471554000000004,19.241585000000068
146.3,8.478355528353323,-0.4442431531504152,327.11521090626275,6.544619819799009,-1.485207,19.479693
146.4,8.271661268399821,-0.4736475922007166,327.3489094185387,6.671567864433144,-1.497855,19.713049
146.5,8.03574049463346,-0.5048310933559836,327.57639815774354,6.792481087711765,-1.509451,19.940242
146.6,7.877524073653143,-0.5422930735571985,327.798169721606,6.908256872964843,-1.519948,20.161765
146.7,7.707506877766968,-0.5873966540428306,328.0154360453334,7.020512895622686,-1.5292990000000024,20.37883000000006
146.8,7.525829289484926,-0.6234323384175458,328.22787270659734,7.129353085821463,-1.537456,20.59111
146.9,7.332418726378868,-0.6270182760343328,328.43515411582644,7.23488358054406,-1.544372,20.798276
147.0,7.098566957981546,-0.5596583962133543,328.63695660976543,7.337216067160964,-1.55,21.0
147.1,6.792877490686704,-0.40102867998505154,328.83102072443376,7.434431877949518,-1.554949,21.194001
147.2,6.626684380150433,-0.1892813927504413,329.01788419027184,7.527389893838994,-1.5598570000000014,21.380800000000054
147.3,6.599977448890036,0.027185080284093388,329.2014237583464,7.62037424154936,-1.564725,21.564275
147.4,6.712976779108705,0.20941579577343816,329.3855140269784,7.7176794339172305,-1.569551,21.748302
147.5,6.939561009323817,0.30254756002922534,329.574032712665,7.823612176152713,-1.574334,21.93676
147.6,7.066925148155097,0.2865511831678589,329.76809260961437,7.939742817302147,-1.579074,22.130762
147.7,7.136635649914049,0.20443247818065835,329.96515754588165,8.064023973355086,-1.5837690000000013,22.327771000000055
147.8,7.1486905520297706,0.09597833107183007,330.16362502701895,8.195331476629178,-1.588419,22.526184
147.9,7.103086260617838,-0.015275382859963216,330.3618934890622,8.332534589694601,-1.593023,22.724399
148.0,7.033838617707594,-0.11255568247323744,330.55836232168457,8.474504765794046,-1.597579,22.920815
148.1,7.072666557624749,-0.17702259341345083,330.75423822642273,8.618822547011685,-1.602088,23.116639
148.2,7.046819279715919,-0.20493160012700784,330.9505938622115,8.762883976068025,-1.6065470000000013,23.31294400000006
148.3,6.9561904734534545,-0.22252784995434816,331.14563070347486,8.905276227623094,-1.610956,23.507931
148.4,6.800556998550821,-0.26562538601326224,331.33754921233214,9.04458077267841,-1.615315,23.6998
148.5,6.621496473300281,-0.37491359789340173,331.5245467961133,9.179371984142053,-1.619621,23.886748
148.6,6.576427081045556,-0.4724616970311075,331.70821506685434,9.311599652107152,-1.623875,24.070367
148.7,6.4548079666938065,-0.4984807865661942,331.88992261287547,9.442993952331575,-1.628075000000001,24.25202600000005
148.8,6.256524374009683,-0.5089568734813579,332.0675440069838,9.571799215821704,-1.632221,24.429599
148.9,5.981799593852638,-0.5444396968931127,332.2389488348534,9.696246355461478,-1.636312,24.600955
149.0,5.681706283399692,-0.6509050946395254,332.4020117408897,9.814568306447766,-1.640346,24.763968
149.1,5.558896567392881,-0.7487747332820378,332.55886814086114,9.929247489714667,-1.644322,24.920774
149.2,5.35446282525686,-0.7727965263090635,332.7115564429835,10.042668576814913,-1.6482410000000012,25.073412000000044
149.3,5.0681957951778,-0.7748851776830952,332.8578073639413,10.15291111038706,-1.6521,25.219612
149.4,4.700211485155159,-0.786889503941703,332.99534986682676,10.258050449271149,-1.6559,25.357102
149.5,4.299209822742806,-0.8380421737419628,333.1219140786917,10.356154322534982,-1.659638,25.483611
149.6,4.087126035654355,-0.8679417761703023,333.239438614079,10.449497795936129,-1.663315,25.601078
149.7,3.842668258035135,-0.838303820156165,333.3507722865281,10.541262678622546,-1.6669290000000012,25.712353000000032
149.8,3.565623552138209,-0.7910337727536021,333.45501375265843,10.630881053564705,-1.670479,25.816534
149.9,3.25621374357545,-0.7450310019080959,333.5512599041919,10.717778668473894,-1.673965,25.912717
150.0,2.92848685261581,-0.7070917200836897,333.6386098812325,10.801379353500414,-1.677385,26.0
150.1,2.6831245655223865,-0.6319201258256237,333.7175871320836,10.879610683986446,-1.680739,26.078906
150.2,2.4843884579667233,-0.5133716089644236,333.7901815409317,10.951667861295489,-1.684025000000001,26.151426000000022
150.3,2.332383942460573,-0.39669542009254544,333.85768728561317,11.01887243904026,-1.687243,26.218855
150.4,2.226868098440961,-0.30358159105072424,333.92140115142746,11.082548162273243,-1.690392,26.282491
150.5,2.1579257566815935,-0.2542444124108503,333.98261763255795,11.144015529660575,-1.693471,26.34363
150.6,2.0609351703057253,-0.2382890502085928,334.0416563106258,11.203617492772278,-1.696479,26.402592
150.7,1.9662065841093799,-0.23641041811584573,334.0980218807019,11.260879338618738,-1.699416000000001,26.458881000000016
150.8,1.8740747890753908,-0.24283423182007313,334.15177917350945,11.315885585381464,-1.702279,26.512562
150.9,1.7842046261066729,-0.24428935012855213,334.2029992168128,11.368724936447887,-1.705069,26.563706
151.0,1.6969252353740387,-0.22669514445014682,334.25174688146456,11.419478101735342,-1.707784,26.612378
151.1,1.6159023926530398,-0.20507192274184227,334.2981130437168,11.468249714197281,-1.710423,26.658669
151.2,1.5441476764462536,-0.19409575527885048,334.34231541189996,11.515269200050223,-1.7129860000000006,26.70279700000001
151.3,1.4819894071257922,-0.18431331431579578,334.38461452858104,11.560806531429286,-1.715472,26.745023
151.4,1.429211084298814,-0.16963020370466575,334.4252718409,11.605129906501263,-1.717879,26.785609
151.5,1.377935748352519,-0.1408793749565702,334.46455088981924,11.64850726693176,-1.720207,26.824819
151.6,1.3059680836906566,-0.10925900295702018,334.50210722916427,11.690595839711891,-1.722455,26.862308
151.7,1.259321940904783,-0.08742027434173005,334.5378978915499,11.731352269411456,-1.7246220000000008,26.898033000000012
151.8,1.238125177308876,-0.06773210122452578,334.57262953110234,11.771479401822228,-1.726707,26.932702
151.9,1.2423651532159694,-0.042788360928064595,334.6070079314287,11.811675308487489,-1.72871,26.967022
152.0,1.257734050977614,-0.004440190753518314,334.64174092905347,11.852635870580563,-1.730628,27.001702
152.1,1.2271549847956515,0.030284674748412455,334.6763405700487,11.89386082868107,-1.732462,27.036253
152.2,1.2231179148745062,0.049398532812001905,334.71033653900093,11.934866039577374,-1.7342100000000005,27.07020400000001
152.3,1.2452926361460959,0.06618359236222116,334.7444620348801,11.97636373891863,-1.735872,27.104289
152.4,1.2938150113839848,0.08944140945291856,334.7794484590615,12.019059772252405,-1.737446,27.13924
152.5,1.3575711957578196,0.12596510967910635,334.8160286544683,12.063656702699891,-1.738932,27.17579
152.6,1.3867029512643223,0.15854676427567638,334.8539713810177,12.109895344691052,-1.740329,27.213707
152.7,1.4334465955681879,0.17801556916875216,334.89288530269107,12.157355831998393,-1.7416350000000005,27.25259900000001
152.8,1.4980091667242488,0.19673083885558063,334.9332626173244,12.20649339926287,-1.742851,27.292958
152.9,1.5801943761812534,0.22324555614729258,334.9755965149715,12.25776030818,-1.743974,27.335277
153.0,1.6770773719972607,0.26566715665168195,335.02037938448655,12.311604778920131,-1.745005,27.380048
153.1,1.7697687756554095,0.2792273726063077,335.06780864095344,12.368283324956339,-1.745942,27.427468
153.2,1.8690600162556592,0.24572825407054566,335.1178727220196,12.427866682932612,-1.7467840000000001,27.477525000000014
153.3,1.9747359356639855,0.21221341939448557,335.1707539842209,12.49052448340141,-1.74753,27.530401
153.4,2.0870111319612077,0.20402959275535837,335.22663376478596,12.55642464587822,-1.74818,27.586277
153.5,2.1767240834612593,0.23461870925309336,335.2856923445183,12.625732269069903,-1.748732,27.645333
153.6,2.1951661634673862,0.3960079198095383,335.3460620516569,12.69659539958006,-1.749186,27.70570100000002
153.7,2.342350369905756,0.7239739469400308,335.4081370667676,12.76939256986747,-1.749541,27.767775000000018
153.8,2.6183870242282214,1.1240913009882898,335.4754945456768,12.84763163335749,-1.749795,27.835132
153.9,3.023167744109404,1.4951618363411656,335.55171070126073,12.934808418449963,-1.749949,27.911348
154.0,3.6288362883629826,1.6937492833522212,335.64036271593045,13.034408780329702,-1.75,28.0
154.1,4.557861578616122,1.769225484428917,335.75011671593046,13.154913480693898,-1.75,28.109754000000034
154.2,5.316785167851691,1.8469130273176084,335.88410171593046,13.299353141972103,-1.75,28.243739000000044
154.3,5.905607056070985,1.8912345738089655,336.03759071593043,13.463045444682566,-1.75,28.397228
154.4,6.324111241112544,1.8523709085868445,336.20585871593045,13.641323786847082,-1.75,28.565496
154.5,6.717667176671671,1.6837033769441145,336.38417771593043,13.829530877085094,-1.75,28.743815
154.6,7.654900549006011,1.5524337061551403,336.5798487159305,14.034795089910174,-1.75,28.93948600000006
154.7,8.401296012960486,1.5561166101173054,336.7997867159305,14.263858214891721,-1.75,29.15942400000007
154.8,8.956637566375788,1.5679555396953813,337.03868871593045,14.511504722180849,-1.75,29.398326
154.9,9.321033210332335,1.506503526573864,337.29124871593046,14.772526193718528,-1.75,29.650886
155.0,9.593843938439578,1.3081949001306619,337.5521627159305,15.041723014531314,-1.75,29.9118
155.1,10.231806318063619,1.18163349465644,337.82473971593055,15.322322819272136,-1.75,30.184377000000083
155.2,10.784771847718694,1.2365721559315492,338.11424971593055,15.619470754832758,-1.75,30.473887000000087
155.3,11.252524525245402,1.320351665055341,338.41832971593044,15.93084930068366,-1.75,30.777967
155.4,11.635280352803857,1.3497264343274384,338.73461471593043,16.254140651948138,-1.75,31.094252
155.5,11.989415894159189,1.2460656075091379,339.0607417159304,16.587031246417336,-1.75,31.420379
155.6,12.552317523175667,1.171929901117057,339.3991267159305,16.93188118135077,-1.75,31.7587640000001
155.7,13.04933849338558,1.2325214161234435,339.7525377159305,17.2913971401873,-1.75,32.1121750000001
155.8,13.48015480154824,1.3056763434768186,340.11914071593037,17.663785819419033,-1.75,32.478778
155.9,13.844874448744767,1.3164488288240719,340.49709871593035,18.047252040535035,-1.75,32.856736
156.0,14.212402124021391,1.1834258202721806,340.88457571593034,18.44000061793299,-1.75,33.244213
156.1,14.811700117001699,1.0263364871409628,341.28522271593044,18.84577182608185,-1.75,33.644860000000115
156.2,15.25990459904679,0.9487070395181156,341.7011177159304,19.266753618302143,-1.75,34.06075500000012
156.3,15.557123571235762,0.8717387873181224,342.1280637159303,19.698818191186117,-1.75,34.487701
156.4,15.703249032491332,0.746126692036416,342.5618647159303,20.137835945112,-1.75,34.921502
156.5,15.780253802537999,0.5243664324757411,342.9983237159303,20.579673208747757,-1.75,35.357961
156.6,16.125533255333394,0.3311812838408841,343.44013671593046,21.02694730039483,-1.75,35.79977400000013
156.7,16.33505535055405,0.2464668003324384,343.8902827159305,21.482554594723755,-1.75,36.24992000000013
156.8,16.4087120871219,0.1817885311719074,344.34499171593035,21.942779857416355,-1.75,36.704629
156.9,16.346719467195665,0.08618268000849127,344.8004917159303,22.40390368333755,-1.75,37.160129
157.0,16.209234092341397,-0.08444385143164723,345.2530107159303,22.862204718178603,-1.75,37.612648
157.1,16.269822698227202,-0.23092643513879452,345.70398171593047,23.319063184542884,-1.75,38.06361900000013
157.2,16.253082530825566,-0.2911658487217288,346.15591971593045,23.77692202430481,-1.75,38.51555700000013
157.3,16.15912159121629,-0.32948860957163006,346.60667871593034,24.233654311868545,-1.75,38.966316
157.4,15.987939879399315,-0.3681092754982238,347.05411271593033,24.68713283667174,-1.75,39.41375
157.5,15.76005760057632,-0.416707663579885,347.4960767159303,25.135230623569402,-1.75,39.855714
157.6,15.608100081001039,-0.452726205583609,347.93241971593045,25.57777623503842,-1.75,40.29205700000012
157.7,15.469102691027372,-0.47034071739317795,348.3646617159304,26.01623838218847,-1.75,40.72429900000012
157.8,15.34295742957481,-0.47501314173979026,348.7931607159303,26.45094587490536,-1.75,41.152798
157.9,15.229772297723784,-0.44991463900631956,349.2182747159303,26.88222863753422,-1.75,41.577912
158.0,15.089910899109139,-0.36449175680547796,349.64036271593034,27.310417487218334,-1.75,42.0
158.1,14.836432364324473,-0.2137059832135506,350.05688571593043,27.73299909575119,-1.75,42.41652300000011
158.2,14.723247232472715,-0.033370263772575015,350.4676677159304,28.149779549912655,-1.75,42.827305000000116
158.3,14.750355503556056,0.1501868165534077,350.8766047159303,28.56456097575954,-1.75,43.236242
158.4,14.917973179732465,0.31883046103189017,351.2875957159303,28.98115038797684,-1.75,43.647233
158.5,15.18981189811938,0.44134147635162435,351.7045397159303,29.403355430969608,-1.75,44.064177
158.6,15.334101341014069,0.4691151806619871,352.12784971593044,29.8315639189263,-1.75,44.48748700000012
158.7,15.459814598146176,0.41587303984906043,352.55499671593043,30.263275038864982,-1.75,44.91463400000012
158.8,15.566951669517255,0.33749428403365656,352.98546371593034,30.697963775046336,-1.75,45.345101
158.9,15.655512555125831,0.2693621341809127,353.41873271593033,31.135104030638168,-1.75,45.77837
159.0,15.73575735757385,0.24336991621668247,353.85428771593035,31.574172504861647,-1.75,46.213925
159.1,15.85034650346534,0.23858909917775506,354.29248471593047,32.015501867935605,-1.75,46.652122000000126
159.2,15.948087480875442,0.23107853456177807,354.73370771593045,32.45945421486365,-1.75,47.09334500000013
159.3,16.028656286563418,0.2261700938689053,355.17748571593035,32.90555116653739,-1.75,47.537123
159.4,16.09216092160982,0.21541858775236022,355.62334371593033,33.353311877087066,-1.75,47.982981
159.5,16.14788947889513,0.19065120721140616,356.07080971593035,33.80225767908387,-1.75,48.430447
159.6,16.233750337504134,0.16816671663221783,356.5201837159305,34.25267025284416,-1.75,48.87982100000013
159.7,16.304599045991143,0.15937467066983046,356.9718027159305,34.70486806768746,-1.75,49.33144000000013
159.8,16.36011160111619,0.1530109706691185,357.42524771593037,35.15842715570471,-1.75,49.784885
159.9,16.400612006120816,0.14280107836045275,357.88009671593034,35.61292122679403,-1.75,50.239734
160.0,16.43312033120411,0.12317675624311875,358.3359297159303,36.067925871215394,-1.75,50.695567
160.1,16.488848888489425,0.10638218270296917,358.79293571593047,36.52385320217432,-1.75,51.152573000000125
160.2,16.535073350733985,0.10018491793318063,359.25140271593045,36.98121752106636,-1.75,51.61104000000013
160.3,16.57157771577755,0.09620236062492182,359.7110627159303,37.43975218107728,-1.75,52.0707
160.4,16.598361983620904,0.0904781775090342,360.1716477159303,37.89919005060911,-1.75,52.531285
160.5,16.618990189902302,0.07998052008498036,360.63288871593033,38.35926306191452,-1.75,52.992526
160.6,16.65171451714584,0.07303779331486027,361.0948297159305,38.82001180709382,-1.75,53.454467000000136
160.7,16.681954819548483,0.07399899173793045,361.5576557159305,39.28161547622343,-1.75,53.917293000000136
160.8,16.710035100351757,0.07660216462283032,362.02130371593034,39.744009359547725,-1.75,54.380941
160.9,16.73595535955414,0.07605076050753823,362.48571071593034,40.207128785751465,-1.75,54.845348
161.0,16.760795607956066,0.06678178669891466,362.95081571593033,40.670910597482745,-1.75,55.310453
161.1,16.789307893079073,0.06845523000664144,363.41665571593046,41.135389015005025,-1.75,55.77629300000014
161.2,16.816200162002165,0.09106070081674034,363.88327371593044,41.60060395808613,-1.75,56.242911000000134
161.3,16.841148411484593,0.11431792639620397,364.3506207159303,42.06650484141526,-1.75,56.710258
161.4,16.864368643686614,0.12486908085879378,364.8186447159303,42.533037839139276,-1.75,57.178282
161.5,16.900873008730183,0.10632903531821114,365.2872967159303,43.00015245493685,-1.75,57.646934
161.6,16.981333813338463,0.032261161772360936,365.75762371593044,43.4688801662966,-1.75,58.117261000000134
161.7,17.00541805418144,-0.08835123316260152,366.22966171593043,43.939255067098905,-1.75,58.58929900000013
161.8,16.97290972909739,-0.21113427917493155,366.7018437159303,44.409727968154236,-1.75,59.061481
161.9,16.883916839168325,-0.29554176660643705,367.1725997159303,44.87874572107462,-1.75,59.532237
162.0,16.723859238592773,-0.2856318772977957,367.6403627159303,45.34475718706983,-1.75,60.0
162.1,16.533345333454296,-0.16813559743991746,368.1028967159304,45.80554956423285,-1.75,60.462534000000126
162.2,16.464764647646422,0.007675950885552396,368.5612657159304,46.26216956572268,-1.75,60.92090300000013
162.3,16.517793177932134,0.1986166714815667,369.0188557159303,46.71796052187288,-1.75,61.378493
162.4,16.692754927549917,0.3694582400369235,369.4790477159303,47.17626253009516,-1.75,61.838685
162.5,16.958869588696132,0.4749617426242132,369.9452267159303,47.64042221735363,-1.75,62.304864
162.6,17.116227162272136,0.4904185405489372,370.41779371593043,48.11083697476591,-1.75,62.777431000000135
162.7,17.256088560886003,0.44421737923670435,370.8945697159304,48.58535285890684,-1.75,63.254207000000136
162.8,17.37834578345802,0.3761992165372945,371.3750687159303,49.06348967928873,-1.75,63.734706
162.9,17.483106831068756,0.3166269424930839,371.8588037159303,49.54476556409099,-1.75,64.218441
163.0,17.58063180631785,0.29291586622161603,372.34528671593034,50.028697553611686,-1.75,64.704924
163.1,17.711745117451485,0.285793067720828,372.83488271593046,50.51564678661075,-1.75,65.19452000000014
163.2,17.826118261182696,0.27442687014297107,373.3279637159305,51.00598160537224,-1.75,65.68760100000014
163.3,17.923427234272285,0.26536524106491655,373.8240627159303,51.49923974637688,-1.75,66.1837
163.4,18.003888038881318,0.2529518302174978,374.32270971593033,51.994956030143044,-1.75,66.682347
163.5,18.074196741967338,0.23240896744638206,374.82343671593037,52.49266688575688,-1.75,67.183074
163.6,18.16772567725694,0.22220921509918412,375.3263687159305,52.99249598876554,-1.75,67.68600600000015
163.7,18.255854558545792,0.23111594752355558,375.8318487159305,53.49478282017646,-1.75,68.19148600000014
163.8,18.338799387993383,0.24294963229379363,376.3397307159304,53.99938306398022,-1.75,68.699368
163.9,18.41656016560282,0.24496503706319928,376.8498677159304,54.50615083758964,-1.75,69.209505
164.0,18.496372963730355,0.22211515821508243,377.3621147159304,55.014942889632295,-1.75,69.721752
164.1,18.599081990820718,0.20198348836659719,377.8768937159305,55.52623862207182,-1.75,70.23653100000014
164.2,18.680298802989444,0.2053814244434804,378.3943257159305,56.04021840952893,-1.75,70.75396300000014
164.3,18.740023400233483,0.20915768598201723,378.91381471593036,56.55629016115913,-1.75,71.273452
164.4,18.77814778147927,0.19324808632670454,379.43476371593033,57.073860370068054,-1.75,71.794401
164.5,18.818000180002397,0.1321114609746381,379.95657371593035,57.59233339867043,-1.75,72.316211
164.6,18.92837728377258,0.060621585236809494,380.4804477159305,58.11290068276375,-1.75,72.84008500000016
164.7,18.974385743857646,0.013595590501537913,381.0067907159305,58.635962469427604,-1.75,73.36642800000016
164.8,18.955809558096647,-0.03156010581094293,381.53381271593037,59.15974192986068,-1.75,73.89345
164.9,18.872756727567758,-0.09228938443225587,382.0597217159304,59.682459020683424,-1.75,74.419359
165.0,18.760219602196695,-0.18686620432589862,382.5827257159304,60.202333149603575,-1.75,74.942363
165.1,18.760219602196685,-0.27393280925808483,383.10396071593055,60.7204890653725,-1.75,75.46359800000015
165.2,18.6996309963101,-0.3236724674939282,383.62463571593054,61.23812410913337,-1.75,75.98427300000014
165.3,18.57834578345879,-0.3631340509208485,384.1430667159304,61.75356485535949,-1.75,76.502704
165.4,18.39657996580062,-0.40473936207903094,384.6575697159304,62.2651369721148,-1.75,77.017207
165.5,18.176041760418236,-0.45438845996847377,385.1664617159304,62.77116662606348,-1.75,77.526099
165.6,18.031968319683784,-0.49843225704979943,385.6700357159305,63.2719414857426,-1.75,78.02967300000014
165.7,17.877310773108945,-0.5312497180917681,386.16950871593053,63.76866710147965,-1.75,78.52914600000014
165.8,17.711961119610926,-0.5539716236324779,386.6645857159304,64.26104800230564,-1.75,79.024223
165.9,17.535811358114486,-0.554140156785909,387.1549697159304,64.7487867156037,-1.75,79.514607
166.0,17.327909279093696,-0.507249128434907,387.6403627159304,65.23158464747286,-1.75,80.0
166.1,17.064818648186996,-0.4072925344635969,388.11905071593054,65.70773655609047,-1.75,80.47868800000013
166.2,16.900441004411206,-0.28236750898955876,388.5913437159305,66.1775474427081,-1.75,80.95098100000013
166.3,16.834884348844433,-0.15320397959260035,389.0599857159304,66.64374137520063,-1.75,81.419623
166.4,16.868040680408452,-0.032222699849889125,389.5277197159304,67.10904217639477,-1.75,81.887357
166.5,16.96837368373688,0.06154641965976637,389.9972887159304,67.57617459710632,-1.75,82.356926
166.6,16.9596255962566,0.10189087904845806,390.4685277159305,68.04497420609962,-1.75,82.82816500000013
166.7,16.959841598416077,0.09632648774050523,390.9396077159305,68.51362248850418,-1.75,83.29924500000013
166.8,16.96902169021684,0.07405773358467016,391.41077671593035,68.9823650930445,-1.75,83.770414
166.9,16.987165871660427,0.0524281466595653,391.88228171593033,69.451446773903,-1.75,84.241919
167.0,17.01870218702223,0.04249098435025189,392.35437271593037,69.92111514835287,-1.75,84.71401
167.1,17.061902619027993,0.030537018656506376,392.8275667159305,70.39188371938167,-1.75,85.18720400000012
167.2,17.07702277022816,0.01047038442372994,393.3017007159305,70.86358969683471,-1.75,85.66133800000013
167.3,17.064170641707094,-0.011856062617379592,393.7759967159304,71.335458923481,-1.75,86.135634
167.4,17.023454234541454,-0.04339064369725065,394.2496787159304,71.806719132521,-1.75,86.609316
167.5,16.973449734496846,-0.09362191524033392,394.72196971593036,72.27659644667993,-1.75,87.081607
167.6,16.981981819819175,-0.1419276430522025,395.1936107159305,72.74582703114591,-1.75,87.55324800000012
167.7,16.950877508774777,-0.1715373797085924,395.6651217159305,73.21492724792718,-1.75,88.02475900000013
167.8,16.880028800288546,-0.19714323017288393,396.13540071593036,73.68280026141561,-1.75,88.495038
167.9,16.76943569435737,-0.22999181040760064,396.60334271593035,74.14834588045973,-1.75,88.96298
168.0,16.63767437674534,-0.2803199360668813,397.06784571593033,74.61046664185453,-1.75,89.427483
168.1,16.568013680137724,-0.3212182471474385,397.52940671593046,75.06967292877967,-1.75,89.88904400000013
168.2,16.47351273512743,-0.3363400766876907,397.98879971593044,75.526750781051,-1.75,90.34843700000013
168.3,16.353955539555002,-0.3447565944195219,398.4453367159303,75.98101469143904,-1.75,90.804974
168.4,16.20977409774086,-0.3565231456512734,398.8983247159303,76.43177404452578,-1.75,91.257962
168.5,16.049932499326314,-0.37931812884556493,399.34707571593026,76.87834307569568,-1.75,91.706713
168.6,15.923247232472681,-0.3941063886157963,399.79173671593037,77.32086691500487,-1.75,92.15137400000013
168.7,15.792781927819048,-0.39104272161571174,400.23284471593036,77.75987892300466,-1.75,92.59248200000013
168.8,15.658536585366939,-0.3835450941923959,400.6702927159302,78.1952716205072,-1.75,93.02993
168.9,15.520295202952203,-0.37306561876855326,401.10397471593024,78.62693853436329,-1.75,93.463612
169.0,15.37848978489844,-0.3571343405743086,401.5337837159302,79.05477220688984,-1.75,93.893421
169.1,15.239924399244453,-0.36266621407456157,401.95966171593034,79.47871396953664,-1.75,94.31929900000011
169.2,15.108919089190593,-0.40156310654040794,402.38176071593034,79.89891423413977,-1.75,94.74139800000012
169.3,14.985365853658651,-0.44023167504442995,402.8002887159302,80.3155792229968,-1.75,95.159926
169.4,14.86915669156728,-0.4448254272753296,403.2154537159302,80.72891522408982,-1.75,95.575091
169.5,14.726919269193026,-0.3700260778829936,403.6274617159302,81.13912659645653,-1.75,95.987099
169.6,14.488668886689037,-0.23106664633073137,404.0340757159303,81.54398525168112,-1.75,96.39371300000012
169.7,14.37461974619707,-0.07722070227690736,404.4352217159303,81.94341654599165,-1.75,96.79485900000012
169.8,14.384771847718554,0.07971548246957383,404.8343507159302,82.34085600808473,-1.75,97.193988
169.9,14.519341193412984,0.22681031006110786,405.2349137159302,82.73973975358878,-1.75,97.594551
170.0,14.741715417153985,0.3410107527651114,405.6403627159302,83.14350545893527,-1.75,98.0
170.1,14.837728377283701,0.3841010438082364,406.0507387159303,83.55219431027167,-1.75,98.41037600000011
170.2,14.933849338494666,0.3649232296523195,406.46378371593033,83.96355780779695,-1.75,98.82342100000011
170.3,15.029862298622797,0.3244833147634161,406.87949871593025,84.37759702448568,-1.75,99.239136
170.4,15.1260912609135,0.2862598556058451,407.29788171593026,84.79431004280511,-1.75,99.657519
170.5,15.231608316084705,0.26733064533436135,407.71893471593023,85.21369892663493,-1.75,100.078572
170.6,15.36498964989744,0.24928675860137162,408.14333571593033,85.63643910531748,-1.75,100.50297300000013
170.7,15.464350643506679,0.22116934456018456,408.57112571593035,86.06257156605413,-1.75,100.93076300000013
170.8,15.529259292593494,0.19163723105729957,409.0013567159302,86.49115207388577,-1.75,101.360994
170.9,15.559931599315858,0.15470539320777377,409.4330757159302,86.92123126544152,-1.75,101.792713
171.0,15.574403744037603,0.10380103801088936,409.8653307159302,87.35186062930214,-1.75,102.224968
171.1,15.64654846548533,0.06409784377592231,410.29867671593036,87.78359293012913,-1.75,102.65831400000013
171.2,15.689208892089313,0.05011518646659141,410.73375471593033,88.21706670064293,-1.75,103.09339200000012
171.3,15.702601026012136,0.041101459965737774,411.1697467159302,88.65146686783842,-1.75,103.529384
171.4,15.686508865089714,0.02014076084812899,411.6058377159302,89.08598123148009,-1.75,103.965475
171.5,15.65713257132574,-0.030553102733982485,412.0412087159302,89.5197934934823,-1.75,104.400846
171.6,15.679272792727309,-0.06810662512253884,412.47638871593034,89.95343049085287,-1.75,104.83602600000013
171.7,15.673008730088679,-0.06532407981454469,412.91192071593036,90.38743308971323,-1.75,105.27155800000013
171.8,15.63823238232399,-0.05783274615956202,413.34701571593024,90.82101484382571,-1.75,105.706653
171.9,15.575267752678577,-0.07464025689161957,413.78088271593026,91.25338721313527,-1.75,106.14052
172.0,15.509927099271255,-0.15098437697606926,414.21273371593026,91.6837645505552,-1.75,106.572371
172.1,15.525695256952915,-0.2267879322150108,414.6438497159304,92.11342315514712,-1.75,107.00348700000013
172.2,15.473098730988436,-0.252449377641053,415.0747687159304,92.54289897216782,-1.75,107.43440600000012
172.3,15.351813518135591,-0.27350658122020377,415.5035887159303,92.97029607744119,-1.75,107.863226
172.4,15.16194761947711,-0.32871377664889323,415.9284057159303,93.39371632807985,-1.75,108.288043
172.5,14.954801548016018,-0.46596864570080854,416.3473157159303,93.81126136740839,-1.75,108.706953
172.6,14.91041310413004,-0.6000622943297564,416.7625457159304,94.22515035533513,-1.75,109.12218300000012
172.7,14.752191521914607,-0.6594408601433344,417.1754897159304,94.63677237789838,-1.75,109.53512700000012
172.8,14.480352803527758,-0.7043364139934631,417.58298771593024,95.04297707821776,-1.75,109.942625
172.9,14.09478894788959,-0.7857704451168104,417.98188171593023,95.44061576513094,-1.75,110.341519
173.0,13.665592655926712,-0.9629029856726561,418.36901271593024,95.82653844745985,-1.75,110.72865
173.1,13.47183871838684,-1.096488936916863,418.74705071593036,96.20340588112961,-1.75,111.1066880000001
173.2,13.163387633876576,-1.0913469274552838,419.1186437159304,96.57385718875983,-1.75,111.4782810000001
173.3,12.740131401314756,-1.0588396093752017,419.48060671593026,96.93471648681671,-1.75,111.840244
173.4,12.202178021779323,-1.0770876939541907,419.8297517159303,97.28280463984024,-1.75,112.189389
173.5,11.645324453245209,-1.2349633985851742,420.1628907159303,97.61494227991318,-1.75,112.522528
173.6,11.415174151741477,-1.4676269140314382,420.4846097159304,97.93570070304814,-1.75,112.84424700000008
173.7,11.003582035820372,-1.6715163655134742,420.7982577159304,98.2484182713953,-1.75,113.15789500000008
173.8,10.410548105480515,-1.838006142299049,421.0987927159303,98.54806728731367,-1.75,113.45843
173.9,9.636072360723087,-1.937905393039669,421.3811747159303,98.82962172152308,-1.75,113.740812
174.0,8.709207092071466,-1.9035714832667665,421.6403627159303,99.08805427497302,-1.75,114.0
174.1,7.972963729637859,-1.6032398086211828,421.87499771593036,99.32200878749501,-1.75,114.23463500000005
174.2,7.464278642786727,-1.0912577657243467,422.0912887159304,99.53767533882578,-1.75,114.45092600000005
174.3,7.182719827198925,-0.5652783800567907,422.2955517159303,99.74135109885829,-1.75,114.655189
174.4,7.12850328503379,-0.18253399317250718,422.4940997159303,99.93933058643714,-1.75,114.853737
174.5,7.284672846728027,-0.1339464443597116,422.6932477159303,100.13791061742414,-1.75,115.052885
174.6,7.353037530375676,-0.2766471720662267,422.89661571593035,100.34070093635992,-1.75,115.25625300000006
174.7,7.233696336962639,-0.3960466178090538,423.10014471593036,100.5436541343487,-1.75,115.45978200000006
174.8,6.926865268653158,-0.5398910632462446,423.29862371593026,100.74157385679518,-1.75,115.658261
174.9,6.432544325443967,-0.7536033402286328,423.48684271593027,100.9292645192186,-1.75,115.84648
175.0,5.9159751597519366,-1.1402320316903172,423.65959371593027,101.10153232978895,-1.75,116.019231
175.1,5.949563495634851,-1.4864393399175695,423.8249537159303,101.26643135529804,-1.75,116.18459100000004
175.2,5.633660336604175,-1.5832777208891446,423.9880097159303,101.42903427341018,-1.75,116.34764700000004
175.3,4.9685896858978875,-1.57390280196529,424.1390577159302,101.57966385405607,-1.75,116.498695
175.4,3.9541355413561,-1.6093199393534103,424.26839671593024,101.70864555732298,-1.75,116.628034
175.5,2.8541445414453106,-1.8713589233795282,424.3663247159302,101.80630363600008,-1.75,116.725962
175.6,2.7705517055176605,-2.0327126348190085,424.44537671593025,101.88513812102431,-1.75,116.80501400000003
175.7,2.42235622356243,-1.8368012351458587,424.51965671593024,101.95921404335382,-1.75,116.87929400000002
175.8,1.8096660966611189,-1.5219861988832828,424.58181471593025,102.02120149786663,-1.75,116.941452
175.9,0.9321573215726036,-1.2443998565860785,424.62450071593025,102.06377049865954,-1.75,116.984138
176.0,0.0,-1.1051337786105229,424.6403627159302,102.07958904697844,-1.75,117.0
176.1,0.0,-0.7508987677287071,424.6403627159302,102.07958904697844,-1.75,117.0
176.2,0.0,-0.213693046021202,424.6403627159302,102.07958904697844,-1.75,117.0
176.3,0.0,0.0,424.6403627159302,102.07958904697844,-1.75,117.0
176.4,0.0,0.0,424.6403627159302,102.07958904697844,-1.75,117.0
176.5,0.0,0.0,424.6403627159302,102.07958904697844,-1.75,117.0
176.6,0.0,0.0,424.6403627159302,102.07958904697844,-1.75,117.0
176.7,0.0,0.0,424.6403627159302,102.07958904697844,-1.75,117.0
176.8,0.0,0.0,424.6403627159302,102.07958904697844,-1.75,117.0
176.9,0.0,0.0,424.6403627159302,102.07958904697844,-1.75,117.0
177.0,0.0,0.0,424.6403627159302,102.07958904697844,-1.75,117.0
177.1,0.0,0.0,424.6403627159302,102.07958904697844,-1.75,117.0
177.2,0.0,0.0,424.6403627159302,102.07958904697844,-1.75,117.0
177.3,0.0,0.0,424.6403627159302,102.07958904697844,-1.75,117.0
177.4,0.0,0.0,424.6403627159302,102.07958904697844,-1.75,117.0
177.5,0.0,0.0,424.6403627159302,102.07958904697844,-1.75,117.0
177.6,0.0,0.0,424.6403627159302,102.07958904697844,-1.75,117.0
177.7,0.0,0.0,424.6403627159302,102.07958904697844,-1.75,117.0
177.8,0.0,0.0,424.6403627159302,102.07958904697844,-1.75,117.0
177.9,0.0,0.0,424.6403627159302,102.07958904697844,-1.75,117.0
178.0,0.0,0.0,424.6403627159302,102.07958904697844,-1.75,117.0
178.1,0.0,0.0,424.6403627159302,102.07958904697844,-1.75,117.0
178.2,0.0,0.0,424.6403627159302,102.07958904697844,-1.75,117.0
178.3,0.0,0.0,424.6403627159302,102.07958904697844,-1.75,117.0
178.4,0.0,0.0,424.6403627159302,102.07958904697844,-1.75,117.0
178.5,0.0,0.0,424.6403627159302,102.07958904697844,-1.75,117.0
178.6,0.0,0.0,424.6403627159302,102.07958904697844,-1.75,117.0
178.7,0.0,0.0,424.6403627159302,102.07958904697844,-1.75,117.0
178.8,0.0,0.0,424.6403627159302,102.07958904697844,-1.75,117.0
178.9,0.0,0.0,424.6403627159302,102.07958904697844,-1.75,117.0
179.0,0.0,0.0,424.6403627159302,102.07958904697844,-1.75,117.0
179.1,0.0,0.0,424.6403627159302,102.07958904697844,-1.75,117.0
179.2,0.0,0.0,424.6403627159302,102.07958904697844,-1.75,117.0
179.3,0.0,0.0,424.6403627159302,102.07958904697844,-1.75,117.0
179.4,0.0,0.0,424.6403627159302,102.07958904697844,-1.75,117.0
179.5,0.0,0.0,424.6403627159302,102.07958904697844,-1.75,117.0
179.6,0.0,0.0,424.6403627159302,102.07958904697844,-1.75,117.0
179.7,0.0,0.0,424.6403627159302,102.07958904697844,-1.75,117.0
179.8,0.0,0.0,424.6403627159302,102.07958904697844,-1.75,117.0
179.9,0.0,0.0,424.6403627159302,102.07958904697844,-1.75,117.0
180.0,0.0,0.0,424.6403627159302,102.07958904697844,-1.75,117.0
