t,speed_kmh,acceleration_m_s2,distance_m,related_center_distance_m,x,y
0.0,6.844028440283531,0.06724263046924195,0.0,,-165.0,1.65
0.1,6.86778867788731,0.06711675508449311,0.19033999999999196,,-164.80966,1.65
0.2,6.89262892628847,0.06686500431499454,0.38133999999999446,,-164.61866,1.65
0.3,6.916389163889179,0.0666132535455013,0.5730100000000107,,-164.42699,1.65
0.4,6.940149401492958,0.06636150277603114,0.7653500000000122,,-164.23465,1.65
0.5,6.963909639096748,0.06611814369876079,0.958359999999999,,-164.04164,1.65
0.6,6.987669876700504,0.06572093692979131,1.1520199999999932,,-163.84798,1.65
0.7,7.011430114301212,0.06560555116051958,1.3463399999999979,,-163.65366,1.65
0.8,7.035190351901946,0.06568597154389977,1.5413200000000131,,-163.45868,1.65
0.9,7.058950589505724,0.06543072423554186,1.7369500000000073,,-163.26305,1.65
1.0,7.0816308163059585,0.06490974000550409,1.933240000000012,,-163.06676,1.65
1.1,7.105391053909785,0.06447616923739652,2.1301799999999957,,-162.86982,1.65
1.2,7.129151291510446,0.06416497731468063,2.327760000000012,,-162.67224,1.65
1.3,7.151831518313775,0.06413700500690034,2.5259900000000073,,-162.47401,1.65
1.4,7.174511745117102,0.06426987346928748,2.72487000000001,,-162.27513,1.65
1.5,7.1971919719204305,0.06378035808485905,2.9243899999999883,,-162.07561,1.65
1.6,7.2209522095211875,0.0635565796228903,3.124539999999996,,-161.87546,1.65
1.7,7.243632436324468,0.06375937885382399,3.3253400000000113,,-161.67466,1.65
1.8,7.267392673928245,0.06360553116099332,3.526759999999996,,-161.47324,1.65
1.9,7.288992889931122,0.06325587731461901,3.728829999999988,,-161.27117,1.65
2.0,7.31167311673143,0.06296216808381416,3.931520000000006,,-161.06848,1.65
2.1,7.335433354335209,0.06288524423710307,4.134839999999997,,-160.86516,1.65
2.2,7.3570335703380865,0.06256006615922693,4.338789999999989,,-160.66121,1.65
2.3,7.379713797138246,0.062374749620087044,4.543360000000007,,-160.45664,1.65
2.4,7.402394023941573,0.06220691577401993,4.748559999999998,,-160.25144,1.65
2.5,7.425074250741931,0.061490125389193295,4.9543700000000115,,-160.04563,1.65
2.6,7.446674466744808,0.06143068423594933,5.160809999999998,,-159.83919,1.65
2.7,7.468274682744616,0.061371243083220506,5.367860000000007,,-159.63214,1.65
2.8,7.490954909547844,0.060780328083057,5.575520000000012,,-159.42448,1.65
2.9,7.512555125550721,0.06045515000616852,5.783800000000014,,-159.2162,1.65
3.0,7.534155341553698,0.060339764237175686,5.992680000000007,,-159.00732,1.65
3.1,7.556835568357027,0.06018591654508043,6.202169999999995,,-158.79783,1.65
3.2,7.5773557735563815,0.059836262699265674,6.412270000000007,,-158.58773,1.65
3.3,7.598955989559158,0.05973486308358211,6.622970000000009,,-158.37703,1.65
3.4,7.6205562055620355,0.05991668308355358,6.834270000000004,,-158.16573,1.65
3.5,7.642156421565013,0.05981528346806009,7.046169999999989,,-157.95383,1.65
3.6,7.66375663756789,0.05990969000616708,7.258659999999992,,-157.74134,1.65
3.7,7.6853568535707675,0.0599516484669973,7.471749999999986,,-157.52825,1.65
3.8,7.706957069570473,0.05950059500452909,7.685429999999997,,-157.31457,1.65
3.9,7.72855728557335,0.05903555538893279,7.899699999999996,,-157.1003,1.65
4.0,7.74907749077281,0.058500585004539474,8.114560000000012,,-156.88544,1.65
4.1,7.77067770677548,0.057839739235838294,8.330000000000013,,-156.67,1.65
4.2,7.791197911978113,0.05740616846795987,8.546030000000002,,-156.45397,1.65
4.3,7.811718117180539,0.057360713468185054,8.762640000000005,,-156.23736,1.65
4.4,7.832238322382966,0.0575809953910742,8.979829999999993,,-156.02017,1.65
4.5,7.852758527585392,0.05753554039139175,9.197599999999994,,-155.8024,1.65
4.6,7.873278732787609,0.05742015462225858,9.415940000000006,,-155.58406,1.65
4.7,7.894878948790696,0.057304768853025934,9.63485,,-155.36515,1.65
4.8,7.915399153990053,0.056815253467661364,9.854330000000004,,-155.14567,1.65
4.9,7.935919359195548,0.05652154423639999,10.07437999999999,,-154.92562,1.65
5.0,7.955359553597524,0.05614042154378218,10.294999999999987,,-154.705,1.65
5.1,7.975879758799738,0.055580975389638354,10.516179999999991,,-154.48382,1.65
5.2,7.995319953198856,0.0556054511590105,10.737930000000006,,-154.26207,1.65
5.3,8.015840158401282,0.05596559462024686,10.960229999999996,,-154.03977,1.65
5.4,8.036360363603709,0.05612993192798754,11.183089999999993,,-153.81691,1.65
5.5,8.055800558005686,0.055976084236981194,11.406509999999997,,-153.59349,1.65
5.6,8.076320763207896,0.0557907676990812,11.630470000000003,,-153.36953,1.65
5.7,8.096840968410538,0.05532572808236935,11.854989999999987,,-153.14501,1.65
5.8,8.116281162812513,0.054399145388861925,12.080060000000003,,-152.91994,1.65
5.9,8.13572135721449,0.054091450004545294,12.305679999999995,,-152.69432,1.65
6.0,8.155161551616464,0.05383620269719813,12.531839999999988,,-152.46816,1.65
6.1,8.174601746015153,0.05351102462046775,12.75854000000001,,-152.24146,1.65
6.2,8.192961929616896,0.05350403154387351,12.985790000000009,,-152.01421,1.65
6.3,8.21240212402194,0.053350183851954114,13.213570000000004,,-151.78643,1.65
6.4,8.232922329224367,0.05333619769852582,13.441879999999998,,-151.55812,1.65
6.5,8.251282512825892,0.05343060423748014,13.670739999999995,,-151.32926,1.65
6.6,8.270722707227646,0.053259273852214406,13.900119999999987,,-151.09988,1.65
6.7,8.289082890829391,0.05298304731241821,14.130030000000005,,-150.86997,1.65
6.8,8.308523085231368,0.05257045577374875,14.360469999999992,,-150.63953,1.65
6.9,8.327963279633343,0.052157864235500284,14.591430000000003,,-150.40857,1.65
7.0,8.346323463234867,0.05188163769698306,14.82292000000001,,-150.17708,1.65
7.1,8.364683646836168,0.05171030731186832,15.054930000000013,,-149.94507,1.65
7.2,8.384123841238369,0.05161240423492153,15.287450000000007,,-149.71255,1.65
7.3,8.401404014039443,0.05133967423601504,15.520499999999998,,-149.4795,1.65
7.4,8.419764197640967,0.051154357697683395,15.75406000000001,,-149.24594,1.65
7.5,8.439204392042942,0.05112638538969172,15.98812000000001,,-149.01188,1.65
7.6,8.457564575644241,0.050815193466787534,16.222700000000003,,-148.7773,1.65
7.7,8.475924759249061,0.050699807697590416,16.45778999999999,,-148.54221,1.65
7.8,8.493204932050135,0.05040609846636457,16.693389999999994,,-148.30661,1.65
7.9,8.51156511564859,0.04990259692776,16.929480000000012,,-148.07052,1.65
8.0,8.529925299252957,0.0496683288512223,17.166079999999994,,-147.83392,1.65
8.1,8.54720547205403,0.049304688850972056,17.403179999999992,,-147.59682,1.65
8.2,8.565565655655554,0.049290702697513566,17.640770000000003,,-147.35923,1.65
8.3,8.582845828457087,0.049402591928753736,17.878860000000003,,-147.12114,1.65
8.4,8.601206012061681,0.04919979269745234,18.117439999999988,,-146.88256,1.65
8.5,8.617406174061845,0.048944545389822736,18.35651999999999,,-146.64348,1.65
8.6,8.63576635766337,0.04858090538972881,18.59608,,-146.40392,1.65
8.7,8.654126541264892,0.048395588850908666,18.836119999999994,,-146.16388,1.65
8.8,8.671406714066428,0.04814034154333591,19.07665,,-145.92335,1.65
8.9,8.687606876070122,0.047633343466996436,19.317669999999993,,-145.68233,1.65
9.0,8.70488704887073,0.04731865500591326,19.55915999999999,,-145.44084,1.65
9.1,8.722167221671805,0.04725571731284717,19.80113,,-145.19887,1.65
9.2,8.739447394475949,0.047388585773761704,20.04357999999999,,-144.95642,1.65
9.3,8.755647556477037,0.04769628115833591,20.28649999999999,,-144.7135,1.65
9.4,8.772927729278113,0.046951518466118,20.529889999999995,,-144.47011,1.65
9.5,8.79128791287917,0.043552883080987925,20.773740000000004,,-144.22626,1.65
9.6,8.807488074879792,0.042245177695948044,21.018069999999994,,-143.98193,1.65
9.7,8.823688236883484,0.04721725538892407,21.26285999999999,,-143.73714,1.65
9.8,8.84096840968503,0.056580985389981464,21.508109999999988,,-143.49189,1.65
9.9,8.856088560885201,0.0684832023142814,21.753829999999994,,-143.24617,1.65
10.0,8.877688776887606,0.08180851039236714,22.0,,-143.0,1.65
10.1,8.918729187292458,0.09474919923931502,22.246970000000005,,-142.75303,1.65
10.2,8.95976959769424,0.10523881462463969,22.49508,,-142.50492,1.65
10.3,8.99972999729912,0.11238224270297259,22.744310000000013,,-142.25569,1.65
10.4,9.038610386103073,0.11380533385785263,22.994650000000007,,-142.00535,1.65
10.5,9.077490774906542,0.10957801885784946,23.24609000000001,,-141.75391,1.65
10.6,9.11637116371049,0.10602203924234743,23.49860000000001,,-141.5014,1.65
10.7,9.15417154171399,0.10464440308812328,23.75218000000001,,-141.24782,1.65
10.8,9.191971919721048,0.1033716630880619,24.0068,,-140.9932,1.65
10.9,9.227612276123649,0.10175975885696076,24.262470000000008,,-140.73753,1.65
11.0,9.265412654126656,0.10018282001026968,24.519149999999996,,-140.48085,1.65
11.1,9.301053010529253,0.09914085154815488,24.776839999999993,,-140.22316,1.65
11.2,9.33561335613447,0.09778069808539591,25.035529999999994,,-139.96447,1.65
11.3,9.371253712537566,0.09629466923928476,25.29518999999999,,-139.70481,1.65
11.4,9.404734047339266,0.09464779962480918,25.55582000000001,,-139.44418,1.65
11.5,9.440374403744432,0.09334009424096124,25.81738999999999,,-139.18261,1.65
11.6,9.472774727745676,0.09224567770248804,26.079910000000012,,-138.92009,1.65
11.7,9.50517505174999,0.09063727000975597,26.343340000000012,,-138.65666,1.65
11.8,9.537575375754814,0.08904984154827567,26.607679999999988,,-138.39232,1.65
11.9,9.56997569975913,0.08723164154776342,26.87290999999999,,-138.12709,1.65
12.0,9.601296012962486,0.08578407462435322,27.139019999999988,,-137.86098,1.65
12.1,9.631536315362828,0.08458126539297695,27.406000000000006,,-137.594,1.65
12.2,9.661776617766243,0.08298684385314381,27.673820000000006,,-137.32618,1.65
12.3,9.690936909369722,0.08150081500689055,27.94247999999999,,-137.05752,1.65
12.4,9.720097200972686,0.08028052308501188,28.211960000000005,,-136.78804,1.65
12.5,9.74925749257513,0.07920009270137385,28.48223999999999,,-136.51776,1.65
12.6,9.777337773377642,0.0780672142392973,28.753320000000002,,-136.24668,1.65
12.7,9.805418054180153,0.07656370269994106,29.025170000000003,,-135.97483,1.65
12.8,9.832418324185808,0.07497277770010413,29.297789999999992,,-135.70221,1.65
12.9,9.85941859418787,0.07338534923826856,29.57114999999999,,-135.42885,1.65
13.0,9.885338853388955,0.07154966654496064,29.845249999999993,,-135.15475,1.65
13.1,9.911259112590566,0.0700671342365844,30.12007,,-134.87993,1.65
13.2,9.935019350194343,0.0687454426980576,30.3956,,-134.6044,1.65
13.3,9.960939609396483,0.06717549692934455,30.671809999999994,,-134.32819,1.65
13.4,9.983619836196745,0.06554960654526987,30.948710000000005,,-134.05129,1.65
13.5,10.00738007379999,0.06415099116063061,31.226259999999996,,-133.77374,1.65
13.6,10.031140311403767,0.06307056077569229,31.504459999999995,,-133.49554,1.65
13.7,10.052740527406645,0.06167194539112941,31.783299999999997,,-133.2167,1.65
13.8,10.074340743406989,0.06036424000688356,32.06276,,-132.93724,1.65
13.9,10.095940959409868,0.05902156923735724,32.34281999999999,,-132.65718,1.65
14.0,10.117541175412205,0.057199872698209475,32.62347,,-132.37653,1.65
14.1,10.13806138061463,0.05590965000575565,32.90469999999999,,-132.0953,1.65
14.2,10.157501575016605,0.05458096539005197,33.18648999999999,,-131.81351,1.65
14.3,10.176941769419123,0.05298654385113899,33.46883,,-131.53117,1.65
14.4,10.195301953020648,0.05162639038944761,33.7517,,-131.2483,1.65
14.5,10.213662136621629,0.05037462962041772,34.03509,,-130.96491,1.65
14.6,10.232022320223153,0.0490144761593001,34.31898000000001,,-130.68102,1.65
14.7,10.249302493024226,0.04754593000543217,34.60336000000001,,-130.39664,1.65
14.8,10.266582665828917,0.04605990115873304,34.88821999999999,,-130.11178,1.65
14.9,10.282782827829541,0.04452142423508221,35.17354,,-129.82646,1.65
15.0,10.297902979032235,0.04302140923480202,35.45930999999999,,-129.54069,1.65
15.1,10.313023130232406,0.04143398077285809,35.745509999999996,,-129.25449,1.65
15.2,10.328143281432578,0.03995144846422605,36.032129999999995,,-128.96787,1.65
15.3,10.34218342183285,0.03857381231017598,36.31915000000001,,-128.68085,1.65
15.4,10.356223562235641,0.03730107231070612,36.60656,,-128.39344,1.65
15.5,10.36918369183743,0.035815043465296625,36.89435,,-128.10565,1.65
15.6,10.381063810637784,0.03408076038874697,37.182500000000005,,-127.8175,1.65
15.7,10.39402394023859,0.03279053769631979,37.47099,,-127.52901,1.65
15.8,10.404824048240581,0.03150031500359418,37.759820000000005,,-127.24018,1.65
15.9,10.416704167042472,0.030084216925976293,38.048959999999994,,-126.95104,1.65
16.0,10.42642426424346,0.028951338464551668,38.338409999999996,,-126.66159,1.65
16.1,10.437224372243364,0.02759118500280522,38.62814,,-126.37186,1.65
16.2,10.446944469445887,0.025877881155794924,38.91815,,-126.08185,1.65
16.3,10.455584555844888,0.0242869561556045,39.208420000000004,,-125.79158,1.65
16.4,10.464224642245846,0.022909320002090894,39.49894000000002,,-125.50105999999998,1.65
16.5,10.4728647286475,0.021300912309660802,39.789680000000004,,-125.21032,1.65
16.6,10.479344793447133,0.019744952694207285,40.080650000000006,,-124.91935,1.65
16.7,10.485824858248304,0.01865053615604495,40.37182,,-124.62818,1.65
16.8,10.493384933849924,0.017164507309876953,40.663169999999994,,-124.33683,1.65
16.9,10.498784987849525,0.01569596115560934,40.95470000000002,,-124.04529999999998,1.65
17.0,10.504185041849828,0.01465399269375034,41.246390000000005,,-123.75361,1.65
17.1,10.509585095852083,0.013185446539676349,41.538219999999995,,-123.46178,1.65
17.2,10.513905139050816,0.011381232693150167,41.83019,,-123.16981,1.65
17.3,10.517145171452169,0.009933665770105904,42.12227,,-122.87773,1.65
17.4,10.521465214651316,0.008590995000631096,42.414450000000016,,-122.58554999999998,1.65
17.5,10.523625236251805,0.007035035384477695,42.706720000000004,,-122.29328,1.65
17.6,10.525785257852705,0.0056748819235039605,42.99907,,-122.00093,1.65
17.7,10.527945279452073,0.00438465923156528,43.291470000000004,,-121.70853,1.65
17.8,10.529025290252523,0.0028461823085024207,43.583920000000006,,-121.41608,1.65
17.9,10.530105301051853,0.001468546154672623,43.87640000000002,,-121.12359999999998,1.65
18.0,10.530105301052975,0.0001258753847164229,44.168890000000005,,-120.83111,1.65
18.1,10.53010530105451,-0.0015000150001185375,44.461389999999994,,-120.53861,1.65
18.2,10.529025290252523,-0.0030000300002885893,44.753870000000006,,-120.24613,1.65
18.3,10.527945279453608,-0.004500045000357389,45.04633,,-119.95367,1.65
18.4,10.525785257851584,-0.006125935385439263,45.338740000000016,,-119.66125999999998,1.65
18.5,10.523625236251805,-0.00759448153968556,45.6311,,-119.3689,1.65
18.6,10.520385203851987,-0.008814773462079373,45.92339,,-119.07661,1.65
18.7,10.517145171452169,-0.010104996154375101,46.215590000000006,,-118.78441,1.65
18.8,10.512825128251901,-0.01159102500049336,46.5077,,-118.4923,1.65
18.9,10.508505085050514,-0.012989640385196566,46.79969000000001,,-118.20030999999999,1.65
19.0,10.504185041851363,-0.014209932309142914,47.09155,,-117.90845,1.65
19.1,10.498784987850645,-0.015695961155580918,47.383269999999996,,-117.61673,1.65
19.2,10.492304923049474,-0.017164507309574972,47.67484000000002,,-117.32515999999998,1.65
19.3,10.485824858249838,-0.018524660771420898,47.966229999999996,,-117.03377,1.65
19.4,10.47934479344755,-0.020723983464414175,48.25744000000002,,-116.74255999999998,1.65
19.5,10.471784717847047,-0.025426827695602228,48.54845,,-116.45155,1.65
19.6,10.463144631446509,-0.028147134618368597,48.83925000000001,,-116.16075,1.65
19.7,10.455584555844888,-0.023772965002510915,49.12981000000002,,-115.87018999999998,1.65
19.8,10.4458644586439,-0.014101539616394376,49.42014,,-115.57986,1.65
19.9,10.436144361443334,-0.0007377696147834456,49.710200000000015,,-115.28979999999999,1.65
20.0,10.430744307443728,0.0141784634630433,50.0,,-115.0,1.65
20.1,10.449104491045253,0.0285981880797479,50.289910000000006,,-114.71009,1.65
20.2,10.467464674646777,0.04129062269632655,50.58033000000002,,-114.41966999999998,1.65
20.3,10.484744847449388,0.050045955005041165,50.87124,,-114.12876,1.65
20.4,10.502025020249343,0.05287115808218168,51.16265000000001,,-113.83734999999999,1.65
20.5,10.518225182251085,0.04945504000477996,51.454530000000005,,-113.54547,1.65
20.6,10.535505355053695,0.045906053466268304,51.746880000000004,,-113.25312,1.65
20.7,10.551705517055852,0.04523471808168189,52.03969000000001,,-112.96030999999999,1.65
20.8,10.567905679058011,0.044315128466607234,52.33295,,-112.66705,1.65
20.9,10.584105841057507,0.04307385731233637,52.62665000000001,,-112.37334999999999,1.65
21.0,10.599225992260344,0.04206335769596592,52.92077999999999,,-112.07922,1.65
21.1,10.61434614346205,0.04123467808057413,53.21534,,-111.78466,1.65
21.2,10.628386283863307,0.03997942077338301,53.51031000000002,,-111.48968999999998,1.65
21.3,10.642426424264563,0.0389514384658316,53.80569,,-111.19431,1.65
21.4,10.656466564664683,0.038419964619041735,54.10146000000002,,-110.89853999999998,1.65
21.5,10.671586715867528,0.03771016731093724,54.39761,,-110.60239,1.65
21.6,10.683466834669417,0.037000370003488214,54.69414999999999,,-110.30585,1.65
21.7,10.696426964270222,0.03602483577310167,54.991050000000016,,-110.00894999999998,1.65
21.8,10.710467104669943,0.03480104731202971,55.28830000000001,,-109.7117,1.65
21.9,10.722347223472227,0.03388145769585016,55.58591000000001,,-109.41408999999999,1.65
22.0,10.734227342273725,0.033318515002939364,55.88386,,-109.11614,1.65
22.1,10.746107461075614,0.032346477310897015,56.18213,,-108.81787,1.65
22.2,10.756907569077052,0.030951358464697876,56.48073000000001,,-108.51926999999999,1.65
22.3,10.768787687877406,0.029912886541659134,56.77964,,-108.22036,1.65
22.4,10.779587795876163,0.028814973463992644,57.07885000000002,,-107.92114999999998,1.65
22.5,10.789307893079835,0.02805272807879078,57.37836,,-107.62164,1.65
22.6,10.799027990279289,0.027293979233061094,57.67815,,-107.32185,1.65
22.7,10.80874808748181,0.025930329233737837,57.97822000000001,,-107.02177999999999,1.65
22.8,10.817388173882348,0.025150601157232444,58.278549999999996,,-106.72145,1.65
22.9,10.827108271080647,0.024689058079673032,58.57913000000002,,-106.42086999999998,1.65
23.0,10.836828368284323,0.02387086807926231,58.87996,,-106.12004,1.65
23.1,10.843308433085493,0.02309114000238921,59.181039999999996,,-105.81896,1.65
23.2,10.851948519486031,0.021958261540946822,59.48234000000001,,-105.51765999999999,1.65
23.3,10.86058860588657,0.020682025002928484,59.78385,,-105.21615,1.65
23.4,10.86706867068658,0.01994075884812574,60.08558000000001,,-104.91441999999999,1.65
23.5,10.874628746287826,0.019377816155067507,60.387510000000006,,-104.61249,1.65
23.6,10.881108811088994,0.01810157961695147,60.689629999999994,,-104.31037,1.65
23.7,10.886508865089715,0.016916253078685273,60.991940000000014,,-104.00805999999999,1.65
23.8,10.8940689406898,0.01615750423266782,61.29441,,-103.70559,1.65
23.9,10.899468994689359,0.015216935385900854,61.59705000000001,,-103.40294999999999,1.65
24.0,10.903789037890789,0.014615530770193175,61.89985,,-103.10015,1.65
24.1,10.909189091891507,0.01380433384757751,62.20278999999999,,-102.79721,1.65
24.2,10.91458914589223,0.01230082230933327,62.50586000000001,,-102.49413999999999,1.65
24.3,10.917829178292047,0.011293819232342628,62.809070000000006,,-102.19093,1.65
24.4,10.9232292322916,0.010709897308627703,63.112380000000016,,-101.88761999999998,1.65
24.5,10.926469264694118,0.009556039615693734,63.41580999999999,,-101.58419,1.65
24.6,10.928629286293486,0.008636450000274465,63.71934,,-101.28066,1.65
24.7,10.931869318693302,0.008003576538888169,64.02296000000001,,-100.97703999999999,1.65
24.8,10.93510935109312,0.006765801923814152,64.32665,,-100.67335,1.65
24.9,10.937269372692857,0.00570285423084016,64.63042000000002,,-100.36957999999998,1.65
25.0,10.93942939429339,0.005276276538355162,64.93425,,-100.06575,1.65
25.1,10.94158941589429,0.00430074230840205,65.23813,,-99.76187,1.65
25.2,10.94158941589429,0.0029196096162298346,65.54206000000002,,-99.45793999999998,1.65
25.3,10.94266942669474,0.0020699507704513564,65.84602,,-99.15398,1.65
25.4,10.94374943749249,0.0014860288468625527,66.15000000000002,,-98.84999999999998,1.65
25.5,10.944829448295643,0.0006188873074695067,66.454,,-98.546,1.65
25.6,10.943749437495192,-0.00016084076965228178,66.75801,,-98.24199,1.65
25.7,10.943749437495192,-0.0011188923081171254,67.06201000000001,,-97.93798999999999,1.65
25.8,10.943749437495192,-0.0024300942310357954,67.366,,-97.634,1.65
25.9,10.942669426692039,-0.003349683847261531,67.66997000000002,,-97.33002999999998,1.65
26.0,10.94050940509384,-0.003951088462741836,67.97391,,-97.02609,1.65
26.1,10.93942939429339,-0.004909140000419754,68.27781,,-96.72219,1.65
26.2,10.937269372694022,-0.0059546050002428075,68.58166000000001,,-96.41833999999999,1.65
26.3,10.93510935109312,-0.006625940384109796,68.88545,,-96.11455,1.65
26.4,10.932949329492589,-0.007405668461835546,69.18917000000002,,-95.81082999999998,1.65
26.5,10.929709297093936,-0.008433650770355072,69.49282,,-95.50718,1.65
26.6,10.926469264692583,-0.009440653847191172,69.79638,,-95.20362,1.65
26.7,10.923229232292766,-0.010374229616600061,70.09984000000001,,-94.90015999999999,1.65
26.8,10.918909189092497,-0.011465149616327608,70.4032,,-94.5968,1.65
26.9,10.91458914588953,-0.012751875770931065,70.70645000000002,,-94.29354999999998,1.65
27.0,10.91026910269196,-0.013989650386553976,71.00957,,-93.99043,1.65
27.1,10.904869048689704,-0.01490924000139593,71.31256,,-93.68744,1.65
27.2,10.89946899469052,-0.01577638153992922,71.61541000000001,,-93.38458999999999,1.65
27.3,10.89298892988935,-0.01666450230898242,71.91811,,-93.08189,1.65
27.4,10.88650886508702,-0.017304368847785412,72.22065000000002,,-92.77934999999998,1.65
27.5,10.881108811088994,-0.01783584269412586,72.52301,,-92.47699,1.65
27.6,10.874628746287826,-0.018615570770815992,72.8252,,-92.1748,1.65
27.7,10.867068670686205,-0.019591105001754983,73.12720000000002,,-91.87279999999998,1.65
27.8,10.86058860588657,-0.020619087309627915,73.429,,-91.571,1.65
27.9,10.853028530285325,-0.022000220002679427,73.73060000000001,,-91.26939999999999,1.65
28.0,10.844388443884409,-0.022989740387398427,74.03198,,-90.96802,1.65
28.1,10.835748357483872,-0.023661075771661544,74.33314,,-90.66686,1.65
28.2,10.827108271081801,-0.024689058079850668,74.63406000000002,,-90.36593999999998,1.65
28.3,10.818468184681263,-0.02548626884896521,74.93473,,-90.06527,1.65
28.4,10.808748087480659,-0.02600026000249045,75.23516000000001,,-89.76483999999999,1.65
28.5,10.800108001079739,-0.02677998807973303,75.53532,,-89.46468,1.65
28.6,10.7893078930783,-0.027965314618223047,75.83521,,-89.16479,1.65
28.7,10.77958779587731,-0.02922057192580496,76.13482000000002,,-88.86517999999998,1.65
28.8,10.768787687877406,-0.030210092310133163,76.43414,,-88.56586,1.65
28.9,10.757987579874822,-0.0311996126951275,76.73316000000001,,-88.26683999999999,1.65
29.0,10.746107461074079,-0.032010809618483904,77.03188,,-87.96812,1.65
29.1,10.734227342273725,-0.033000330002993294,77.33027,,-87.66973,1.65
29.2,10.722347223473369,-0.03411572577239674,77.62834000000001,,-87.37165999999999,1.65
29.3,10.710467104671478,-0.03489545384908865,77.92607,,-87.07393,1.65
29.4,10.697506975067999,-0.03636050346521991,78.22346000000002,,-86.77653999999998,1.65
29.5,10.684546845469868,-0.04148293231289202,78.52049,,-86.47951,1.65
29.6,10.670506705067076,-0.04419274962069153,78.81716,,-86.18284,1.65
29.7,10.65754657546627,-0.037283589619171664,79.11345000000001,,-85.88654999999999,1.65
29.8,10.643506435063479,-0.02318554654031324,79.40936,,-85.59064,1.65
29.9,10.62946629466109,-0.004360183462134515,79.70488000000002,,-85.29511999999998,1.65
30.0,10.620826208261686,0.01603862192450123,80.0,,-85.0,1.65
30.1,10.644586445865464,0.035493361927384726,80.29525,,-84.70475,1.65
30.2,10.66726667266726,0.051930589236857116,80.59115000000001,,-84.40884999999999,1.65
30.3,10.689946899469053,0.0629027269301865,80.88768,,-84.11232,1.65
30.4,10.711547115470788,0.06571394385267659,81.18481000000001,,-83.81518999999999,1.65
30.5,10.730987309873907,0.05961248423583321,81.48253,,-83.51747,1.65
30.6,10.751507515076334,0.05316486731247494,81.7808,,-83.2192,1.65
30.7,10.769867698676324,0.05051099462031594,82.07961000000002,,-82.92038999999998,1.65
30.8,10.788227882279385,0.04817530692804084,82.37893,,-82.62107,1.65
30.9,10.804428044278854,0.046175286927454096,82.67874000000002,,-82.32125999999998,1.65
31.0,10.820628206282166,0.0439270126962068,82.97902,,-82.02098,1.65
31.1,10.835748357483872,0.0416997176968632,83.27974,,-81.72026,1.65
31.2,10.850868508685581,0.039419974619686826,83.58088000000001,,-81.41911999999999,1.65
31.3,10.864908649086837,0.03688848077320728,83.88241,,-81.11759,1.65
31.4,10.877868778686484,0.03453181384979054,84.18432000000001,,-80.81567999999999,1.65
31.5,10.889748897489532,0.0322660569260087,84.48658,,-80.51342,1.65
31.6,10.900549005490971,0.02979050769521585,84.78917,,-80.21083,1.65
31.7,10.910269102690425,0.027314958464762285,85.09206000000002,,-79.90793999999998,1.65
31.8,10.919989199892948,0.02517507692632215,85.39523,,-79.60477,1.65
31.9,10.92970929709277,0.022979250771332005,85.69865000000001,,-79.30134999999999,1.65
32.0,10.937269372694022,0.020870838078630882,86.00231,,-78.99769,1.65
32.1,10.943749437495192,0.018675011925106233,86.30619,,-78.69381,1.65
32.2,10.950229502296363,0.016091070002000052,86.61025,,-78.38975,1.65
32.3,10.955629556294745,0.01341971461680913,86.91447000000002,,-78.08552999999998,1.65
32.4,10.959949599495815,0.011279833077509238,87.21884,,-77.78116,1.65
32.5,10.964269642697618,0.009279813077059273,87.52332,,-77.47668,1.65
32.6,10.966429664296985,0.006835732692483276,87.8279,,-77.1721,1.65
32.7,10.968589685897888,0.0045000450010324045,88.13255,,-76.86745,1.65
32.8,10.969669696694465,0.0021643573078282685,88.43725000000003,,-76.56274999999997,1.65
32.9,10.970749707497253,-0.00015384769327120296,88.74197,,-76.25803,1.65
33.0,10.969669696696803,-0.002311211923410994,89.0467,,-75.9533,1.65
33.1,10.968589685897888,-0.004825223077199681,89.3514,,-75.6486,1.65
33.2,10.966429664296985,-0.007269303461661991,89.65606,,-75.34394,1.65
33.3,10.963189631893297,-0.009535060385935878,89.96066000000003,,-75.03933999999997,1.65
33.4,10.95994959949735,-0.01160501115603374,90.26516,,-74.73484,1.65
33.5,10.954549545495096,-0.013744892694209199,90.56955,,-74.43045,1.65
33.6,10.949149491494376,-0.01634631730955327,90.8738,,-74.1262,1.65
33.7,10.943749437493658,-0.018790397693315697,91.17789,,-73.82211,1.65
33.8,10.93618936189124,-0.02096874115594005,91.48180000000004,,-73.51819999999996,1.65
33.9,10.928629286293486,-0.023056174617998693,91.7855,,-73.2145,1.65
34.0,10.918909189090963,-0.025444310386726343,92.08898,,-72.91102,1.65
34.1,10.909189091891507,-0.027989790387092484,92.3922,,-72.6078,1.65
34.2,10.89946899469052,-0.030356946925151007,92.69514,,-72.30486,1.65
34.3,10.888668886686759,-0.03274508269522158,92.99778000000003,,-72.00221999999997,1.65
34.4,10.875708757088276,-0.03501083961908158,93.30011,,-71.69989,1.65
34.5,10.862748627485935,-0.03745492000377304,93.60208,,-71.39792,1.65
34.6,10.848708487086213,-0.03996893115748712,93.90369,,-71.09631,1.65
34.7,10.833588335884505,-0.042000420003043715,94.20491,,-70.79509,1.65
34.8,10.81846818468049,-0.04415778423505934,94.50571000000002,,-70.49428999999998,1.65
34.9,10.802268022680641,-0.04651445115895747,94.80607,,-70.19393,1.65
35.0,10.784987849879565,-0.048710277312723704,95.10597,,-69.89403,1.65
35.1,10.76770767707849,-0.05104596500502723,95.40538,,-69.59462,1.65
35.2,10.748267482674981,-0.053629906927564974,95.70429,,-69.29571,1.65
35.3,10.7277472774718,-0.0560355253904703,96.00267000000001,,-68.99732999999999,1.65
35.4,10.708307083072112,-0.058371213083990625,96.30049,,-68.69951,1.65
35.5,10.686706867069235,-0.06074536269882458,96.59773,,-68.40227,1.65
35.6,10.66402664026744,-0.0626055211596821,96.89438,,-68.10562,1.65
35.7,10.641346413464111,-0.06453561039045574,97.1904,,-67.8096,1.65
35.8,10.617586175859602,-0.06711955231469524,97.48577000000002,,-67.51422999999998,1.65
35.9,10.592745927460706,-0.06961258423825356,97.78047,,-67.21953,1.65
36.0,10.567905679058011,-0.07180491385364363,98.07448,,-66.92552,1.65
36.1,10.541985419854866,-0.07440633846909961,98.36777,,-66.63223,1.65
36.2,10.513905139050816,-0.07686440500731351,98.66033,,-66.33967,1.65
36.3,10.485824858247602,-0.07916163077785399,98.95212000000001,,-66.04787999999999,1.65
36.4,10.456664566645339,-0.08181550347088518,99.24312,,-65.75688,1.65
36.5,10.427504275042375,-0.08408126039305053,99.53331,,-65.46669,1.65
36.6,10.396183961840045,-0.085941418854242,99.82268,,-65.17732,1.65
36.7,10.36594365943663,-0.08797990077708029,100.11118,,-64.88882,1.65
36.8,10.332463324631194,-0.09024565770093851,100.39881000000001,,-64.60118999999999,1.65
36.9,10.300063000630615,-0.09284708231739103,100.68553,,-64.31447,1.65
37.0,10.266582665827382,-0.09529116270204341,100.97133,,-64.02867,1.65
37.1,10.232022320223699,-0.09734363077882335,101.25618,,-63.74382,1.65
37.2,10.19638196382033,-0.09958840847099637,101.54006,,-63.45994,1.65
37.3,10.159661596613578,-0.10209892308749424,101.82294000000002,,-63.177059999999976,1.65
37.4,10.121861218612246,-0.10473181654994868,102.10480999999999,,-62.89519,1.65
37.5,10.085140851409195,-0.10715142116484166,102.38562999999999,,-62.61437,1.65
37.6,10.046260462604476,-0.10955703962620511,102.66539,,-62.33461,1.65
37.7,10.00522005220039,-0.1119311892413446,102.94407000000001,,-62.05593,1.65
37.8,9.965259652594627,-0.11403960193460172,103.22163000000003,,-61.77836999999998,1.65
37.9,9.923139231392216,-0.11637528962792132,103.49806000000001,,-61.50194,1.65
38.0,9.881018810188445,-0.11860258462730755,103.77333000000002,,-61.22667,1.65
38.1,9.837818378183457,-0.1206026046270452,104.04742000000002,,-60.95258,1.65
38.2,9.794617946179237,-0.12308514693451045,104.32030000000002,,-60.6797,1.65
38.3,9.75033750337325,-0.12528097308923059,104.59196000000003,,-60.40803999999998,1.65
38.4,9.703897038970524,-0.12761666078261058,104.86237000000003,,-60.13762999999998,1.65
38.5,9.657456574566488,-0.13020060270521583,105.13151,,-59.86849,1.65
38.6,9.609936099361231,-0.13260622116673382,105.39935,,-59.60065,1.65
38.7,9.562415624156742,-0.1349419088591759,105.66587,,-59.33413,1.65
38.8,9.513815138149004,-0.13687199809087325,105.93104000000002,,-59.068959999999976,1.65
38.9,9.463054630546726,-0.13910628616859988,106.19486000000002,,-58.80513999999998,1.65
39.0,9.413374133742105,-0.1414105050142318,106.45728,,-58.54272,1.65
39.1,9.361533615335812,-0.1436762619371219,106.71829,,-58.28171,1.65
39.2,9.309693096931053,-0.1458860742446344,106.97785999999999,,-58.02214,1.65
39.3,9.256772567723868,-0.14811336924557317,107.23598000000001,,-57.76401999999998,1.65
39.4,9.202772027720949,-0.1516308869388645,107.49261000000001,,-57.50738999999998,1.65
39.5,9.148771487715294,-0.1590645277081144,107.74774,,-57.25226,1.65
39.6,9.092610926109499,-0.16343520078526907,108.00134,,-56.99866,1.65
39.7,9.036450364503706,-0.15664841963042164,108.25339,,-56.74661,1.65
39.8,8.978129781296628,-0.14145945655259418,108.50387,,-56.49612999999999,1.65
39.9,8.920889208892294,-0.12153268385883642,108.75274000000002,,-56.24725999999998,1.65
40.0,8.869048690487542,-0.09945204347148184,109.0,,-56.0,1.65
40.1,8.853928539285835,-0.07808469693067899,109.24623,,-55.75377,1.65
40.2,8.837728377284444,-0.060581025390057164,109.49202,,-55.50798,1.65
40.3,8.819368193680269,-0.04964734962038797,109.73733000000001,,-55.262669999999986,1.65
40.4,8.798847988480489,-0.04795502500566684,109.98213000000001,,-55.01786999999999,1.65
40.5,8.778327783278066,-0.05612993192913329,110.22636,,-54.77364,1.65
40.6,8.75564755647627,-0.06445519000643252,110.47,,-54.53,1.65
40.7,8.731887318873259,-0.06812655539092383,110.713,,-54.287,1.65
40.8,8.707047070468706,-0.07190631346885468,110.95532,,-54.044679999999985,1.65
40.9,8.680046800467732,-0.07593432577762194,111.19693000000001,,-53.803069999999984,1.65
41.0,8.651966519665988,-0.07994135885454057,111.43777999999999,,-53.56222,1.65
41.1,8.622806228062256,-0.08400084000834696,111.67784,,-53.32216,1.65
41.2,8.591485914859158,-0.08806032116185314,111.91705999999999,,-53.08294,1.65
41.3,8.559085590853782,-0.09206735423991042,112.15541000000002,,-52.84458999999998,1.65
41.4,8.525605256052373,-0.0960953665488411,112.39285000000001,,-52.60714999999998,1.65
41.5,8.489964899649008,-0.09974924924079964,112.62933999999998,,-52.37066,1.65
41.6,8.453244532445959,-0.10357795885613896,112.86482999999998,,-52.13517,1.65
41.7,8.415444154441689,-0.10761995731781226,113.09929,,-51.90071,1.65
41.8,8.375483754835498,-0.11169692116486196,113.33268000000001,,-51.66731999999998,1.65
41.9,8.335523355233649,-0.1157564023197235,113.56496000000001,,-51.43503999999999,1.65
42.0,8.293402934029881,-0.11974595270436872,113.79608999999999,,-51.20391,1.65
42.1,8.248042480424758,-0.12393130924277962,114.02604,,-50.97396,1.65
42.2,8.203762037620855,-0.12797680424265678,114.25475,,-50.74525,1.65
42.3,8.156241562414623,-0.13173907962842435,114.4822,,-50.51779999999999,1.65
42.4,8.108721087211105,-0.13535799693717188,114.70834,,-50.291659999999986,1.65
42.5,8.059040590406484,-0.13887201809101946,114.93312999999999,,-50.06687,1.65
42.6,8.008280082801411,-0.14295597501441115,115.15653999999999,,-49.84346,1.65
42.7,7.956439564395885,-0.14693153924510582,115.37852,,-49.62148,1.65
42.8,7.903519035188986,-0.150781228092022,115.59903,,-49.40096999999999,1.65
42.9,7.847358473584879,-0.15489665386218654,115.81805,,-49.181949999999986,1.65
43.0,7.791197911979088,-0.15869039809283514,116.03550999999999,,-48.96449,1.65
43.1,7.732877328773927,-0.16283729270829284,116.25139999999999,,-48.7486,1.65
43.2,7.674556745567999,-0.1669667046315393,116.46565999999999,,-48.53434,1.65
43.3,7.612996129959858,-0.17070800078642812,116.67826,,-48.321739999999984,1.65
43.4,7.551435514355735,-0.17473601309495912,116.88915999999999,,-48.11083999999999,1.65
43.5,7.487714877149092,-0.1786556327102815,117.09831999999997,,-47.90168,1.65
43.6,7.42183421834231,-0.1826067211718332,117.30569999999997,,-47.6943,1.65
43.7,7.3559535595355285,-0.186753615787131,117.51125999999996,,-47.48874,1.65
43.8,7.287912879127821,-0.1907256834803892,117.71495999999998,,-47.28503999999999,1.65
43.9,7.218792187922775,-0.19466278578907215,117.91675999999998,,-47.08323999999999,1.65
44.0,7.14859148591573,-0.1985124746352902,118.11661999999997,,-46.88338,1.65
44.1,7.075150751508094,-0.2026663623279017,118.31450999999997,,-46.68549,1.65
44.2,7.001710017100458,-0.2064461204051824,118.51037999999997,,-46.48962,1.65
44.3,6.927189271891657,-0.2101174857906969,118.70418999999998,,-46.29580999999999,1.65
44.4,6.850508505084913,-0.21592523617614923,118.89590999999999,,-46.104089999999985,1.65
44.5,6.772747727477781,-0.22994985194621798,119.08548999999996,,-45.91451,1.65
44.6,6.693906939069427,-0.23759328502363353,119.27289999999996,,-45.7271,1.65
44.7,6.613986139861388,-0.2221036196370001,119.45808999999997,,-45.54191,1.65
44.8,6.530825308252133,-0.18999840348025465,119.64103999999998,,-45.35895999999999,1.65
44.9,6.447664476644902,-0.14824623770754286,119.82167999999999,,-45.178319999999985,1.65
45.0,6.378543785438309,-0.10298005077961037,119.99999999999997,,-45.0,1.65
45.1,6.385023850238711,-0.06003206885201173,120.17723999999997,,-44.82276,1.65
45.2,6.387183871839612,-0.025559696155980305,120.35461999999997,,-44.64538,1.65
45.3,6.383943839436899,-0.005828729615865669,120.53200999999999,,-44.467989999999986,1.65
45.4,6.377463774637857,-0.006395168847165067,120.70928999999998,,-44.29070999999998,1.65
45.5,6.366663666637185,-0.02767510192601641,120.88633999999996,,-44.11366,1.65
45.6,6.351543515435479,-0.049091400005037755,121.06303999999997,,-43.93696,1.65
45.7,6.331023310233818,-0.0611055061596435,121.23926999999998,,-43.76073,1.65
45.8,6.30726307262946,-0.07331541846903455,121.41490999999999,,-43.58508999999999,1.65
45.9,6.278102781027839,-0.08559526154783548,121.58984,,-43.41015999999998,1.65
46.0,6.245702457024293,-0.09762685039469154,121.76392999999999,,-43.23607,1.65
46.1,6.2079020790207915,-0.10950109501086835,121.93706999999998,,-43.06293,1.65
46.2,6.166861668616706,-0.12137533962691371,122.10912999999998,,-42.89087,1.65
46.3,6.120421204210592,-0.1334069284746331,122.28,,-42.719999999999985,1.65
46.4,6.070740707407272,-0.14556089616870693,122.44955,,-42.550449999999984,1.65
46.5,6.015660156601933,-0.1579281527081946,122.61766999999998,,-42.38233,1.65
46.6,5.957339573396005,-0.1701905130938801,122.78421999999998,,-42.21578,1.65
46.7,5.893618936189357,-0.18222210194091382,122.94909999999999,,-42.0509,1.65
46.8,5.825578255781195,-0.19430613886572168,123.11218,,-41.887819999999984,1.65
46.9,5.753217532175251,-0.20653353386737017,123.27332999999999,,-41.726669999999984,1.65
47.0,5.6765367653678025,-0.21858610194513783,123.43244999999997,,-41.56755,1.65
47.1,5.5966159661597645,-0.2303379677152977,123.58939999999997,,-41.4106,1.65
47.2,5.511295112951006,-0.24194647540846148,123.74406999999997,,-41.25593,1.65
47.3,5.4216542165408175,-0.2541039396408049,123.89633999999998,,-41.103659999999984,1.65
47.4,5.327693276932677,-0.26649217541149817,124.04607999999998,,-40.95391999999999,1.65
47.5,5.230492304922803,-0.27857621233545515,124.19316999999997,,-40.80683,1.65
47.6,5.127891278912972,-0.2907651454134976,124.33749999999996,,-40.6625,1.65
47.7,5.020970209702104,-0.30295757502991894,124.47893999999997,,-40.52106,1.65
47.8,4.908649086490229,-0.31502762580076915,124.61737999999997,,-40.382619999999996,1.65
47.9,4.794167941679552,-0.3270417319561556,124.75267999999997,,-40.247319999999995,1.65
48.0,4.674286742867119,-0.3389649281109035,124.88473999999997,,-40.11526,1.65
48.1,4.549005490054726,-0.3509790342657464,125.01342999999997,,-39.98657,1.65
48.2,4.421564215642198,-0.36304908503595446,125.13861999999997,,-39.86138,1.65
48.3,4.288722887228027,-0.37536739003746256,125.26019999999997,,-39.739799999999995,1.65
48.4,4.151561515615424,-0.3914269911930459,125.37804999999997,,-39.62194999999999,1.65
48.5,4.0090000900012,-0.42629796927330244,125.49204999999996,,-39.50795,1.65
48.6,3.8631986319863785,-0.4469555185062397,125.60206999999997,,-39.39793,1.65
48.7,3.713077130771289,-0.4159097535030538,125.70799999999997,,-39.292,1.65
48.8,3.5586355863551615,-0.347811170419539,125.80970999999998,,-39.19028999999999,1.65
48.9,3.399873998740294,-0.25740117541056584,125.90707999999998,,-39.09291999999999,1.65
49.0,3.270272702726876,-0.15935474040050757,125.99999999999997,,-39.0,1.65
49.1,3.309153091530828,-0.06695171846803394,126.09121999999996,,-38.90878,1.65
49.2,3.336153361533658,0.0066609057702367025,126.18340999999997,,-38.81659,1.65
49.3,3.3545135451352364,0.048720766927976555,126.27626999999997,,-38.723729999999996,1.65
49.4,3.3609936099363535,0.04678368461990079,126.36952999999997,,-38.630469999999995,1.65
49.5,3.3577535775357683,-0.0017552623078289642,126.46289999999996,,-38.5371,1.65
49.6,3.344793447934962,-0.05070680077423262,126.55608999999995,,-38.44391,1.65
49.7,3.3210332103319504,-0.07904974154631805,126.64881999999996,,-38.35118,1.65
49.8,3.2886328863284646,-0.1074276477030196,126.74079999999996,,-38.25919999999999,1.65
49.9,3.2443524435244933,-0.13596639462904658,126.83175999999997,,-38.16823999999999,1.65
50.0,3.190351903519605,-0.16470094770892274,126.92139999999996,,-38.0786,1.65
50.1,3.1255512555125065,-0.1932571773270375,127.00943999999996,,-37.99056,1.65
50.2,3.0510305103051873,-0.22179592425276873,127.09559999999996,,-37.9044,1.65
50.3,2.965709657096558,-0.24990809348646836,127.17958999999996,,-37.820409999999995,1.65
50.4,2.8706687066866756,-0.27800278002795187,127.26112999999997,,-37.73886999999999,1.65
50.5,2.7659076590767167,-0.3064890788768926,127.33992999999995,,-37.66007,1.65
50.6,2.650346503465311,-0.3348320196489465,127.41570999999995,,-37.58429,1.65
50.7,2.5250652506529176,-0.36334978734407075,127.48817999999994,,-37.51182,1.65
50.8,2.388983889838565,-0.39216825734693694,127.55705999999995,,-37.44293999999999,1.65
50.9,2.242102421023803,-0.4210042100423568,127.62206999999995,,-37.37792999999999,1.65
51.0,2.0855008550083216,-0.4495744258143768,127.68291999999994,,-37.31708,1.65
51.1,1.9191791917918415,-0.47800478004770364,127.73931999999994,,-37.26068,1.65
51.2,1.7409774097742392,-0.506169397358073,127.79099999999994,,-37.209,1.65
51.3,1.5541355413549873,-0.5343514973608643,127.83765999999994,,-37.16234,1.65
51.4,1.3564935649357395,-0.5681210658258975,127.87901999999994,,-37.12098,1.65
51.5,1.1491314913151873,-0.626799974293418,127.91479999999994,,-37.0852,1.65
51.6,0.9309693096931821,-0.6684577335283587,127.94470999999994,,-37.05529,1.65
51.7,0.7030870308701888,-0.6443281216028343,127.96846999999994,,-37.03153,1.65
51.8,0.4633246332467244,-0.569093103518498,127.98579999999993,,-37.0142,1.65
51.9,0.2149221492214022,-0.4579066769690239,127.99639999999994,,-37.0036,1.65
52.0,0.0,-0.3269962769558305,127.99999999999994,,-37.0,1.65
52.1,0.0,-0.15529875578477534,127.99999999999994,,-37.0,1.65
52.2,0.0,-0.025993266925698203,127.99999999999994,,-37.0,1.65
52.3,0.0,0.0,127.99999999999994,,-37.0,1.65
52.4,0.0,0.0,127.99999999999994,,-37.0,1.65
52.5,0.0,0.0,127.99999999999994,,-37.0,1.65
52.6,0.0,0.0,127.99999999999994,,-37.0,1.65
52.7,0.0,0.0,127.99999999999994,,-37.0,1.65
52.8,0.0,0.0,127.99999999999994,,-37.0,1.65
52.9,0.0,0.0,127.99999999999994,,-37.0,1.65
53.0,0.0,0.0,127.99999999999994,,-37.0,1.65
53.1,0.0,0.0,127.99999999999994,,-37.0,1.65
53.2,0.0,0.0,127.99999999999994,,-37.0,1.65
53.3,0.0,0.0,127.99999999999994,,-37.0,1.65
53.4,0.0,0.0,127.99999999999994,,-37.0,1.65
53.5,0.0,0.0,127.99999999999994,,-37.0,1.65
53.6,0.0,0.0,127.99999999999994,,-37.0,1.65
53.7,0.0,0.0,127.99999999999994,,-37.0,1.65
53.8,0.0,0.0,127.99999999999994,,-37.0,1.65
53.9,0.0,0.0,127.99999999999994,,-37.0,1.65
54.0,0.0,0.0,127.99999999999994,,-37.0,1.65
54.1,0.0,0.0,127.99999999999994,,-37.0,1.65
54.2,0.0,0.0,127.99999999999994,,-37.0,1.65
54.3,0.0,0.0,127.99999999999994,,-37.0,1.65
54.4,0.0,0.0,127.99999999999994,,-37.0,1.65
54.5,0.0,0.0,127.99999999999994,,-37.0,1.65
54.6,0.0,0.0,127.99999999999994,,-37.0,1.65
54.7,0.0,0.0,127.99999999999994,,-37.0,1.65
54.8,0.0,0.0,127.99999999999994,,-37.0,1.65
54.9,0.0,0.0,127.99999999999994,,-37.0,1.65
55.0,0.0,0.0,127.99999999999994,,-37.0,1.65
55.1,0.0,0.0,127.99999999999994,,-37.0,1.65
55.2,0.0,0.0,127.99999999999994,,-37.0,1.65
55.3,0.0,0.0,127.99999999999994,,-37.0,1.65
55.4,0.0,0.0,127.99999999999994,,-37.0,1.65
55.5,0.0,0.0,127.99999999999994,,-37.0,1.65
55.6,0.0,0.0,127.99999999999994,,-37.0,1.65
55.7,0.0,0.0,127.99999999999994,,-37.0,1.65
55.8,0.0,0.0,127.99999999999994,,-37.0,1.65
55.9,0.0,0.0,127.99999999999994,,-37.0,1.65
56.0,0.0,0.0,127.99999999999994,,-37.0,1.65
56.1,0.0,0.0,127.99999999999994,,-37.0,1.65
56.2,0.0,0.0,127.99999999999994,,-37.0,1.65
56.3,0.0,0.0,127.99999999999994,,-37.0,1.65
56.4,0.0,0.0,127.99999999999994,,-37.0,1.65
56.5,0.0,0.0,127.99999999999994,,-37.0,1.65
56.6,0.0,0.0,127.99999999999994,,-37.0,1.65
56.7,0.0,0.0,127.99999999999994,,-37.0,1.65
56.8,0.0,0.0,127.99999999999994,,-37.0,1.65
56.9,0.0,0.0,127.99999999999994,,-37.0,1.65
57.0,0.0,0.0,127.99999999999994,,-37.0,1.65
57.1,0.0,0.0,127.99999999999994,,-37.0,1.65
57.2,0.0,0.0,127.99999999999994,,-37.0,1.65
57.3,0.0,0.0,127.99999999999994,,-37.0,1.65
57.4,0.0,0.0,127.99999999999994,,-37.0,1.65
57.5,0.0,0.0,127.99999999999994,,-37.0,1.65
57.6,0.0,0.0,127.99999999999994,,-37.0,1.65
57.7,0.0,0.0,127.99999999999994,,-37.0,1.65
57.8,0.0,0.0,127.99999999999994,,-37.0,1.65
57.9,0.0,0.0,127.99999999999994,,-37.0,1.65
58.0,0.0,0.0,127.99999999999994,,-37.0,1.65
58.1,0.0,0.0,127.99999999999994,,-37.0,1.65
58.2,0.0,0.0,127.99999999999994,,-37.0,1.65
58.3,0.0,0.0,127.99999999999994,,-37.0,1.65
58.4,0.0,0.0,127.99999999999994,,-37.0,1.65
58.5,0.0,0.0,127.99999999999994,,-37.0,1.65
58.6,0.0,0.0,127.99999999999994,,-37.0,1.65
58.7,0.0,0.0,127.99999999999994,,-37.0,1.65
58.8,0.0,0.0,127.99999999999994,,-37.0,1.65
58.9,0.0,0.0,127.99999999999994,,-37.0,1.65
59.0,0.0,0.0,127.99999999999994,,-37.0,1.65
59.1,0.0,0.0,127.99999999999994,,-37.0,1.65
59.2,0.0,0.0,127.99999999999994,,-37.0,1.65
59.3,0.0,0.0,127.99999999999994,,-37.0,1.65
59.4,0.0,0.0,127.99999999999994,,-37.0,1.65
59.5,0.0,0.0,127.99999999999994,,-37.0,1.65
59.6,0.0,0.0,127.99999999999994,,-37.0,1.65
59.7,0.0,0.0,127.99999999999994,,-37.0,1.65
59.8,0.0,0.0,127.99999999999994,,-37.0,1.65
59.9,0.0,0.0,127.99999999999994,,-37.0,1.65
60.0,0.0,0.0,127.99999999999994,,-37.0,1.65
60.1,0.0,0.0,127.99999999999994,,-37.0,1.65
60.2,0.0,0.0,127.99999999999994,,-37.0,1.65
60.3,0.0,0.0,127.99999999999994,,-37.0,1.65
60.4,0.0,0.0,127.99999999999994,,-37.0,1.65
60.5,0.0,0.0,127.99999999999994,,-37.0,1.65
60.6,0.0,0.0,127.99999999999994,,-37.0,1.65
60.7,0.0,0.0,127.99999999999994,,-37.0,1.65
60.8,0.0,0.0,127.99999999999994,,-37.0,1.65
60.9,0.0,0.0,127.99999999999994,,-37.0,1.65
61.0,0.0,0.0,127.99999999999994,,-37.0,1.65
61.1,0.0,0.0,127.99999999999994,,-37.0,1.65
61.2,0.0,0.0,127.99999999999994,,-37.0,1.65
61.3,0.0,0.0,127.99999999999994,,-37.0,1.65
61.4,0.0,0.0,127.99999999999994,,-37.0,1.65
61.5,0.0,0.0,127.99999999999994,,-37.0,1.65
61.6,0.0,0.0,127.99999999999994,,-37.0,1.65
61.7,0.0,0.0,127.99999999999994,,-37.0,1.65
61.8,0.0,0.0,127.99999999999994,,-37.0,1.65
61.9,0.0,0.0,127.99999999999994,,-37.0,1.65
62.0,0.0,0.0,127.99999999999994,,-37.0,1.65
62.1,0.0,0.0,127.99999999999994,,-37.0,1.65
62.2,0.0,0.0,127.99999999999994,,-37.0,1.65
62.3,0.0,0.0,127.99999999999994,,-37.0,1.65
62.4,0.0,0.0,127.99999999999994,,-37.0,1.65
62.5,0.0,0.0,127.99999999999994,,-37.0,1.65
62.6,0.0,0.0,127.99999999999994,,-37.0,1.65
62.7,0.0,0.0,127.99999999999994,,-37.0,1.65
62.8,0.0,0.0,127.99999999999994,,-37.0,1.65
62.9,0.0,0.0,127.99999999999994,,-37.0,1.65
63.0,0.0,0.0,127.99999999999994,,-37.0,1.65
63.1,0.0,0.0,127.99999999999994,,-37.0,1.65
63.2,0.0,0.0,127.99999999999994,,-37.0,1.65
63.3,0.0,0.0,127.99999999999994,,-37.0,1.65
63.4,0.0,0.0,127.99999999999994,,-37.0,1.65
63.5,0.0,0.0,127.99999999999994,,-37.0,1.65
63.6,0.0,0.0,127.99999999999994,,-37.0,1.65
63.7,0.0,0.0,127.99999999999994,,-37.0,1.65
63.8,0.0,0.0,127.99999999999994,,-37.0,1.65
63.9,0.0,0.0,127.99999999999994,,-37.0,1.65
64.0,0.0,0.0,127.99999999999994,,-37.0,1.65
64.1,0.0,0.0,127.99999999999994,,-37.0,1.65
64.2,0.0,0.0,127.99999999999994,,-37.0,1.65
64.3,0.0,0.0,127.99999999999994,,-37.0,1.65
64.4,0.0,0.0,127.99999999999994,,-37.0,1.65
64.5,0.0,0.0,127.99999999999994,,-37.0,1.65
64.6,0.0,0.0,127.99999999999994,,-37.0,1.65
64.7,0.0,0.0,127.99999999999994,,-37.0,1.65
64.8,0.0,0.0,127.99999999999994,,-37.0,1.65
64.9,0.0,0.0,127.99999999999994,,-37.0,1.65
65.0,0.0,0.0,127.99999999999994,,-37.0,1.65
65.1,0.0,0.0,127.99999999999994,,-37.0,1.65
65.2,0.0,0.0,127.99999999999994,,-37.0,1.65
65.3,0.0,0.0,127.99999999999994,,-37.0,1.65
65.4,0.0,0.0,127.99999999999994,,-37.0,1.65
65.5,0.0,0.0,127.99999999999994,,-37.0,1.65
65.6,0.0,0.0,127.99999999999994,,-37.0,1.65
65.7,0.0,0.0,127.99999999999994,,-37.0,1.65
65.8,0.0,0.0,127.99999999999994,,-37.0,1.65
65.9,0.0,0.0,127.99999999999994,,-37.0,1.65
66.0,0.0,0.0,127.99999999999994,,-37.0,1.65
66.1,0.0,0.0,127.99999999999994,,-37.0,1.65
66.2,0.0,0.0,127.99999999999994,,-37.0,1.65
66.3,0.0,0.0,127.99999999999994,,-37.0,1.65
66.4,0.0,0.0,127.99999999999994,,-37.0,1.65
66.5,0.0,0.0,127.99999999999994,,-37.0,1.65
66.6,0.0,0.0,127.99999999999994,,-37.0,1.65
66.7,0.0,0.0,127.99999999999994,,-37.0,1.65
66.8,0.0,0.0,127.99999999999994,,-37.0,1.65
66.9,0.0,0.0,127.99999999999994,,-37.0,1.65
67.0,0.0,0.0,127.99999999999994,,-37.0,1.65
67.1,0.0,0.0,127.99999999999994,,-37.0,1.65
67.2,0.0,0.0,127.99999999999994,,-37.0,1.65
67.3,0.0,0.0,127.99999999999994,,-37.0,1.65
67.4,0.0,0.0,127.99999999999994,,-37.0,1.65
67.5,0.0,0.0,127.99999999999994,,-37.0,1.65
67.6,0.0,0.0,127.99999999999994,,-37.0,1.65
67.7,0.0,0.0,127.99999999999994,,-37.0,1.65
67.8,0.0,0.0,127.99999999999994,,-37.0,1.65
67.9,0.0,0.0,127.99999999999994,,-37.0,1.65
68.0,0.0,0.0,127.99999999999994,,-37.0,1.65
68.1,0.0,0.0,127.99999999999994,,-37.0,1.65
68.2,0.0,0.0,127.99999999999994,,-37.0,1.65
68.3,0.0,0.0,127.99999999999994,,-37.0,1.65
68.4,0.0,0.0,127.99999999999994,,-37.0,1.65
68.5,0.0,0.0,127.99999999999994,,-37.0,1.65
68.6,0.0,0.0,127.99999999999994,,-37.0,1.65
68.7,0.0,0.0,127.99999999999994,,-37.0,1.65
68.8,0.0,0.0,127.99999999999994,,-37.0,1.65
68.9,0.0,0.0,127.99999999999994,,-37.0,1.65
69.0,0.0,0.0,127.99999999999994,40.0,-37.0,1.65
69.1,0.0,0.0,127.99999999999994,39.659179999999964,-37.0,1.65
69.2,0.0,0.0,127.99999999999994,39.31914999999999,-37.0,1.65
69.3,0.0,0.0,127.99999999999994,38.9799,-37.0,1.65
69.4,0.0,0.0,127.99999999999994,38.641459999999995,-37.0,1.65
69.5,0.0,0.0,127.99999999999994,38.303839999999994,-37.0,1.65
69.6,0.0,0.0,127.99999999999994,37.967039999999955,-37.0,1.65
69.7,0.0,0.0,127.99999999999994,37.631069999999994,-37.0,1.65
69.8,0.0,0.0,127.99999999999994,37.295950000000005,-37.0,1.65
69.9,0.0,0.0,127.99999999999994,36.96168,-37.0,1.65
70.0,0.0,0.0,127.99999999999994,36.628280000000004,-37.0,1.65
70.1,0.0,0.0,127.99999999999994,36.295749999999956,-37.0,1.65
70.2,0.0,0.0,127.99999999999994,35.964119999999994,-37.0,1.65
70.3,0.0,0.0,127.99999999999994,35.63338,-37.0,1.65
70.4,0.0,0.0,127.99999999999994,35.30354,-37.0,1.65
70.5,0.0,0.0,127.99999999999994,34.974630000000005,-37.0,1.65
70.6,0.0,0.0,127.99999999999994,34.64664999999995,-37.0,1.65
70.7,0.0,0.0,127.99999999999994,34.319599999999994,-37.0,1.65
70.8,0.0,0.0,127.99999999999994,33.9935,-37.0,1.65
70.9,0.0,0.0,127.99999999999994,33.668369999999996,-37.0,1.65
71.0,0.0,0.0,127.99999999999994,33.3442,-37.0,1.65
71.1,0.0,0.0,127.99999999999994,33.02101999999995,-37.0,1.65
71.2,0.0,0.0,127.99999999999994,32.69883,-37.0,1.65
71.3,0.0,0.0,127.99999999999994,32.37764,-37.0,1.65
71.4,0.0,0.0,127.99999999999994,32.057460000000006,-37.0,1.65
71.5,0.0,0.0,127.99999999999994,31.738299999999995,-37.0,1.65
71.6,0.0,0.0,127.99999999999994,31.42017999999996,-37.0,1.65
71.7,0.0,0.0,127.99999999999994,31.10311,-37.0,1.65
71.8,0.0,0.0,127.99999999999994,30.787090000000006,-37.0,1.65
71.9,0.0,0.0,127.99999999999994,30.472130000000007,-37.0,1.65
72.0,0.0,0.0,127.99999999999994,30.158249999999995,-37.0,1.65
72.1,0.0,0.0,127.99999999999994,29.845449999999957,-37.0,1.65
72.2,0.0,0.0,127.99999999999994,29.533749999999998,-37.0,1.65
72.3,0.0,0.15366237578467998,127.99999999999994,29.223159999999993,-37.0,1.65
72.4,0.0,0.5353864727460288,127.99999999999994,28.91368,-37.0,1.65
72.5,0.10908109081100266,0.9340058435550358,127.99999999999994,28.605339999999998,-37.0,1.65
72.6,0.7506075060755343,1.2550405224332497,128.00901999999994,28.307149999999957,-36.99098,1.65
72.7,1.3705337053370104,1.5151585082284256,128.03563999999994,28.02771,-36.96436,1.65
72.8,1.9656196561966472,1.6737754790133497,128.07926999999995,27.766439999999996,-36.92073,1.65
72.9,2.5412654126543086,1.6922511882460318,128.13924999999995,27.52268999999999,-36.86075,1.65
73.0,3.0920709207092734,1.5660506255411177,128.21498999999994,27.295879999999997,-36.78501,1.65
73.1,3.6223562235618862,1.4391542516822584,128.30583999999996,27.085369999999976,-36.69415999999998,1.65
73.2,4.128881288812874,1.377223562445514,128.41119999999995,26.890570000000004,-36.5888,1.65
73.3,4.612726127261373,1.3149746882085127,128.53042999999997,26.71085,-36.46957,1.65
73.4,5.074970749707763,1.2524251116638005,128.66290999999995,26.545609999999996,-36.33709,1.65
73.5,5.5156151561512745,1.1901937201192352,128.80800999999997,26.39421,-36.19199,1.65
73.6,5.932499324993366,1.1279798112667603,128.96513,26.25608999999998,-36.03486999999998,1.65
73.7,6.327783277833234,1.0659267431836223,129.13361999999995,26.130580000000002,-35.86638,1.65
73.8,6.699306993070146,1.0034505939466438,129.31287999999995,26.017110000000002,-35.68712,1.65
73.9,7.049230492304948,0.9405688462479986,129.50226999999995,25.915040000000005,-35.49773,1.65
74.0,7.377553775538407,0.8782185723955678,129.70116999999993,25.823769999999996,-35.29883,1.65
74.1,7.682116821168127,0.8158822846969613,129.90895999999998,25.742679999999986,-35.09103999999997,1.65
74.2,7.96507965079719,0.753577465844673,130.12501999999995,25.671169999999996,-34.87498,1.65
74.3,8.224282242822515,0.6915383839153684,130.34871999999996,25.608620000000002,-34.65128,1.65
74.4,8.461884618846495,0.6292720269859249,130.57943999999995,25.554409999999997,-34.42056,1.65
74.5,8.677886778868366,0.5671140627490434,130.81654999999995,25.50793,-34.18345,1.65
74.6,8.87012870128725,0.5049910638966466,131.05944,25.468579999999996,-33.94055999999996,1.65
74.7,9.041850418504424,0.4426372935058698,131.30746999999997,25.43573,-33.69253,1.65
74.8,9.189811898119379,0.3800702342689064,131.56002999999995,25.408769999999997,-33.43997,1.65
74.9,9.315093150931773,0.3173982788778513,131.81649999999996,25.38711,-33.1835,1.65
75.0,9.417694176942373,0.2549221296409261,132.07623999999996,25.3701,-32.92376,1.65
75.1,9.498694986950104,0.19253339386547808,132.33864,25.357149999999997,-32.661359999999966,1.65
75.2,9.555935559356339,0.1303754296283941,132.60307999999998,25.347659999999998,-32.39692,1.65
75.3,9.592655926559392,0.06850068500675732,132.86891999999997,25.340990000000005,-32.13108,1.65
75.4,9.605616056160963,0.006234328077431073,133.13554999999997,25.33653,-31.86445,1.65
75.5,9.596975969760043,-0.056280283082633886,133.40233999999998,25.333679999999998,-31.59766,1.65
75.6,9.565655656556938,-0.11861657078116394,133.66867000000002,25.33183,-31.331329999999962,1.65
75.7,9.511655116551283,-0.1812011127104718,133.93391999999997,25.330350000000003,-31.06608,1.65
75.8,9.43497434974383,-0.2437332065629132,134.19746999999998,25.32865,-30.80253,1.65
75.9,9.335613356133818,-0.305786274646044,134.45868,25.326100000000004,-30.54132,1.65
76.0,9.214652146521692,-0.36794423888288996,134.71694,25.32208,-30.28306,1.65
76.1,9.071010710107366,-0.43015465119678176,134.97162000000003,25.316000000000003,-30.028379999999963,1.65
76.2,8.904689046890526,-0.49249093889540774,135.22211,25.30724,-29.77789,1.65
76.3,8.716767167671936,-0.5549356192862795,135.46776999999997,25.29517,-29.53223,1.65
76.4,8.506165061651167,-0.6245551966009053,135.70797999999996,25.27919,-29.29202,1.65
76.5,8.271802718027388,-0.7292800200729062,135.94212999999996,25.258699999999997,-29.05787,1.65
76.6,8.015840158401842,-0.8113262950811126,136.16958,25.233059999999995,-28.830419999999968,1.65
76.7,7.737197371973812,-0.8010464720032271,136.38971999999995,25.201690000000003,-28.61028,1.65
76.8,7.436954369543974,-0.7171225558410335,136.60191999999998,25.163949999999993,-28.398079999999972,1.65
76.9,7.1140311403116625,-0.5800092965964652,136.80554999999995,25.119229999999998,-28.19445,1.65
77.0,6.829988299883259,-0.4120006235026388,136.99999999999994,25.06693,-28.0,1.65
77.1,6.8407884078843155,-0.23662824040825292,137.18981999999997,25.011609999999994,-27.81017999999997,1.65
77.2,6.8515885158853695,-0.07827700654636516,137.37994999999995,24.958220000000004,-27.62005,1.65
77.3,6.860228602286291,0.037213658849827524,137.57035,24.906729999999992,-27.42964999999997,1.65
77.4,6.867788677887144,0.0826756519313836,137.76096999999996,24.857100000000003,-27.23903,1.65
77.5,6.873188731887479,0.04730466885093776,137.95176999999995,24.809299999999997,-27.04823,1.65
77.6,6.876428764287681,0.00770637077002867,138.14271,24.763309999999997,-26.85728999999997,1.65
77.7,6.878588785888199,0.0032762565387614018,138.33372999999997,24.719060000000002,-26.66627,1.65
77.8,6.878588785888199,-0.0010454650001641141,138.5248,24.67654999999999,-26.475199999999973,1.65
77.9,6.877508775088131,-0.005601454615915102,138.71586999999997,24.635740000000002,-26.28413,1.65
78.0,6.874268742687546,-0.009538556923951447,138.90689999999998,24.59659,-26.0931,1.65
78.1,6.871028710287344,-0.013776361539850512,139.09783000000002,24.55904999999999,-25.902169999999973,1.65
78.2,6.865628656286626,-0.018440743848083585,139.28862999999998,24.52311,-25.71137,1.65
78.3,6.856988569886088,-0.02283938923307538,139.47926,24.48873,-25.52073999999997,1.65
78.4,6.848348483485167,-0.027199572694966534,139.66966,24.455869999999997,-25.33034,1.65
78.5,6.83862838628418,-0.0318394792339074,139.85979,24.4245,-25.14021,1.65
78.6,6.824588245882538,-0.036692674619054344,140.04962000000003,24.394590000000004,-24.95037999999997,1.65
78.7,6.81162811628135,-0.040839569234915274,140.23908,24.36609,-24.76092,1.65
78.8,6.796507965080023,-0.04532562808148022,140.42815000000002,24.33899,-24.571849999999973,1.65
78.9,6.779227792278184,-0.049934065774142056,140.61676999999997,24.31323,-24.38323,1.65
79.0,6.759787597876208,-0.05393760231304867,140.80489999999998,24.2888,-24.1951,1.65
79.1,6.7392673926741615,-0.058724363467447915,140.9925,24.265649999999997,-24.007499999999975,1.65
79.2,6.718747187472122,-0.06335028385250574,141.17951,24.24375,-23.82049,1.65
79.3,6.693906939069807,-0.06740626846826636,141.36591,24.223069999999996,-23.634089999999976,1.65
79.4,6.670146701467182,-0.07183638269948922,141.55163,24.203570000000003,-23.44837,1.65
79.5,6.6420664206642845,-0.07664062654618498,141.73665,24.185219999999997,-23.26335,1.65
79.6,6.613986139861767,-0.08131899500826201,141.92090000000002,24.167979999999993,-23.079099999999976,1.65
79.7,6.584825848258808,-0.08558826847026779,142.10434999999998,24.151819999999997,-22.89565,1.65
79.8,6.552425524255254,-0.08998341731681414,142.28696000000002,24.136709999999997,-22.713039999999975,1.65
79.9,6.518945189452025,-0.09437856616332141,142.46868,24.122619999999998,-22.53132,1.65
80.0,6.484384843848342,-0.09889959039448115,142.64946,24.1095,-22.35054,1.65
80.1,6.448744487444969,-0.10345558001023747,142.82926000000003,24.097319999999996,-22.170739999999974,1.65
80.2,6.409864098641023,-0.10776331539517336,143.00804,24.086060000000003,-21.99196,1.65
80.3,6.370983709837448,-0.11207454731866484,143.18574,24.075659999999992,-21.814259999999976,1.65
80.4,6.3288632886333005,-0.11649067539609703,143.36234,24.06612,-21.63766,1.65
80.5,6.2867428674291475,-0.1210466650120221,143.53777,24.057369999999995,-21.46223,1.65
80.6,6.242462424624469,-0.1251411115509704,143.71200000000002,24.0494,-21.287999999999975,1.65
80.7,6.196021960220054,-0.12950129501299124,143.88499,24.04218,-21.11501,1.65
80.8,6.14958149581524,-0.1341272153981823,144.05668000000003,24.035659999999996,-20.943319999999975,1.65
80.9,6.099900999010241,-0.138735653090988,144.22704,24.02981,-20.77296,1.65
81.0,6.049140491405166,-0.14336157347600853,144.39601,24.02459,-20.60399,1.65
81.1,5.9972999730000165,-0.14772175693805956,144.56356000000002,24.019980000000004,-20.436439999999976,1.65
81.2,5.942219422194298,-0.15213438847691485,144.72964,24.015939999999997,-20.27036,1.65
81.3,5.887138871388562,-0.15647359270794148,144.8942,24.012430000000002,-20.105799999999974,1.65
81.4,5.829898298983093,-0.16548766886271693,145.05721,24.00943,-19.94279,1.65
81.5,5.771577715777164,-0.19554041694260338,145.21861,24.00688,-19.78139,1.65
81.6,5.711097110971094,-0.20798809386687456,145.37836000000004,24.004780000000004,-19.621639999999978,1.65
81.7,5.649536495365357,-0.16304009193929492,145.53642000000002,24.00307,-19.46358,1.65
81.8,5.584735847358632,-0.07908820346938494,145.69275000000005,24.00173,-19.30724999999998,1.65
81.9,5.519935199351926,0.026860408464167485,145.84729000000002,24.00072,-19.15271,1.65
82.0,5.491854918549414,0.13826362039840845,146.0,24.0,-19.0,1.65
82.1,5.651696516965128,0.23957931887011785,146.15406000000002,24.002299999999998,-18.845939999999977,1.65
82.2,5.794257942579726,0.31613952503166054,146.3124,24.010070000000002,-18.6876,1.65
82.3,5.922779227792338,0.3539580850355062,146.47458000000003,24.02288,-18.525419999999976,1.65
82.4,6.035100351003526,0.3400488550341034,146.64019000000002,24.04028,-18.35981,1.65
82.5,6.1333813338138565,0.2738558854120736,146.80879000000002,24.06184,-18.19121,1.65
82.6,6.2154621546216555,0.20789019078995352,146.97997000000004,24.087130000000005,-18.020029999999974,1.65
82.7,6.283502835028562,0.16563802001650352,147.15329,24.115699999999997,-17.84671,1.65
82.8,6.335343353433709,0.12328095308921228,147.32834000000003,24.14712,-17.671659999999974,1.65
82.9,6.372063720637521,0.08073157654649776,147.50469,24.180960000000002,-17.49531,1.65
83.0,6.392583925839181,0.038094786542338,147.68192000000002,24.216780000000004,-17.31808,1.65
83.1,6.3990639906399664,-0.004524520769663809,147.85960000000006,24.254140000000003,-17.140399999999975,1.65
83.2,6.39042390423943,-0.04689557385080789,148.03730000000002,24.292599999999997,-16.9627,1.65
83.3,6.36558365583673,-0.08907082077804773,148.21460000000005,24.331730000000007,-16.785399999999974,1.65
83.4,6.325623256233099,-0.13163768001304987,148.39109000000002,24.3711,-16.60891,1.65
83.5,6.270542705426989,-0.1743653800173668,148.56632000000002,24.410260000000005,-16.43368,1.65
83.6,6.200342003420311,-0.21693223925252703,148.73988000000003,24.44877,-16.260119999999976,1.65
83.7,6.115021150211947,-0.2592333615643927,148.91135,24.486219999999996,-16.08865,1.65
83.8,6.013500135001591,-0.301447070414806,149.08030000000002,24.522150000000003,-15.919699999999978,1.65
83.9,5.896858968589942,-0.3438181234960016,149.2463,24.556129999999996,-15.7537,1.65
84.0,5.766177661776829,-0.38652484426948686,149.40893,8.661824619841942,-15.59107,1.65
84.1,5.6192961929621115,-0.42927002696614025,149.56776000000002,8.449261372125939,-15.432239999999979,1.65
84.2,5.457294572945923,-0.471413805047173,149.72238,8.239410405150359,-15.27762,1.65
84.3,5.280172801727976,-0.5136449965898047,149.87235,8.032551821936757,-15.127649999999978,1.65
84.4,5.086850868508885,-0.5564601100556628,150.01726,7.828938576109791,-14.98274,1.65
84.5,4.87840878408806,-0.598901093906032,150.15667,7.628868246633966,-14.84333,1.65
84.6,4.655926559265752,-0.6411462716026,150.29016000000001,7.432599681679325,-14.709839999999982,1.65
84.7,4.418324183241997,-0.6837830616068583,150.41731,7.240420723424848,-14.58269,1.65
84.8,4.16344163441652,-0.7262625073803921,150.5377,7.05262170943541,-14.462299999999985,1.65
84.9,3.894518945189477,-0.7686720223847159,150.65088999999998,6.86951998253881,-14.34911,1.65
85.0,3.6104761047610734,-0.8114172050811677,150.75646999999998,6.691430368239664,-14.24353,1.65
85.1,3.310233102331043,-0.8539840643161458,150.85401,6.518711144674206,-14.145989999999987,1.65
85.2,2.994869948699585,-0.8959495189357032,150.94308999999998,6.351727283385206,-14.05691,1.65
85.3,2.6654666546665866,-0.938093297016855,151.02327,6.19089925256418,-13.97672999999999,1.65
85.4,2.3198631986321017,-0.9893455577912906,151.09413999999998,6.03667535022383,-13.90586,1.65
85.5,1.9591395913960528,-1.0823569774159183,151.15526999999997,5.889551640023204,-13.84473,1.65
85.6,1.5832958329584335,-1.1469939874224209,151.20623999999998,5.750080572452858,-13.793759999999994,1.65
85.7,1.1923319233192164,-1.100839679725511,151.24661999999998,5.618892191775885,-13.75338,1.65
85.8,0.7851678516784946,-0.9687649324045993,151.27598999999998,5.496672857738563,-13.724009999999996,1.65
85.9,0.362883628836375,-0.7771546246931977,151.29393,5.384185353468063,-13.70607,1.65
86.0,0.0,-0.5535649762092297,151.29999999999998,5.282281703960893,-13.7,1.65
86.1,0.0,-0.26172639348768617,151.29999999999998,5.187014482734732,-13.7,1.65
86.2,0.0,-0.04311931231201339,151.29999999999998,5.093964367209492,-13.7,1.65
86.3,0.0,0.0,151.29999999999998,5.003307941762118,-13.7,1.65
86.4,0.0,0.0,151.29999999999998,4.9152466245448965,-13.7,1.65
86.5,0.0,0.0,151.29999999999998,4.8299752714170285,-13.7,1.65
86.6,0.0,0.0,151.29999999999998,4.747699737862526,-13.7,1.65
86.7,0.0,0.0,151.29999999999998,4.668634977206935,-13.7,1.65
86.8,0.0,0.0,151.29999999999998,4.592983081005188,-13.7,1.65
86.9,0.0,0.0,151.29999999999998,4.49315846308585,-13.7,1.65
87.0,0.0,0.0,151.29999999999998,4.390112795828826,-13.7,1.65
87.1,0.0,0.0,151.29999999999998,4.289481248367904,-13.7,1.65
87.2,0.0,0.0,151.29999999999998,4.191498672611027,-13.7,1.65
87.3,0.0,0.0,151.29999999999998,4.096419509876874,-13.7,1.65
87.4,0.0,0.0,151.29999999999998,4.004516518932091,-13.7,1.65
87.5,0.0,0.0,151.29999999999998,3.9160558706943895,-13.7,1.65
87.6,0.0,0.0,151.29999999999998,3.8313329124992395,-13.7,1.65
87.7,0.0,0.0,151.29999999999998,3.7506458709934205,-13.7,1.65
87.8,0.0,0.0,151.29999999999998,3.6742901403672406,-13.7,1.65
87.9,0.0,0.0,151.29999999999998,3.6025862674473172,-13.7,1.65
88.0,0.0,0.0,151.29999999999998,3.5358402682389367,-13.7,1.65
88.1,0.0,0.0,151.29999999999998,3.4743560899827086,-13.7,1.65
88.2,0.0,0.0,151.29999999999998,3.4184378982804406,-13.7,1.65
88.3,0.0,0.0,151.29999999999998,3.3683713656454137,-13.7,1.65
88.4,0.0,0.0,151.29999999999998,3.3244167820686976,-13.7,1.65
88.5,0.0,0.0,151.29999999999998,3.286820684430472,-13.7,1.65
88.6,0.0,0.0,151.29999999999998,3.255786235980484,-13.7,1.65
88.7,0.0,0.0,151.29999999999998,3.231485726411304,-13.7,1.65
88.8,0.0,0.0,151.29999999999998,3.214031735997637,-13.7,1.65
88.9,0.0,0.0,151.29999999999998,3.203513695928269,-13.7,1.65
89.0,0.0,0.0,151.29999999999998,3.1999999999999993,-13.7,1.65
89.1,0.0,0.0,151.29999999999998,3.2035136959282693,-13.7,1.65
89.2,0.0,0.0,151.29999999999998,3.2140317359976387,-13.7,1.65
89.3,0.0,0.0,151.29999999999998,3.2314857264113073,-13.7,1.65
89.4,0.0,0.0,151.29999999999998,3.2557641192199402,-13.7,1.65
89.5,0.0,0.0,151.29999999999998,3.2867156859089586,-13.7,1.65
89.6,0.0,0.0,151.29999999999998,3.324154027718937,-13.7,1.65
89.7,0.0,0.0,151.29999999999998,3.3678628238097814,-13.7,1.65
89.8,0.0,0.042797630773547424,151.29999999999998,3.417601498127019,-13.7,1.65
89.9,0.0,0.14747350270708282,151.29999999999998,3.4731109973624505,-13.7,1.65
90.0,0.030240302403031247,0.2557857746409279,151.29999999999998,3.5341194094144575,-13.7,1.65
90.1,0.20628206282071557,0.34278664464966235,151.30247999999997,3.5981431531277455,-13.69752,1.65
90.2,0.37584375843756446,0.4122803465797033,151.30978999999996,3.662982370159595,-13.69021,1.65
90.3,0.5367653676537314,0.45337516312229936,151.32173999999998,3.7287848727970445,-13.678259999999998,1.65
90.4,0.6922869228691335,0.45575980235334335,151.33810999999997,3.7957276472502604,-13.66189,1.65
90.5,0.8402484024840883,0.4180776073495168,151.35871999999998,3.8639539384418136,-13.64128,1.65
90.6,0.9806498064982082,0.3800282758072637,151.38335999999998,3.9336299889033897,-13.616639999999997,1.65
90.7,1.1134911349114367,0.360188916574512,151.41183999999998,4.0049010206995135,-13.58816,1.65
90.8,1.2398523985241063,0.34027962657250566,151.44395,4.077921235445835,-13.556049999999995,1.65
90.9,1.3586535865358882,0.3202129923397248,151.4795,4.1528207582316865,-13.5205,1.65
91.0,1.4698946989470252,0.30041209502997823,151.51829,4.229727476339344,-13.48171,1.65
91.1,1.5746557465575814,0.2805727357972567,151.56012,4.3087578737265,-13.439879999999995,1.65
91.2,1.6729367293673232,0.26073337656455164,151.60478,4.39002264782313,-13.39522,1.65
91.3,1.7625776257763617,0.240806603870245,151.65209000000002,4.473599375011145,-13.347909999999994,1.65
91.4,1.8457384573845896,0.22077143848361747,151.70184,4.559572280993032,-13.29816,1.65
91.5,1.9213392133921676,0.2008236865585049,151.75383,4.648004912744822,-13.24617,1.65
91.6,1.9904599045991604,0.18109272001808696,151.80786,4.738946906180753,-13.192139999999993,1.65
91.7,2.052020520205281,0.16127434001616425,151.86374,4.832428663477611,-13.13626,1.65
91.8,2.106021060210564,0.14138253270651102,151.92126000000002,18.932479999999998,-13.078739999999991,1.65
91.9,2.1535415354154295,0.12132988462755057,151.98023,18.900530000000003,-13.01977,1.65
92.0,2.1945819458195164,0.10131220193320223,152.04044000000002,18.86985,-12.95956,1.65
92.1,2.2269822698228774,0.08165116616206047,152.10170000000002,18.840239999999994,-12.898299999999992,1.65
92.2,2.251822518225377,0.061724393467770255,152.16382000000002,18.811500000000002,-12.83618,1.65
92.3,2.2712627126271636,0.04163678000412263,152.22658,18.783399999999993,-12.773419999999991,1.65
92.4,2.2820628206282163,0.021710007309799995,152.28979,18.75572,-12.71021,1.65
92.5,2.287462874628936,0.002048971538634259,152.35325,18.728279999999998,-12.64675,1.65
92.6,2.284222842228541,-0.01765052615567031,152.41677,18.700849999999996,-12.583229999999991,1.65
92.7,2.273422734227296,-0.03766820884994582,152.48014,18.67322,-12.51986,1.65
92.8,2.2572225722257095,-0.057556519621166924,152.54316,18.645179999999996,-12.45683999999999,1.65
92.9,2.232382323823401,-0.07774553270012285,152.60564,18.61652,-12.39436,1.65
93.0,2.201062010620111,-0.0978121669328087,152.66737,18.58703,-12.33263,1.65
93.1,2.1621816218161527,-0.11752565078092081,152.72816,18.556489999999997,-12.27183999999999,1.65
93.2,2.116821168211804,-0.13782655309066527,152.78780999999998,18.52471,-12.21219,1.65
93.3,2.0628206282063277,-0.15779178770802949,152.84611999999998,18.491459999999996,-12.15387999999999,1.65
93.4,2.0023400234004654,-0.1792395546332699,152.90288999999999,18.45654,-12.09711,1.65
93.5,1.9353793537936161,-0.210914696559533,152.95791999999997,18.41973,-12.04208,1.65
93.6,1.8608586085860939,-0.23643593079290603,153.01100999999997,18.380819999999993,-11.988989999999992,1.65
93.7,1.7787777877781241,-0.23586599502365413,153.06195999999997,18.3396,-11.93804,1.65
93.8,1.6912969129692181,-0.21454060694460253,153.11056999999997,18.29585999999999,-11.889429999999994,1.65
93.9,1.5951759517594188,-0.17803324886400196,153.15664999999996,18.2494,-11.84335,1.65
94.0,1.5087750877509774,-0.13192789270553806,153.19999999999996,18.2,-11.8,1.65
94.1,1.5055350553505835,-0.08317216039300446,153.24187999999998,18.15004999999999,-11.758119999999995,1.65
94.2,1.5022950229501908,-0.03913325846542204,153.28367999999998,18.102,-11.71632,1.65
94.3,1.499054990549989,-0.006461603077456246,153.32538999999997,18.055769999999995,-11.674609999999994,1.65
94.4,1.4958149581495959,0.006793774231490968,153.36698999999996,18.011249999999997,-11.63301,1.65
94.5,1.4914949149491357,-0.002846182307935763,153.40848999999997,17.96834,-11.59151,1.65
94.6,1.4860948609487994,-0.013825313078253298,153.44985999999997,17.926949999999994,-11.550139999999995,1.65
94.7,1.4806948069482722,-0.015234418078442502,153.49109999999996,17.886979999999998,-11.5089,1.65
94.8,1.4752947529475517,-0.01626939346319567,153.53218999999996,17.848319999999994,-11.467809999999995,1.65
94.9,1.4688146881469581,-0.01712604538638196,153.57311999999996,17.810869999999998,-11.42688,1.65
95.0,1.4634146341464305,-0.018091090001882915,153.61387999999997,17.77453,-11.38612,1.65
95.1,1.4558545585455755,-0.019360333463548596,153.65445999999997,17.739219999999996,-11.345539999999994,1.65
95.2,1.449374493744982,-0.020629576925158766,153.69483999999997,17.70481,-11.30516,1.65
95.3,1.4418144181441268,-0.021594621540618197,153.73501999999996,17.671229999999994,-11.264979999999994,1.65
95.4,1.4331743317433991,-0.022769458463790526,153.77497999999997,17.63836,-11.22502,1.65
95.5,1.4245342453424783,-0.024031708848518685,153.81471999999997,17.606119999999997,-11.18528,1.65
95.6,1.415894158941556,-0.02538486923327965,153.85420999999997,17.574379999999994,-11.145789999999995,1.65
95.7,1.4072540725408285,-0.02661565077185335,153.89344999999997,17.543059999999997,-11.10655,1.65
95.8,1.3975339753398386,-0.02738488923349469,153.93242999999998,17.512069999999994,-11.067569999999995,1.65
95.9,1.386733867338785,-0.028489795387450556,153.97114,17.48129,-11.02886,1.65
96.0,1.375933759337538,-0.03012617538765472,154.00956,17.45064,-10.99044,1.65
96.1,1.365133651336673,-0.03135346038781717,154.04767999999999,17.419999999999995,-10.952319999999995,1.65
96.2,1.3543335433354278,-0.03236745654174267,154.08549,17.38928,-10.91451,1.65
96.3,1.3424534245343032,-0.03345488000337915,154.12297999999998,17.358379999999993,-10.877019999999995,1.65
96.4,1.3294932949329241,-0.034685661541928425,154.16013999999998,17.327199999999998,-10.83986,1.65
96.5,1.3165331653315426,-0.03603882192668917,154.19696,17.29566,-10.80304,1.65
96.6,1.3046530465306099,-0.03730107231141866,154.23341,17.263609999999993,-10.766589999999995,1.65
96.7,1.2895328953289047,-0.038601784619209045,154.26951,17.23101,-10.73049,1.65
96.8,1.2765727657277128,-0.039409485003918165,154.30522,17.197719999999993,-10.694779999999994,1.65
96.9,1.2614526145261997,-0.04043047423477142,154.34053999999998,17.16365,-10.65946,1.65
97.0,1.2474124741247512,-0.04176964846571285,154.37545999999998,17.12871,-10.62454,1.65
97.1,1.2312123121231666,-0.04248643885039938,154.40997,17.092789999999994,-10.590029999999995,1.65
97.2,1.2160921609216528,-0.043503931542790086,154.44404999999998,17.055790000000002,-10.55595,1.65
97.3,1.2009720097201344,-0.044892057312238,154.47769,17.017619999999994,-10.522309999999994,1.65
97.4,1.1836918369184874,-0.04611934231236692,154.51089,16.97818,-10.48911,1.65
97.5,1.1674916749167128,-0.04675221577391353,154.54361999999998,16.937350000000002,-10.45638,1.65
97.6,1.1502115021150598,-0.047899080389373516,154.57589,16.895059999999994,-10.424109999999995,1.65
97.7,1.1318513185131538,-0.05080820038961997,154.60766999999998,16.851190000000003,-10.39233,1.65
97.8,1.1134911349112426,-0.054004036543791045,154.63896,16.805649999999993,-10.361039999999996,1.65
97.9,1.0951309513097196,-0.05716141077489323,154.66974,16.75833,-10.33026,1.65
98.0,1.0756907569077436,-0.059591505005957224,154.7,16.709139999999998,-10.3,1.65
98.1,1.0508505085052369,-0.06092718269843522,154.72965,16.65788999999999,-10.270349999999997,1.65
98.2,1.0270902709028036,-0.061441173852338604,154.75862999999998,16.60445,-10.24137,1.65
98.3,1.005490054900498,-0.06069291462158688,154.78697,16.54873999999999,-10.213029999999996,1.65
98.4,0.9849698496984581,-0.05806351769822382,154.8147,16.490720000000003,-10.1853,1.65
98.5,0.9655296552964819,-0.053766271928431975,154.84186,16.43033,-10.15814,1.65
98.6,0.9460894608946954,-0.04971028731259297,154.86849,16.367529999999988,-10.131509999999997,1.65
98.7,0.9288092880928559,-0.04640955500456023,154.89461,16.30225,-10.10539,1.65
98.8,0.9126091260912713,-0.042930499235001474,154.92027000000002,16.23444999999999,-10.079729999999996,1.65
98.9,0.8985689856900165,-0.03918570654238174,154.94549,16.16406,-10.05451,1.65
99.0,0.8845288452885681,-0.035370983080516005,154.97031,16.09104,-10.02969,1.65
99.1,0.872648726487252,-0.03200032000324016,154.99477000000002,16.01532999999999,-10.005229999999996,1.65
99.2,0.8618486184861988,-0.02876951846443232,155.0189,15.93689,-9.9811,1.65
99.3,0.8521285212852088,-0.025500255002572247,155.04273,15.855639999999989,-9.957269999999996,1.65
99.4,0.8434884348842898,-0.02223099154070529,155.0663,15.77155,-9.9337,1.65
99.5,0.8359283592836279,-0.01887431461724387,155.08965,15.68456,-9.91035,1.65
99.6,0.8294482944830323,-0.015535120386133805,155.11280000000002,15.594599999999986,-9.887199999999996,1.65
99.7,0.8251282512825727,-0.012125995385833699,155.13579000000001,15.501639999999998,-9.86421,1.65
99.8,0.8208082080821123,-0.00855952615467137,155.15866000000003,15.405619999999987,-9.841339999999997,1.65
99.9,0.8186481864817862,-0.004940608846612182,155.18144,15.306479999999999,-9.81856,1.65
100.0,0.8175681756819109,-0.001374139615503367,155.20417,15.20417,-9.79583,1.65
100.1,0.817568175681719,0.0020349853848617983,155.22687000000002,15.095471277340085,-9.773129999999997,1.65
100.2,0.818648186481978,0.0053741796159565425,155.24959,14.977499761285257,-9.75041,1.65
100.3,0.8218882188823713,0.008604981154705982,155.27235000000002,14.850686800700482,-9.727649999999997,1.65
100.4,0.8251282512825727,0.011905713462678102,155.29520000000002,14.71551609257725,-9.7048,1.65
100.5,0.8305283052831003,0.015454700001473753,155.31816000000003,14.572449197887085,-9.68184,1.65
100.6,0.8359283592836293,0.019021169232601887,155.34128000000004,14.421992135558089,-9.658719999999997,1.65
100.7,0.8434884348842898,0.022500225002153096,155.36458000000005,14.264661199797212,-9.63542,1.65
100.8,0.8521285212852124,0.02597928077178402,155.38810000000004,14.100959500505606,-9.611899999999997,1.65
100.9,0.8629286292862659,0.02941987461836182,155.41187000000002,13.931413835993101,-9.58813,1.65
101.0,0.873728737287321,0.03312620538796507,155.43594000000002,13.756540983666643,-9.56406,1.65
101.1,0.8866888668887042,0.03680106731140764,155.46032000000002,13.576855507347766,-9.539679999999997,1.65
101.2,0.8996489964898919,0.03967871846555582,155.48507,13.392865314267146,-9.51493,1.65
101.3,0.9147691476916016,0.04285707192742305,155.5102,13.20506905689248,-9.489799999999997,1.65
101.4,0.9309693096931821,0.04701795269703424,155.53575999999998,13.013963775241574,-9.46424,1.65
101.5,0.9493294932948991,0.05340962500533908,155.56177999999997,12.820011665244303,-9.43822,1.65
101.6,0.9666096660967441,0.05797960077506348,155.58829999999998,12.62368620890504,-9.411699999999996,1.65
101.7,0.9860498604987171,0.056220841928707355,155.61534999999998,12.42541198637695,-9.38465,1.65
101.8,1.0087300873008975,0.04967182538956427,155.64294999999998,12.225576479626607,-9.357049999999996,1.65
101.9,1.030330303303005,0.04031508846557741,155.67116,12.024605695643412,-9.32884,1.65
102.0,1.049770497705173,0.02975903884910225,155.7,11.822844531266576,-9.3,1.65
102.1,1.0486904869049143,0.01891976961721409,155.72915999999998,11.620260502781308,-9.270839999999996,1.65
102.2,1.049770497704981,0.009374219616287371,155.75830999999997,11.41681342219448,-9.24169,1.65
102.3,1.0508505085050486,0.00352800730799796,155.78748999999996,11.212752801435485,-9.212509999999996,1.65
102.4,1.0540905409054413,0.0027517757694681677,155.81669999999997,11.008276281221326,-9.1833,1.65
102.5,1.0562505625055758,0.007328744616110994,155.84598999999997,10.803587164687476,-9.15401,1.65
102.6,1.0605706057060365,0.011860258462746298,155.87536999999998,10.598835262070045,-9.124629999999996,1.65
102.7,1.0648906489064967,0.014000140001440453,155.90486999999996,10.39412401167121,-9.09513,1.65
102.8,1.0702907029070252,0.01640575846317227,155.93450999999996,10.189526043702887,-9.065489999999997,1.65
102.9,1.0767707677078107,0.01893375577112666,155.96430999999995,9.985082637660042,-9.03569,1.65
103.0,1.0843308433082808,0.021566649232964474,155.99429999999995,9.780809398510943,-9.0057,1.65
103.1,1.0918909189093282,0.023968771156265944,156.02449999999996,9.573267850948255,-8.975499999999997,1.65
103.2,1.1016110161101225,0.026405858464187748,156.05492999999996,9.359461969541838,-8.94507,1.65
103.3,1.1113311133111126,0.028699587695190765,156.08562999999995,9.140035645444682,-8.914369999999996,1.65
103.4,1.1221312213123578,0.031206605772407192,156.11660999999995,8.915618705019858,-8.88339,1.65
103.5,1.13401134011348,0.03387446461880472,156.14789999999996,8.686861905763207,-8.8521,1.65
103.6,1.1458914589146045,0.036241621157473425,156.17951999999997,8.454428606653403,-8.820479999999995,1.65
103.7,1.1599315993160508,0.038699687696191365,156.21148999999997,8.218977093099845,-8.78851,1.65
103.8,1.1739717397175014,0.0409794307732847,156.24384999999998,7.981204668030978,-8.756149999999995,1.65
103.9,1.190171901719082,0.0433465873120098,156.27659999999997,7.741783497721957,-8.7234,1.65
104.0,1.2052920529205975,0.0458745846199895,156.30978999999996,7.501441442189627,-8.69021,1.65
104.1,1.2225722257222498,0.04822775500483378,156.34341999999998,7.260870440415495,-8.656579999999995,1.65
104.2,1.2398523985240895,0.05038861577428033,156.37752999999998,7.020836545718751,-8.62247,1.65
104.3,1.2582125821258092,0.05240611846676724,156.41214,6.782053426603152,-8.587859999999994,1.65
104.4,1.2787327873280416,0.054990060390100126,156.44726999999997,6.545312142969195,-8.55273,1.65
104.5,1.2981729817298258,0.05739525327824824,156.48295,6.311387889981094,-8.51705,1.65
104.6,1.3197731977321308,0.05947410613947146,156.51919999999998,6.081051964824804,-8.480799999999995,1.65
104.7,1.3402934029339792,0.061900824165827206,156.55604999999997,5.8551417287884675,-8.44395,1.65
104.8,1.364053640536419,0.06443964689753656,156.59350999999998,5.634434447448975,-8.406489999999994,1.65
104.9,1.3878138781388523,0.0670887260763049,156.63160999999997,5.419770097236598,-8.36839,1.65
105.0,1.4115741157412887,0.06962780588649276,156.67038999999997,5.211985687326856,-8.32961,1.65
105.1,1.4374980263656723,0.0721710417062964,156.70985000126709,5.011874847888734,-8.290149999999995,1.65001
105.2,1.4645428304763568,0.07449710201418736,156.7500204045511,4.820355446904304,-8.24998,1.65019
105.3,1.4916513167128074,0.07672112739566561,156.79093266432736,4.638255830309466,-8.209069999999995,1.65062
105.4,1.5188408105255202,0.0779290554415093,156.83260854344226,4.466328939162452,-8.1674,1.65132
105.5,1.5482582960976607,0.0743223419146486,156.87506985406736,4.305237348277095,-8.12495,1.6523
105.6,1.5777401639787363,0.07466270128550034,156.9183387909621,4.1555784184274325,-8.081699999999993,1.6535800000000003
105.7,1.6083620046209008,0.0884665998246481,156.96244781951637,4.0178297885799,-8.03762,1.65518
105.8,1.6391418948506202,0.11134283064944395,157.00740883373982,3.892267695791216,-7.992699999999994,1.6571000000000002
105.9,1.6710810657653083,0.13826733769863608,157.05325556208547,3.7790706958854314,-7.94691,1.65938
106.0,1.7139417515286008,0.1657345664292178,157.10000073723756,3.6781482812007456,-7.90024,1.66203
106.1,1.7981923601195127,0.190657641488857,157.14840882024032,3.58653778870374,-7.851929999999993,1.6651100000000005
106.2,1.8814699491167761,0.20961185807207938,157.19913743248233,3.501251196715254,-7.80133,1.66872
106.3,1.9596387499987438,0.21939531210672447,157.25212335985933,3.4221441701512116,-7.748509999999992,1.6729100000000006
106.4,2.0347965255337885,0.21704808895091965,157.30727264453282,3.3490968412692994,-7.69357,1.67771
106.5,2.107179676173789,0.2028783159276326,157.36449373505022,3.282125538138357,-7.63661,1.68317
106.6,2.1775814007152996,0.1888911166886844,157.42369612773837,3.221309523159789,-7.577729999999991,1.689340000000001
106.7,2.2439750103719014,0.1803934715642801,157.484799241407,3.166799476079911,-7.51702,1.69626
106.8,2.3077346690323344,0.17196429439191752,157.5477122257584,3.118805735870697,-7.454579999999991,1.703960000000001
106.9,2.3674294950195316,0.16292109395957022,157.612357467656,3.0776281333033073,-7.3905,1.71249
107.0,2.424447204601054,0.15381989879050995,157.67864590179047,3.0435825756006687,-7.32488,1.72188
107.1,2.478678197971308,0.1449663383569817,157.74648089718372,3.017025166633513,-7.2578299999999905,1.7321700000000015
107.2,2.5289068065774387,0.1361282187472561,157.8157851575145,2.99832415687497,-7.18944,1.74339
107.3,2.576588219074575,0.12744661888870423,157.88647069917616,2.9878663141780613,-7.11980999999999,1.7555600000000018
107.4,2.6203218827176666,0.11884923125886271,157.95845388123973,2.9860085472918527,-7.04904,1.76872
107.5,2.662451158653402,0.11006285478128408,158.03163684100497,2.9930734207666876,-6.97724,1.78288
107.6,2.6996144046197075,0.10147845088630669,158.10594595013703,3.00935726576291,-6.904499999999989,1.7980700000000023
107.7,2.7352341241961176,0.09322413847389921,158.18128490287728,3.035084238188456,-6.83093,1.8143
107.8,2.766995679312995,0.08487962183334608,158.2575678524794,3.070406804073369,-6.75662999999999,1.8315800000000027
107.9,2.7962322252473664,0.07620378653503268,158.3347072963457,3.1154152899412946,-6.6817,1.84991
108.0,2.8213977324914024,0.06759245370959999,158.41263334462226,3.1701548976824463,-6.60623,1.86932
108.1,2.845142865999822,0.05882025352470688,158.49123559013728,3.2319602310208055,-6.530339999999989,1.8897900000000032
108.2,2.8648373079523206,0.049926171045526324,158.57043804780116,3.3002680965794275,-6.45412,1.91132
108.3,2.8807919068219716,0.04112132773652455,158.65015574094392,3.377819247458348,-6.3776699999999895,1.9339100000000033
108.4,2.8937470063911195,0.03231332248049945,158.73030812705935,3.466637374935544,-6.30108,1.95754
108.5,2.9040333667768,0.023616831033750785,158.8107892285677,3.56795825318907,-6.22447,1.9822
108.6,2.910661766916987,0.014923683354988171,158.89153493557433,3.682083185548655,-6.14790999999999,2.0078600000000035
108.7,2.914985162967526,0.006381600312838742,158.97244015543063,3.8085128069891008,-6.07152,2.03451
108.8,2.915305263200746,-0.0021020600832022396,159.05342817676714,3.945893035258325,-5.995379999999989,2.062110000000004
108.9,2.9136541693831957,-0.010575609151310061,159.1344101809409,4.0922415021599114,-5.91959,2.09064
109.0,2.908018076033529,-0.019274478022852648,159.2152963392129,4.245025382491841,-5.84424,2.12005
109.1,2.899005096472063,-0.027878471939884797,159.2960038357668,4.401311875020924,-5.76941999999999,2.1503100000000046
109.2,2.887583736822818,-0.036476836834933746,159.3764424061171,4.557874693198574,-5.69522,2.18137
109.3,2.8736037142133637,-0.04519708967737124,159.45653064557834,4.711303709516103,-5.621719999999989,2.2131800000000044
109.4,2.855322455014777,-0.0573546807444103,159.5361817252948,4.858100194047051,-5.54901,2.2457
109.5,2.8340355951103473,-0.08620395880257625,159.61530549669126,4.994702929954894,-5.47717,2.27886
109.6,2.8107371851670844,-0.10211321479200475,159.69380621006383,5.117554898122752,-5.4062899999999905,2.312600000000005
109.7,2.7825373186185325,-0.07267271442958734,159.77161914279353,5.223093410470466,-5.33643,2.34687
109.8,2.752787366290472,-0.01119150089027654,159.84863888636622,5.307790266928424,-5.267679999999991,2.381590000000005
109.9,2.718529851399882,0.06854602693148415,159.92479970831556,5.368142948357467,-5.2001,2.41671
110.0,2.712189902854541,0.15413478318676477,159.99998560326932,5.400749265176083,-5.13378,2.45213
110.1,2.852655896546183,0.23394372488964965,160.07665889783792,5.417968894262869,-5.06656999999999,2.4890300000000054
110.2,2.981803615493038,0.2955055167311196,160.15711519964205,5.434743116284338,-4.9965,2.52857
110.3,3.100452937363802,0.3280589431026142,160.24106026322534,5.45149614878338,-4.92390999999999,2.5707300000000064
110.4,3.20736551712506,0.32102296939777997,160.32819705970076,5.46857221882458,-4.84913,2.61546
110.5,3.305994208897194,0.27289045282458435,160.41821277943905,5.486316831983002,-4.7725,2.66269
110.6,3.391068295174058,0.22475982180055443,160.51084222832006,5.504968009434753,-4.694319999999989,2.712370000000007
110.7,3.4668933787171152,0.19509872914928028,160.60575432080566,5.524788789827173,-4.61494,2.7644
110.8,3.531758342963629,0.1652107371251743,160.70267371205426,5.5459405964452975,-4.534659999999988,2.818700000000008
110.9,3.5860497823894493,0.13516261836022725,160.8012913093683,5.568566575852353,-4.45379,2.87514
111.0,3.6292107370742794,0.10553188385010515,160.90131389281825,5.592758409014285,-4.37263,2.9336
111.1,3.6619535227979276,0.07576369994717513,161.00244678163293,5.618561142854997,-4.291469999999989,2.9939400000000087
111.2,3.6839105066458986,0.04578500680420561,161.10438315639678,5.646002293455078,-4.21061,3.05601
111.3,3.6944239656548157,0.01620502330370499,161.2068452127884,5.67502857728488,-4.1302999999999885,3.1196400000000093
111.4,3.695843352064162,-0.013139079818854427,161.30950572613213,5.7056071695920325,-4.05083,3.18463
111.5,3.6849984326336047,-0.04268103839199888,161.41209848269907,5.7376024044630345,-3.97242,3.25079
111.6,3.664375263040015,-0.07255418835777672,161.514300626023,5.77091849426069,-3.8953299999999893,3.3178900000000096
111.7,3.6332258381335056,-0.10225972400255312,161.61583245059043,5.805386447059317,-3.81978,3.38572
111.8,3.591510109356238,-0.13210527727123544,161.71638022082928,5.84084127225694,-3.7459899999999897,3.4540200000000096
111.9,3.538470257015596,-0.16199899175159782,161.81566439126948,5.8770813869215734,-3.67415,3.52255
112.0,3.4739958858556834,-0.19177220033640818,161.91338322312905,5.913902520713375,-3.60445,3.59104
112.1,3.399561268396474,-0.22175430554551667,162.00922606323724,5.951101496714711,-3.5370699999999906,3.6592000000000096
112.2,3.315039449031147,-0.2516011510058114,162.10290831128881,5.988418000974883,-3.47217,3.72676
112.3,3.218838250014732,-0.2809623551762268,162.19412794130344,6.025642487876298,-3.4098899999999914,3.7934100000000095
112.4,3.1123432232063957,-0.3103855948083316,162.28258777738736,6.0625048971691555,-3.35038,3.85886
112.5,2.995449429626386,-0.3403667589277273,162.3679927058166,6.098788494004363,-3.29375,3.92279
112.6,2.867116450776495,-0.3701907045989037,162.45003851253455,6.134248110608183,-3.2401299999999926,3.9848900000000085
112.7,2.7289874804236596,-0.3996247934603274,162.52843668151826,6.16862182282234,-3.18961,4.04484
112.8,2.5800171824830618,-0.42948080358431584,162.602881179636,6.201696628149433,-3.142289999999994,4.102310000000008
112.9,2.4190711055104424,-0.4595002394523706,162.67308628272687,6.23322084740305,-3.09827,4.157
113.0,2.2487292836538404,-0.4889369414882143,162.73874339277597,6.262977566373681,-3.05762,4.20856
113.1,2.0680805298426255,-0.5185802576747438,162.79955796422067,6.2907409033992225,-3.020419999999995,4.256670000000006
113.2,1.8753307657472347,-0.5485143229188392,162.85523295411738,6.316303015443449,-2.98675,4.30101
113.3,1.671898927758824,-0.5782148147925508,162.9054770701908,6.339467221849172,-2.956689999999996,4.341270000000005
113.4,1.4594458919170399,-0.6135228067723317,162.94998099586036,6.36002812978056,-2.93032,4.37712
113.5,1.235536603610546,-0.6756458422614386,162.988455519899,6.377821408451321,-2.90771,4.40825
113.6,0.9994932510203857,-0.7195037192742202,163.02060854308502,6.392667560956069,-2.8889599999999978,4.434370000000004
113.7,0.7539287670031509,-0.6927047271808592,163.04612841965212,6.404428583886309,-2.87416,4.45516
113.8,0.49768932022741375,-0.6114381949071203,163.06472597325467,6.41296108668219,-2.863429999999999,4.470350000000002
113.9,0.2310163045443816,-0.49167997948292497,163.07610348176928,6.418143443784969,-2.85689,4.47966
114.0,0.0,-0.35063086740898586,163.07996534660379,6.419886133047844,-2.85467,4.48282
114.1,0.0,-0.16652071987424444,163.07996534660379,6.419886133047844,-2.85467,4.48282
114.2,0.0,-0.027978687418622545,163.07996534660379,6.419886133047844,-2.85467,4.48282
114.3,0.0,0.0,163.07996534660379,6.419886133047844,-2.85467,4.48282
114.4,0.0,0.0,163.07996534660379,6.419886133047844,-2.85467,4.48282
114.5,0.0,0.0,163.07996534660379,6.419886133047844,-2.85467,4.48282
114.6,0.0,0.0,163.07996534660379,6.419886133047844,-2.85467,4.48282
114.7,0.0,0.0,163.07996534660379,6.419886133047844,-2.85467,4.48282
114.8,0.0,0.0,163.07996534660379,6.419886133047844,-2.85467,4.48282
114.9,0.0,0.0,163.07996534660379,6.419886133047844,-2.85467,4.48282
115.0,0.0,0.0,163.07996534660379,6.419886133047844,-2.85467,4.48282
115.1,0.0,0.0,163.07996534660379,6.419886133047844,-2.85467,4.48282
115.2,0.0,0.0,163.07996534660379,6.419886133047844,-2.85467,4.48282
115.3,0.0,0.0,163.07996534660379,6.419886133047844,-2.85467,4.48282
115.4,0.0,0.0,163.07996534660379,6.419886133047844,-2.85467,4.48282
115.5,0.0,0.0,163.07996534660379,6.419886133047844,-2.85467,4.48282
115.6,0.0,0.0,163.07996534660379,6.419886133047844,-2.85467,4.48282
115.7,0.0,0.0,163.07996534660379,6.419886133047844,-2.85467,4.48282
115.8,0.0,0.0,163.07996534660379,6.419886133047844,-2.85467,4.48282
115.9,0.0,0.0,163.07996534660379,6.419886133047844,-2.85467,4.48282
116.0,0.0,0.0,163.07996534660379,6.419886133047844,-2.85467,4.48282
116.1,0.0,0.0,163.07996534660379,6.419886133047844,-2.85467,4.48282
116.2,0.0,0.0,163.07996534660379,6.419886133047844,-2.85467,4.48282
116.3,0.0,0.0,163.07996534660379,6.419886133047844,-2.85467,4.48282
116.4,0.0,0.0,163.07996534660379,6.419886133047844,-2.85467,4.48282
116.5,0.0,0.0,163.07996534660379,6.419886133047844,-2.85467,4.48282
116.6,0.0,0.0,163.07996534660379,6.419886133047844,-2.85467,4.48282
116.7,0.0,0.0,163.07996534660379,6.419886133047844,-2.85467,4.48282
116.8,0.0,0.0,163.07996534660379,6.419886133047844,-2.85467,4.48282
116.9,0.0,0.0,163.07996534660379,6.419886133047844,-2.85467,4.48282
117.0,0.0,0.0,163.07996534660379,6.419886133047844,-2.85467,4.48282
117.1,0.0,0.0,163.07996534660379,6.419886133047844,-2.85467,4.48282
117.2,0.0,0.0,163.07996534660379,6.419886133047844,-2.85467,4.48282
117.3,0.0,0.0,163.07996534660379,6.419886133047844,-2.85467,4.48282
117.4,0.0,0.0,163.07996534660379,6.419886133047844,-2.85467,4.48282
117.5,0.0,0.0,163.07996534660379,6.419886133047844,-2.85467,4.48282
117.6,0.0,0.0,163.07996534660379,6.419886133047844,-2.85467,4.48282
117.7,0.0,0.0,163.07996534660379,6.419886133047844,-2.85467,4.48282
117.8,0.0,0.0,163.07996534660379,6.419886133047844,-2.85467,4.48282
117.9,0.0,0.0,163.07996534660379,6.419886133047844,-2.85467,4.48282
118.0,0.0,0.0,163.07996534660379,6.419886133047844,-2.85467,4.48282
118.1,0.0,0.0,163.07996534660379,6.419886133047844,-2.85467,4.48282
118.2,0.0,0.0,163.07996534660379,6.419886133047844,-2.85467,4.48282
118.3,0.0,0.0,163.07996534660379,6.419886133047844,-2.85467,4.48282
118.4,0.0,0.0,163.07996534660379,6.419886133047844,-2.85467,4.48282
118.5,0.0,0.0,163.07996534660379,6.419886133047844,-2.85467,4.48282
118.6,0.0,0.0,163.07996534660379,6.419886133047844,-2.85467,4.48282
118.7,0.0,0.0,163.07996534660379,6.419886133047844,-2.85467,4.48282
118.8,0.0,0.0,163.07996534660379,6.419886133047844,-2.85467,4.48282
118.9,0.0,0.0,163.07996534660379,6.419886133047844,-2.85467,4.48282
119.0,0.0,0.0,163.07996534660379,6.419886133047844,-2.85467,4.48282
119.1,0.0,0.0,163.07996534660379,6.419886133047844,-2.85467,4.48282
119.2,0.0,0.0,163.07996534660379,6.419886133047844,-2.85467,4.48282
119.3,0.0,0.0,163.07996534660379,6.419886133047844,-2.85467,4.48282
119.4,0.0,0.0,163.07996534660379,6.419886133047844,-2.85467,4.48282
119.5,0.0,0.0,163.07996534660379,6.419886133047844,-2.85467,4.48282
119.6,0.0,0.0,163.07996534660379,6.419886133047844,-2.85467,4.48282
119.7,0.0,0.0,163.07996534660379,6.419886133047844,-2.85467,4.48282
119.8,0.0,0.0,163.07996534660379,6.419886133047844,-2.85467,4.48282
119.9,0.0,0.0,163.07996534660379,6.419886133047844,-2.85467,4.48282
120.0,0.0,0.0,163.07996534660379,6.419886133047844,-2.85467,4.48282
120.1,0.0,0.0,163.07996534660379,6.419886133047844,-2.85467,4.48282
120.2,0.0,0.0,163.07996534660379,6.419886133047844,-2.85467,4.48282
120.3,0.0,0.0,163.07996534660379,6.419886133047844,-2.85467,4.48282
120.4,0.0,0.0,163.07996534660379,6.419886133047844,-2.85467,4.48282
120.5,0.0,0.0,163.07996534660379,6.419886133047844,-2.85467,4.48282
120.6,0.0,0.0,163.07996534660379,6.419886133047844,-2.85467,4.48282
120.7,0.0,0.0,163.07996534660379,6.419886133047844,-2.85467,4.48282
120.8,0.0,0.0,163.07996534660379,6.419886133047844,-2.85467,4.48282
120.9,0.0,0.0,163.07996534660379,6.419886133047844,-2.85467,4.48282
121.0,0.0,0.0,163.07996534660379,6.419886133047844,-2.85467,4.48282
121.1,0.0,0.0,163.07996534660379,6.419886133047844,-2.85467,4.48282
121.2,0.0,0.0,163.07996534660379,6.419886133047844,-2.85467,4.48282
121.3,0.0,0.0,163.07996534660379,6.419886133047844,-2.85467,4.48282
121.4,0.0,0.0,163.07996534660379,6.419886133047844,-2.85467,4.48282
121.5,0.0,0.0,163.07996534660379,6.419886133047844,-2.85467,4.48282
121.6,0.0,0.0,163.07996534660379,6.419886133047844,-2.85467,4.48282
121.7,0.0,0.0,163.07996534660379,6.419886133047844,-2.85467,4.48282
121.8,0.0,0.0,163.07996534660379,6.419886133047844,-2.85467,4.48282
121.9,0.0,0.0,163.07996534660379,6.419886133047844,-2.85467,4.48282
122.0,0.0,0.0,163.07996534660379,6.419886133047844,-2.85467,4.48282
122.1,0.0,0.0,163.07996534660379,6.419886133047844,-2.85467,4.48282
122.2,0.0,0.0,163.07996534660379,6.419886133047844,-2.85467,4.48282
122.3,0.0,0.0,163.07996534660379,6.419886133047844,-2.85467,4.48282
122.4,0.0,0.0,163.07996534660379,6.419886133047844,-2.85467,4.48282
122.5,0.0,0.0,163.07996534660379,6.419886133047844,-2.85467,4.48282
122.6,0.0,0.0,163.07996534660379,6.419886133047844,-2.85467,4.48282
122.7,0.0,0.0,163.07996534660379,6.419886133047844,-2.85467,4.48282
122.8,0.0,0.0,163.07996534660379,6.419886133047844,-2.85467,4.48282
122.9,0.0,0.0,163.07996534660379,6.419886133047844,-2.85467,4.48282
123.0,0.0,0.0,163.07996534660379,6.419886133047844,-2.85467,4.48282
123.1,0.0,0.0,163.07996534660379,6.419886133047844,-2.85467,4.48282
123.2,0.0,0.0,163.07996534660379,6.419886133047844,-2.85467,4.48282
123.3,0.0,0.0,163.07996534660379,6.419886133047844,-2.85467,4.48282
123.4,0.0,0.0,163.07996534660379,6.419886133047844,-2.85467,4.48282
123.5,0.0,0.0,163.07996534660379,6.419886133047844,-2.85467,4.48282
123.6,0.0,0.0,163.07996534660379,6.419886133047844,-2.85467,4.48282
123.7,0.0,0.0,163.07996534660379,6.419886133047844,-2.85467,4.48282
123.8,0.0,0.0,163.07996534660379,6.419886133047844,-2.85467,4.48282
123.9,0.0,0.0,163.07996534660379,6.419886133047844,-2.85467,4.48282
124.0,0.0,0.0,163.07996534660379,6.419886133047844,-2.85467,4.48282
124.1,0.0,0.0,163.07996534660379,6.419886133047844,-2.85467,4.48282
124.2,0.0,0.0,163.07996534660379,6.419886133047844,-2.85467,4.48282
124.3,0.0,0.0,163.07996534660379,6.419886133047844,-2.85467,4.48282
124.4,0.0,0.0,163.07996534660379,6.419886133047844,-2.85467,4.48282
124.5,0.0,0.0,163.07996534660379,6.419886133047844,-2.85467,4.48282
124.6,0.0,0.0,163.07996534660379,6.419886133047844,-2.85467,4.48282
124.7,0.0,0.0,163.07996534660379,6.419886133047844,-2.85467,4.48282
124.8,0.0,0.0,163.07996534660379,6.419886133047844,-2.85467,4.48282
124.9,0.0,0.0,163.07996534660379,6.419886133047844,-2.85467,4.48282
125.0,0.0,0.0,163.07996534660379,6.419886133047844,-2.85467,4.48282
125.1,0.0,0.0,163.07996534660379,6.419886133047844,-2.85467,4.48282
125.2,0.0,0.0,163.07996534660379,6.419886133047844,-2.85467,4.48282
125.3,0.0,0.0,163.07996534660379,6.419886133047844,-2.85467,4.48282
125.4,0.0,0.0,163.07996534660379,6.419886133047844,-2.85467,4.48282
125.5,0.0,0.0,163.07996534660379,6.419886133047844,-2.85467,4.48282
125.6,0.0,0.0,163.07996534660379,6.419886133047844,-2.85467,4.48282
125.7,0.0,0.0,163.07996534660379,6.419886133047844,-2.85467,4.48282
125.8,0.0,0.0,163.07996534660379,6.419886133047844,-2.85467,4.48282
125.9,0.0,0.0,163.07996534660379,6.419886133047844,-2.85467,4.48282
126.0,0.0,0.0,163.07996534660379,6.419886133047844,-2.85467,4.48282
126.1,0.0,0.0,163.07996534660379,6.419886133047844,-2.85467,4.48282
126.2,0.0,0.0,163.07996534660379,6.419886133047844,-2.85467,4.48282
126.3,0.0,0.0,163.07996534660379,6.419886133047844,-2.85467,4.48282
126.4,0.0,0.0,163.07996534660379,6.419886133047844,-2.85467,4.48282
126.5,0.0,0.0,163.07996534660379,6.419886133047844,-2.85467,4.48282
126.6,0.0,0.0,163.07996534660379,6.419886133047844,-2.85467,4.48282
126.7,0.0,0.0,163.07996534660379,6.419886133047844,-2.85467,4.48282
126.8,0.0,0.0,163.07996534660379,6.419886133047844,-2.85467,4.48282
126.9,0.0,0.0,163.07996534660379,6.419886133047844,-2.85467,4.48282
127.0,0.0,0.0,163.07996534660379,6.419886133047844,-2.85467,4.48282
127.1,0.0,0.0,163.07996534660379,6.419886133047844,-2.85467,4.48282
127.2,0.0,0.0,163.07996534660379,6.419886133047844,-2.85467,4.48282
127.3,0.0,0.0,163.07996534660379,6.419886133047844,-2.85467,4.48282
127.4,0.0,0.0,163.07996534660379,6.419886133047844,-2.85467,4.48282
127.5,0.0,0.0,163.07996534660379,6.419886133047844,-2.85467,4.48282
127.6,0.0,0.0,163.07996534660379,6.419886133047844,-2.85467,4.48282
127.7,0.0,0.0,163.07996534660379,6.419886133047844,-2.85467,4.48282
127.8,0.0,0.0,163.07996534660379,6.419886133047844,-2.85467,4.48282
127.9,0.0,0.0,163.07996534660379,6.419886133047844,-2.85467,4.48282
128.0,0.0,0.0,163.07996534660379,6.419886133047844,-2.85467,4.48282
128.1,0.0,0.0,163.07996534660379,6.419886133047844,-2.85467,4.48282
128.2,0.0,0.0,163.07996534660379,6.419886133047844,-2.85467,4.48282
128.3,0.0,0.0,163.07996534660379,6.419886133047844,-2.85467,4.48282
128.4,0.0,0.0,163.07996534660379,6.419886133047844,-2.85467,4.48282
128.5,0.0,0.0,163.07996534660379,6.419886133047844,-2.85467,4.48282
128.6,0.0,0.0,163.07996534660379,6.419886133047844,-2.85467,4.48282
128.7,0.0,0.0,163.07996534660379,6.419886133047844,-2.85467,4.48282
128.8,0.0,0.0,163.07996534660379,6.419886133047844,-2.85467,4.48282
128.9,0.0,0.0,163.07996534660379,6.419886133047844,-2.85467,4.48282
129.0,0.0,0.0,163.07996534660379,6.419886133047844,-2.85467,4.48282
129.1,0.0,0.0,163.07996534660379,6.419886133047844,-2.85467,4.48282
129.2,0.0,0.0,163.07996534660379,6.419886133047844,-2.85467,4.48282
129.3,0.0,0.0,163.07996534660379,6.419886133047844,-2.85467,4.48282
129.4,0.0,0.0,163.07996534660379,6.419886133047844,-2.85467,4.48282
129.5,0.0,0.0,163.07996534660379,6.419886133047844,-2.85467,4.48282
129.6,0.0,0.0,163.07996534660379,6.419886133047844,-2.85467,4.48282
129.7,0.0,0.0,163.07996534660379,6.419886133047844,-2.85467,4.48282
129.8,0.0,0.0,163.07996534660379,6.419886133047844,-2.85467,4.48282
129.9,0.0,0.0,163.07996534660379,6.419886133047844,-2.85467,4.48282
130.0,0.0,0.0,163.07996534660379,6.419886133047844,-2.85467,4.48282
130.1,0.0,0.0,163.07996534660379,6.419886133047844,-2.85467,4.48282
130.2,0.0,0.0,163.07996534660379,6.419886133047844,-2.85467,4.48282
130.3,0.0,0.0,163.07996534660379,6.419886133047844,-2.85467,4.48282
130.4,0.0,0.0,163.07996534660379,6.419886133047844,-2.85467,4.48282
130.5,0.0,0.0,163.07996534660379,6.419886133047844,-2.85467,4.48282
130.6,0.0,0.0,163.07996534660379,6.419886133047844,-2.85467,4.48282
130.7,0.0,0.0,163.07996534660379,6.419886133047844,-2.85467,4.48282
130.8,0.0,0.0,163.07996534660379,6.419886133047844,-2.85467,4.48282
130.9,0.0,0.0,163.07996534660379,6.419886133047844,-2.85467,4.48282
131.0,0.0,0.0,163.07996534660379,6.419886133047844,-2.85467,4.48282
131.1,0.0,0.0,163.07996534660379,6.419886133047844,-2.85467,4.48282
131.2,0.0,0.0,163.07996534660379,6.419886133047844,-2.85467,4.48282
131.3,0.0,0.0,163.07996534660379,6.419886133047844,-2.85467,4.48282
131.4,0.0,0.0,163.07996534660379,6.419886133047844,-2.85467,4.48282
131.5,0.0,0.0,163.07996534660379,6.419886133047844,-2.85467,4.48282
131.6,0.0,0.0,163.07996534660379,6.419886133047844,-2.85467,4.48282
131.7,0.0,0.0,163.07996534660379,6.419886133047844,-2.85467,4.48282
131.8,0.0,0.0,163.07996534660379,6.419886133047844,-2.85467,4.48282
131.9,0.0,0.0,163.07996534660379,6.419886133047844,-2.85467,4.48282
132.0,0.0,0.0,163.07996534660379,6.419886133047844,-2.85467,4.48282
132.1,0.0,0.0,163.07996534660379,6.419886133047844,-2.85467,4.48282
132.2,0.0,0.0,163.07996534660379,6.419886133047844,-2.85467,4.48282
132.3,0.0,0.0,163.07996534660379,6.419886133047844,-2.85467,4.48282
132.4,0.0,0.0,163.07996534660379,6.419886133047844,-2.85467,4.48282
132.5,0.0,0.0,163.07996534660379,6.419886133047844,-2.85467,4.48282
132.6,0.0,0.0,163.07996534660379,6.419886133047844,-2.85467,4.48282
132.7,0.0,0.0,163.07996534660379,6.419886133047844,-2.85467,4.48282
132.8,0.0,0.0,163.07996534660379,6.419886133047844,-2.85467,4.48282
132.9,0.0,0.0,163.07996534660379,6.419886133047844,-2.85467,4.48282
133.0,0.0,0.0,163.07996534660379,6.419886133047844,-2.85467,4.48282
133.1,0.0,0.0,163.07996534660379,6.419886133047844,-2.85467,4.48282
133.2,0.0,0.0,163.07996534660379,6.419886133047844,-2.85467,4.48282
133.3,0.0,0.0,163.07996534660379,6.419886133047844,-2.85467,4.48282
133.4,0.0,0.0,163.07996534660379,6.419886133047844,-2.85467,4.48282
133.5,0.0,0.0,163.07996534660379,6.419886133047844,-2.85467,4.48282
133.6,0.0,0.0,163.07996534660379,6.419886133047844,-2.85467,4.48282
133.7,0.0,0.0,163.07996534660379,6.419886133047844,-2.85467,4.48282
133.8,0.0,0.0,163.07996534660379,6.419886133047844,-2.85467,4.48282
133.9,0.0,0.0,163.07996534660379,6.419886133047844,-2.85467,4.48282
134.0,0.0,0.0,163.07996534660379,6.419886133047844,-2.85467,4.48282
134.1,0.0,0.0,163.07996534660379,6.419886133047844,-2.85467,4.48282
134.2,0.0,0.0,163.07996534660379,6.419886133047844,-2.85467,4.48282
134.3,0.0,0.0,163.07996534660379,6.419886133047844,-2.85467,4.48282
134.4,0.0,0.0,163.07996534660379,6.419886133047844,-2.85467,4.48282
134.5,0.0,0.0,163.07996534660379,6.419886133047844,-2.85467,4.48282
134.6,0.0,0.0,163.07996534660379,6.419886133047844,-2.85467,4.48282
134.7,0.0,0.0,163.07996534660379,6.419886133047844,-2.85467,4.48282
134.8,0.0,0.0,163.07996534660379,6.419886133047844,-2.85467,4.48282
134.9,0.0,0.0,163.07996534660379,6.419886133047844,-2.85467,4.48282
135.0,0.0,0.0,163.07996534660379,6.419886133047844,-2.85467,4.48282
135.1,0.0,0.0,163.07996534660379,6.419886133047844,-2.85467,4.48282
135.2,0.0,0.0,163.07996534660379,6.419886133047844,-2.85467,4.48282
135.3,0.0,0.0,163.07996534660379,6.419886133047844,-2.85467,4.48282
135.4,0.0,0.0,163.07996534660379,6.419886133047844,-2.85467,4.48282
135.5,0.0,0.0,163.07996534660379,6.419886133047844,-2.85467,4.48282
135.6,0.0,0.0,163.07996534660379,6.419886133047844,-2.85467,4.48282
135.7,0.0,0.0,163.07996534660379,6.419886133047844,-2.85467,4.48282
135.8,0.0,0.0,163.07996534660379,6.419886133047844,-2.85467,4.48282
135.9,0.0,0.0,163.07996534660379,6.419886133047844,-2.85467,4.48282
136.0,0.0,0.0,163.07996534660379,6.419886133047844,-2.85467,4.48282
136.1,0.0,0.0,163.07996534660379,6.419886133047844,-2.85467,4.48282
136.2,0.0,0.0,163.07996534660379,6.419886133047844,-2.85467,4.48282
136.3,0.0,0.0,163.07996534660379,6.419886133047844,-2.85467,4.48282
136.4,0.0,0.0,163.07996534660379,6.419886133047844,-2.85467,4.48282
136.5,0.0,0.0,163.07996534660379,6.419886133047844,-2.85467,4.48282
136.6,0.0,0.0,163.07996534660379,6.419886133047844,-2.85467,4.48282
136.7,0.0,0.0,163.07996534660379,6.419886133047844,-2.85467,4.48282
136.8,0.0,0.0,163.07996534660379,6.419886133047844,-2.85467,4.48282
136.9,0.0,0.0,163.07996534660379,6.419886133047844,-2.85467,4.48282
137.0,0.0,0.0,163.07996534660379,6.419886133047844,-2.85467,4.48282
137.1,0.0,0.0,163.07996534660379,6.419886133047844,-2.85467,4.48282
137.2,0.0,0.0,163.07996534660379,6.419886133047844,-2.85467,4.48282
137.3,0.0,0.0,163.07996534660379,6.419886133047844,-2.85467,4.48282
137.4,0.0,0.0,163.07996534660379,6.419886133047844,-2.85467,4.48282
137.5,0.0,0.0,163.07996534660379,6.419886133047844,-2.85467,4.48282
137.6,0.0,0.0,163.07996534660379,6.419886133047844,-2.85467,4.48282
137.7,0.0,0.0,163.07996534660379,6.419886133047844,-2.85467,4.48282
137.8,0.0,0.0,163.07996534660379,6.419886133047844,-2.85467,4.48282
137.9,0.0,0.0,163.07996534660379,6.419886133047844,-2.85467,4.48282
138.0,0.0,0.0,163.07996534660379,6.419886133047844,-2.85467,4.48282
138.1,0.0,0.0,163.07996534660379,6.419886133047844,-2.85467,4.48282
138.2,0.0,0.0,163.07996534660379,6.419886133047844,-2.85467,4.48282
138.3,0.0,0.0,163.07996534660379,6.419886133047844,-2.85467,4.48282
138.4,0.0,0.0,163.07996534660379,6.419886133047844,-2.85467,4.48282
138.5,0.0,0.0,163.07996534660379,6.419886133047844,-2.85467,4.48282
138.6,0.0,0.0,163.07996534660379,6.419886133047844,-2.85467,4.48282
138.7,0.0,0.0,163.07996534660379,6.419886133047844,-2.85467,4.48282
138.8,0.0,0.0,163.07996534660379,6.419886133047844,-2.85467,4.48282
138.9,0.0,0.0,163.07996534660379,6.419886133047844,-2.85467,4.48282
139.0,0.0,0.0,163.07996534660379,6.419886133047844,-2.85467,4.48282
139.1,0.0,0.0,163.07996534660379,6.419886133047844,-2.85467,4.48282
139.2,0.0,0.0,163.07996534660379,6.419886133047844,-2.85467,4.48282
139.3,0.0,0.0,163.07996534660379,6.419886133047844,-2.85467,4.48282
139.4,0.0,0.0,163.07996534660379,6.419886133047844,-2.85467,4.48282
139.5,0.0,0.0,163.07996534660379,6.419886133047844,-2.85467,4.48282
139.6,0.0,0.0,163.07996534660379,6.419886133047844,-2.85467,4.48282
139.7,0.0,0.0,163.07996534660379,6.419886133047844,-2.85467,4.48282
139.8,0.0,0.0,163.07996534660379,6.419886133047844,-2.85467,4.48282
139.9,0.0,0.0,163.07996534660379,6.419886133047844,-2.85467,4.48282
140.0,0.0,0.0,163.07996534660379,6.419886133047844,-2.85467,4.48282
140.1,0.0,0.0,163.07996534660379,6.419886133047844,-2.85467,4.48282
140.2,0.0,0.0,163.07996534660379,6.419886133047844,-2.85467,4.48282
140.3,0.0,0.0,163.07996534660379,6.419886133047844,-2.85467,4.48282
140.4,0.0,0.0,163.07996534660379,6.419886133047844,-2.85467,4.48282
140.5,0.0,0.0,163.07996534660379,6.419886133047844,-2.85467,4.48282
140.6,0.0,0.0,163.07996534660379,6.419886133047844,-2.85467,4.48282
140.7,0.0,0.0,163.07996534660379,6.419886133047844,-2.85467,4.48282
140.8,0.0,0.0,163.07996534660379,6.419886133047844,-2.85467,4.48282
140.9,0.0,0.0,163.07996534660379,6.419886133047844,-2.85467,4.48282
141.0,0.0,0.0,163.07996534660379,6.419886133047844,-2.85467,4.48282
141.1,0.0,0.0,163.07996534660379,6.419886133047844,-2.85467,4.48282
141.2,0.0,0.0,163.07996534660379,6.419886133047844,-2.85467,4.48282
141.3,0.0,0.0,163.07996534660379,6.419886133047844,-2.85467,4.48282
141.4,0.0,0.0,163.07996534660379,6.419886133047844,-2.85467,4.48282
141.5,0.0,0.0,163.07996534660379,6.419886133047844,-2.85467,4.48282
141.6,0.0,0.0,163.07996534660379,6.419886133047844,-2.85467,4.48282
141.7,0.0,0.0,163.07996534660379,6.419886133047844,-2.85467,4.48282
141.8,0.0,0.0,163.07996534660379,6.419886133047844,-2.85467,4.48282
141.9,0.0,0.0,163.07996534660379,6.419886133047844,-2.85467,4.48282
142.0,0.0,0.0,163.07996534660379,6.419886133047844,-2.85467,4.48282
142.1,0.0,0.0,163.07996534660379,6.419886133047844,-2.85467,4.48282
142.2,0.0,0.0,163.07996534660379,6.419886133047844,-2.85467,4.48282
142.3,0.0,0.0,163.07996534660379,6.419886133047844,-2.85467,4.48282
142.4,0.0,0.0,163.07996534660379,6.419886133047844,-2.85467,4.48282
142.5,0.0,0.0,163.07996534660379,6.419886133047844,-2.85467,4.48282
142.6,0.0,0.0,163.07996534660379,6.419886133047844,-2.85467,4.48282
142.7,0.0,0.0,163.07996534660379,6.419886133047844,-2.85467,4.48282
142.8,0.0,0.0,163.07996534660379,6.419886133047844,-2.85467,4.48282
142.9,0.0,0.0,163.07996534660379,6.419886133047844,-2.85467,4.48282
143.0,0.0,0.0,163.07996534660379,6.419886133047844,-2.85467,4.48282
143.1,0.0,0.0,163.07996534660379,6.419886133047844,-2.85467,4.48282
143.2,0.0,0.0,163.07996534660379,6.419886133047844,-2.85467,4.48282
143.3,0.0,0.0,163.07996534660379,6.419886133047844,-2.85467,4.48282
143.4,0.0,0.0,163.07996534660379,6.419886133047844,-2.85467,4.48282
143.5,0.0,0.0,163.07996534660379,6.419886133047844,-2.85467,4.48282
143.6,0.0,0.0,163.07996534660379,6.419886133047844,-2.85467,4.48282
143.7,0.0,0.0,163.07996534660379,6.419886133047844,-2.85467,4.48282
143.8,0.0,0.0,163.07996534660379,6.419886133047844,-2.85467,4.48282
143.9,0.0,0.0,163.07996534660379,6.419886133047844,-2.85467,4.48282
144.0,0.0,0.0,163.07996534660379,6.419886133047844,-2.85467,4.48282
144.1,0.0,0.0,163.07996534660379,6.419886133047844,-2.85467,4.48282
144.2,0.0,0.0,163.07996534660379,6.419886133047844,-2.85467,4.48282
144.3,0.0,0.0,163.07996534660379,6.419886133047844,-2.85467,4.48282
144.4,0.0,0.0,163.07996534660379,6.419886133047844,-2.85467,4.48282
144.5,0.0,0.0,163.07996534660379,6.419886133047844,-2.85467,4.48282
144.6,0.0,0.0,163.07996534660379,6.419886133047844,-2.85467,4.48282
144.7,0.0,0.0,163.07996534660379,6.419886133047844,-2.85467,4.48282
144.8,0.0,0.0,163.07996534660379,6.419886133047844,-2.85467,4.48282
144.9,0.0,0.0,163.07996534660379,6.419886133047844,-2.85467,4.48282
145.0,0.0,0.0,163.07996534660379,6.419886133047844,-2.85467,4.48282
145.1,0.0,0.0,163.07996534660379,6.419886133047844,-2.85467,4.48282
145.2,0.0,0.0,163.07996534660379,6.419886133047844,-2.85467,4.48282
145.3,0.0,0.0,163.07996534660379,6.419886133047844,-2.85467,4.48282
145.4,0.0,0.0,163.07996534660379,6.419886133047844,-2.85467,4.48282
145.5,0.0,0.0,163.07996534660379,6.419886133047844,-2.85467,4.48282
145.6,0.0,0.0,163.07996534660379,6.419886133047844,-2.85467,4.48282
145.7,0.0,0.0,163.07996534660379,6.419886133047844,-2.85467,4.48282
145.8,0.0,0.0,163.07996534660379,6.419886133047844,-2.85467,4.48282
145.9,0.0,0.0,163.07996534660379,6.419886133047844,-2.85467,4.48282
146.0,0.0,0.0,163.07996534660379,6.419886133047844,-2.85467,4.48282
146.1,0.0,0.0,163.07996534660379,6.419886133047844,-2.85467,4.48282
146.2,0.0,0.0,163.07996534660379,6.419886133047844,-2.85467,4.48282
146.3,0.0,0.0,163.07996534660379,6.419886133047844,-2.85467,4.48282
146.4,0.0,0.0,163.07996534660379,6.419886133047844,-2.85467,4.48282
146.5,0.0,0.0,163.07996534660379,6.419886133047844,-2.85467,4.48282
146.6,0.0,0.0,163.07996534660379,6.419886133047844,-2.85467,4.48282
146.7,0.0,0.0,163.07996534660379,6.419886133047844,-2.85467,4.48282
146.8,0.0,0.0,163.07996534660379,6.419886133047844,-2.85467,4.48282
146.9,0.0,0.0,163.07996534660379,6.419886133047844,-2.85467,4.48282
147.0,0.0,0.0,163.07996534660379,6.419886133047844,-2.85467,4.48282
147.1,0.0,0.0,163.07996534660379,6.419886133047844,-2.85467,4.48282
147.2,0.0,0.0,163.07996534660379,6.419886133047844,-2.85467,4.48282
147.3,0.0,0.0,163.07996534660379,6.419886133047844,-2.85467,4.48282
147.4,0.0,0.0,163.07996534660379,6.419886133047844,-2.85467,4.48282
147.5,0.0,0.0,163.07996534660379,6.419886133047844,-2.85467,4.48282
147.6,0.0,0.0,163.07996534660379,6.419886133047844,-2.85467,4.48282
147.7,0.0,0.0,163.07996534660379,6.419886133047844,-2.85467,4.48282
147.8,0.0,0.0,163.07996534660379,6.419886133047844,-2.85467,4.48282
147.9,0.0,0.0,163.07996534660379,6.419886133047844,-2.85467,4.48282
148.0,0.0,0.0,163.07996534660379,6.419886133047844,-2.85467,4.48282
148.1,0.0,0.0,163.07996534660379,6.419886133047844,-2.85467,4.48282
148.2,0.0,0.0,163.07996534660379,6.419886133047844,-2.85467,4.48282
148.3,0.0,0.0,163.07996534660379,6.419886133047844,-2.85467,4.48282
148.4,0.0,0.0,163.07996534660379,6.419886133047844,-2.85467,4.48282
148.5,0.0,0.0,163.07996534660379,6.419886133047844,-2.85467,4.48282
148.6,0.0,0.0,163.07996534660379,6.419886133047844,-2.85467,4.48282
148.7,0.0,0.0,163.07996534660379,6.419886133047844,-2.85467,4.48282
148.8,0.0,0.0,163.07996534660379,6.419886133047844,-2.85467,4.48282
148.9,0.0,0.0,163.07996534660379,6.419886133047844,-2.85467,4.48282
149.0,0.0,0.0,163.07996534660379,6.419886133047844,-2.85467,4.48282
149.1,0.0,0.0,163.07996534660379,6.419886133047844,-2.85467,4.48282
149.2,0.0,0.0,163.07996534660379,6.419886133047844,-2.85467,4.48282
149.3,0.0,0.0,163.07996534660379,6.419886133047844,-2.85467,4.48282
149.4,0.0,0.0,163.07996534660379,6.419886133047844,-2.85467,4.48282
149.5,0.0,0.0,163.07996534660379,6.419886133047844,-2.85467,4.48282
149.6,0.0,0.0,163.07996534660379,6.419886133047844,-2.85467,4.48282
149.7,0.0,0.0,163.07996534660379,6.419886133047844,-2.85467,4.48282
149.8,0.0,0.0,163.07996534660379,6.419886133047844,-2.85467,4.48282
149.9,0.0,0.0,163.07996534660379,6.419886133047844,-2.85467,4.48282
150.0,0.0,0.0,163.07996534660379,6.419886133047844,-2.85467,4.48282
150.1,0.0,0.0,163.07996534660379,6.419886133047844,-2.85467,4.48282
150.2,0.0,0.0,163.07996534660379,6.419886133047844,-2.85467,4.48282
150.3,0.0,0.0,163.07996534660379,6.419886133047844,-2.85467,4.48282
150.4,0.0,0.0,163.07996534660379,6.419886133047844,-2.85467,4.48282
150.5,0.0,0.0,163.07996534660379,6.419886133047844,-2.85467,4.48282
150.6,0.0,0.0,163.07996534660379,6.419886133047844,-2.85467,4.48282
150.7,0.0,0.0,163.07996534660379,6.419886133047844,-2.85467,4.48282
150.8,0.0,0.0,163.07996534660379,6.419886133047844,-2.85467,4.48282
150.9,0.0,0.0,163.07996534660379,6.419886133047844,-2.85467,4.48282
151.0,0.0,0.0,163.07996534660379,6.419886133047844,-2.85467,4.48282
151.1,0.0,0.0,163.07996534660379,6.419886133047844,-2.85467,4.48282
151.2,0.0,0.0,163.07996534660379,6.419886133047844,-2.85467,4.48282
151.3,0.0,0.0,163.07996534660379,6.419886133047844,-2.85467,4.48282
151.4,0.0,0.0,163.07996534660379,6.419886133047844,-2.85467,4.48282
151.5,0.0,0.0,163.07996534660379,6.419886133047844,-2.85467,4.48282
151.6,0.0,0.0,163.07996534660379,6.419886133047844,-2.85467,4.48282
151.7,0.0,0.0,163.07996534660379,6.419886133047844,-2.85467,4.48282
151.8,0.0,0.0,163.07996534660379,6.419886133047844,-2.85467,4.48282
151.9,0.0,0.0,163.07996534660379,6.419886133047844,-2.85467,4.48282
152.0,0.0,0.0,163.07996534660379,6.419886133047844,-2.85467,4.48282
152.1,0.0,0.0,163.07996534660379,6.419886133047844,-2.85467,4.48282
152.2,0.0,0.0,163.07996534660379,6.419886133047844,-2.85467,4.48282
152.3,0.0,0.0,163.07996534660379,6.419886133047844,-2.85467,4.48282
152.4,0.0,0.0,163.07996534660379,6.419886133047844,-2.85467,4.48282
152.5,0.0,0.0,163.07996534660379,6.419886133047844,-2.85467,4.48282
152.6,0.0,0.0,163.07996534660379,6.419886133047844,-2.85467,4.48282
152.7,0.0,0.0,163.07996534660379,6.419886133047844,-2.85467,4.48282
152.8,0.0,0.0,163.07996534660379,6.419886133047844,-2.85467,4.48282
152.9,0.0,0.0,163.07996534660379,6.419886133047844,-2.85467,4.48282
153.0,0.0,0.0,163.07996534660379,6.419886133047844,-2.85467,4.48282
153.1,0.0,0.0,163.07996534660379,6.419886133047844,-2.85467,4.48282
153.2,0.0,0.0,163.07996534660379,6.419886133047844,-2.85467,4.48282
153.3,0.0,0.0,163.07996534660379,6.419886133047844,-2.85467,4.48282
153.4,0.0,0.0,163.07996534660379,6.419886133047844,-2.85467,4.48282
153.5,0.0,0.0,163.07996534660379,6.419886133047844,-2.85467,4.48282
153.6,0.0,0.0,163.07996534660379,6.419886133047844,-2.85467,4.48282
153.7,0.0,0.0,163.07996534660379,6.419886133047844,-2.85467,4.48282
153.8,0.0,0.0,163.07996534660379,6.419886133047844,-2.85467,4.48282
153.9,0.0,0.0,163.07996534660379,6.419886133047844,-2.85467,4.48282
154.0,0.0,0.0,163.07996534660379,6.419886133047844,-2.85467,4.48282
154.1,0.0,0.0,163.07996534660379,6.419886133047844,-2.85467,4.48282
154.2,0.0,0.0,163.07996534660379,6.419886133047844,-2.85467,4.48282
154.3,0.0,0.0,163.07996534660379,6.419886133047844,-2.85467,4.48282
154.4,0.0,0.0,163.07996534660379,6.419886133047844,-2.85467,4.48282
154.5,0.0,0.0,163.07996534660379,6.419886133047844,-2.85467,4.48282
154.6,0.0,0.0,163.07996534660379,6.419886133047844,-2.85467,4.48282
154.7,0.0,0.0,163.07996534660379,6.419886133047844,-2.85467,4.48282
154.8,0.0,0.0,163.07996534660379,6.419886133047844,-2.85467,4.48282
154.9,0.0,0.0,163.07996534660379,6.419886133047844,-2.85467,4.48282
155.0,0.0,0.0,163.07996534660379,6.419886133047844,-2.85467,4.48282
155.1,0.0,0.0,163.07996534660379,6.419886133047844,-2.85467,4.48282
155.2,0.0,0.0,163.07996534660379,6.419886133047844,-2.85467,4.48282
155.3,0.0,0.0,163.07996534660379,6.419886133047844,-2.85467,4.48282
155.4,0.0,0.0,163.07996534660379,6.419886133047844,-2.85467,4.48282
155.5,0.0,0.0,163.07996534660379,6.419886133047844,-2.85467,4.48282
155.6,0.0,0.0,163.07996534660379,6.419886133047844,-2.85467,4.48282
155.7,0.0,0.0,163.07996534660379,6.419886133047844,-2.85467,4.48282
155.8,0.0,0.0,163.07996534660379,6.419886133047844,-2.85467,4.48282
155.9,0.0,0.0,163.07996534660379,6.419886133047844,-2.85467,4.48282
156.0,0.0,0.0,163.07996534660379,6.419886133047844,-2.85467,4.48282
156.1,0.0,0.0,163.07996534660379,6.419886133047844,-2.85467,4.48282
156.2,0.0,0.0,163.07996534660379,6.419886133047844,-2.85467,4.48282
156.3,0.0,0.0,163.07996534660379,6.419886133047844,-2.85467,4.48282
156.4,0.0,0.0,163.07996534660379,6.419886133047844,-2.85467,4.48282
156.5,0.0,0.0,163.07996534660379,6.419886133047844,-2.85467,4.48282
156.6,0.0,0.0,163.07996534660379,6.419886133047844,-2.85467,4.48282
156.7,0.0,0.0,163.07996534660379,6.419886133047844,-2.85467,4.48282
156.8,0.0,0.0,163.07996534660379,6.419886133047844,-2.85467,4.48282
156.9,0.0,0.0,163.07996534660379,6.419886133047844,-2.85467,4.48282
157.0,0.0,0.0,163.07996534660379,6.419886133047844,-2.85467,4.48282
157.1,0.0,0.0,163.07996534660379,6.419886133047844,-2.85467,4.48282
157.2,0.0,0.0,163.07996534660379,6.419886133047844,-2.85467,4.48282
157.3,0.0,0.0,163.07996534660379,6.419886133047844,-2.85467,4.48282
157.4,0.0,0.0,163.07996534660379,6.419886133047844,-2.85467,4.48282
157.5,0.0,0.0,163.07996534660379,6.419886133047844,-2.85467,4.48282
157.6,0.0,0.0,163.07996534660379,6.419886133047844,-2.85467,4.48282
157.7,0.0,0.0,163.07996534660379,6.419886133047844,-2.85467,4.48282
157.8,0.0,0.0,163.07996534660379,6.419886133047844,-2.85467,4.48282
157.9,0.0,0.0,163.07996534660379,6.419886133047844,-2.85467,4.48282
158.0,0.0,0.0,163.07996534660379,6.419886133047844,-2.85467,4.48282
158.1,0.0,0.0,163.07996534660379,6.419886133047844,-2.85467,4.48282
158.2,0.0,0.0,163.07996534660379,6.419886133047844,-2.85467,4.48282
158.3,0.0,0.0,163.07996534660379,6.419886133047844,-2.85467,4.48282
158.4,0.0,0.0,163.07996534660379,6.419886133047844,-2.85467,4.48282
158.5,0.0,0.0,163.07996534660379,6.419886133047844,-2.85467,4.48282
158.6,0.0,0.0,163.07996534660379,6.419886133047844,-2.85467,4.48282
158.7,0.0,0.0,163.07996534660379,6.419886133047844,-2.85467,4.48282
158.8,0.0,0.0,163.07996534660379,6.419886133047844,-2.85467,4.48282
158.9,0.0,0.0,163.07996534660379,6.419886133047844,-2.85467,4.48282
159.0,0.0,0.0,163.07996534660379,6.419886133047844,-2.85467,4.48282
159.1,0.0,0.0,163.07996534660379,6.419886133047844,-2.85467,4.48282
159.2,0.0,0.0,163.07996534660379,6.419886133047844,-2.85467,4.48282
159.3,0.0,0.0,163.07996534660379,6.419886133047844,-2.85467,4.48282
159.4,0.0,0.0,163.07996534660379,6.419886133047844,-2.85467,4.48282
159.5,0.0,0.0,163.07996534660379,6.419886133047844,-2.85467,4.48282
159.6,0.0,0.0,163.07996534660379,6.419886133047844,-2.85467,4.48282
159.7,0.0,0.0,163.07996534660379,6.419886133047844,-2.85467,4.48282
159.8,0.0,0.0,163.07996534660379,6.419886133047844,-2.85467,4.48282
159.9,0.0,0.0,163.07996534660379,6.419886133047844,-2.85467,4.48282
160.0,0.0,0.0,163.07996534660379,6.419886133047844,-2.85467,4.48282
160.1,0.0,0.0,163.07996534660379,6.419886133047844,-2.85467,4.48282
160.2,0.0,0.0,163.07996534660379,6.419886133047844,-2.85467,4.48282
160.3,0.0,0.0,163.07996534660379,6.419886133047844,-2.85467,4.48282
160.4,0.0,0.0,163.07996534660379,6.419886133047844,-2.85467,4.48282
160.5,0.0,0.0,163.07996534660379,6.419886133047844,-2.85467,4.48282
160.6,0.0,0.0,163.07996534660379,6.419886133047844,-2.85467,4.48282
160.7,0.0,0.0,163.07996534660379,6.419886133047844,-2.85467,4.48282
160.8,0.0,0.0,163.07996534660379,6.419886133047844,-2.85467,4.48282
160.9,0.0,0.0,163.07996534660379,6.419886133047844,-2.85467,4.48282
161.0,0.0,0.0,163.07996534660379,6.419886133047844,-2.85467,4.48282
161.1,0.0,0.0,163.07996534660379,6.419886133047844,-2.85467,4.48282
161.2,0.0,0.0,163.07996534660379,6.419886133047844,-2.85467,4.48282
161.3,0.0,0.0,163.07996534660379,6.419886133047844,-2.85467,4.48282
161.4,0.0,0.0,163.07996534660379,6.419886133047844,-2.85467,4.48282
161.5,0.0,0.0,163.07996534660379,6.419886133047844,-2.85467,4.48282
161.6,0.0,0.0,163.07996534660379,6.419886133047844,-2.85467,4.48282
161.7,0.0,0.0,163.07996534660379,6.419886133047844,-2.85467,4.48282
161.8,0.0,0.0,163.07996534660379,6.419886133047844,-2.85467,4.48282
161.9,0.0,0.0,163.07996534660379,6.419886133047844,-2.85467,4.48282
162.0,0.0,0.0,163.07996534660379,6.419886133047844,-2.85467,4.48282
162.1,0.0,0.0,163.07996534660379,6.419886133047844,-2.85467,4.48282
162.2,0.0,0.0,163.07996534660379,6.419886133047844,-2.85467,4.48282
162.3,0.0,0.0,163.07996534660379,6.419886133047844,-2.85467,4.48282
162.4,0.0,0.0,163.07996534660379,6.419886133047844,-2.85467,4.48282
162.5,0.0,0.0,163.07996534660379,6.419886133047844,-2.85467,4.48282
162.6,0.0,0.0,163.07996534660379,6.419886133047844,-2.85467,4.48282
162.7,0.0,0.0,163.07996534660379,6.419886133047844,-2.85467,4.48282
162.8,0.0,0.0,163.07996534660379,6.419886133047844,-2.85467,4.48282
162.9,0.0,0.0,163.07996534660379,6.419886133047844,-2.85467,4.48282
163.0,0.0,0.0,163.07996534660379,6.419886133047844,-2.85467,4.48282
163.1,0.0,0.0,163.07996534660379,6.419886133047844,-2.85467,4.48282
163.2,0.0,0.0,163.07996534660379,6.419886133047844,-2.85467,4.48282
163.3,0.0,0.0,163.07996534660379,6.419886133047844,-2.85467,4.48282
163.4,0.0,0.0,163.07996534660379,6.419886133047844,-2.85467,4.48282
163.5,0.0,0.0,163.07996534660379,6.419886133047844,-2.85467,4.48282
163.6,0.0,0.0,163.07996534660379,6.419886133047844,-2.85467,4.48282
163.7,0.0,0.0,163.07996534660379,6.419886133047844,-2.85467,4.48282
163.8,0.0,0.0,163.07996534660379,6.419886133047844,-2.85467,4.48282
163.9,0.0,0.0,163.07996534660379,6.419886133047844,-2.85467,4.48282
164.0,0.0,0.0,163.07996534660379,6.419886133047844,-2.85467,4.48282
164.1,0.0,0.0,163.07996534660379,6.419886133047844,-2.85467,4.48282
164.2,0.0,0.0,163.07996534660379,6.419886133047844,-2.85467,4.48282
164.3,0.0,0.0,163.07996534660379,6.419886133047844,-2.85467,4.48282
164.4,0.0,0.0,163.07996534660379,6.419886133047844,-2.85467,4.48282
164.5,0.0,0.0,163.07996534660379,6.419886133047844,-2.85467,4.48282
164.6,0.0,0.0,163.07996534660379,6.419886133047844,-2.85467,4.48282
164.7,0.0,0.0,163.07996534660379,6.419886133047844,-2.85467,4.48282
164.8,0.0,0.0,163.07996534660379,6.419886133047844,-2.85467,4.48282
164.9,0.0,0.0,163.07996534660379,6.419886133047844,-2.85467,4.48282
165.0,0.0,0.0,163.07996534660379,6.419886133047844,-2.85467,4.48282
165.1,0.0,0.0,163.07996534660379,6.419886133047844,-2.85467,4.48282
165.2,0.0,0.0,163.07996534660379,6.419886133047844,-2.85467,4.48282
165.3,0.0,0.0,163.07996534660379,6.419886133047844,-2.85467,4.48282
165.4,0.0,0.0,163.07996534660379,6.419886133047844,-2.85467,4.48282
165.5,0.0,0.0,163.07996534660379,6.419886133047844,-2.85467,4.48282
165.6,0.0,0.0,163.07996534660379,6.419886133047844,-2.85467,4.48282
165.7,0.0,0.0,163.07996534660379,6.419886133047844,-2.85467,4.48282
165.8,0.0,0.0,163.07996534660379,6.419886133047844,-2.85467,4.48282
165.9,0.0,0.0,163.07996534660379,6.419886133047844,-2.85467,4.48282
166.0,0.0,0.0,163.07996534660379,6.419886133047844,-2.85467,4.48282
166.1,0.0,0.0,163.07996534660379,6.419886133047844,-2.85467,4.48282
166.2,0.0,0.0,163.07996534660379,6.419886133047844,-2.85467,4.48282
166.3,0.0,0.0,163.07996534660379,6.419886133047844,-2.85467,4.48282
166.4,0.0,0.0,163.07996534660379,6.419886133047844,-2.85467,4.48282
166.5,0.0,0.0,163.07996534660379,6.419886133047844,-2.85467,4.48282
166.6,0.0,0.0,163.07996534660379,6.419886133047844,-2.85467,4.48282
166.7,0.0,0.0,163.07996534660379,6.419886133047844,-2.85467,4.48282
166.8,0.0,0.0,163.07996534660379,6.419886133047844,-2.85467,4.48282
166.9,0.0,0.0,163.07996534660379,6.419886133047844,-2.85467,4.48282
167.0,0.0,0.0,163.07996534660379,6.419886133047844,-2.85467,4.48282
167.1,0.0,0.0,163.07996534660379,6.419886133047844,-2.85467,4.48282
167.2,0.0,0.0,163.07996534660379,6.419886133047844,-2.85467,4.48282
167.3,0.0,0.0,163.07996534660379,6.419886133047844,-2.85467,4.48282
167.4,0.0,0.0,163.07996534660379,6.419886133047844,-2.85467,4.48282
167.5,0.0,0.0,163.07996534660379,6.419886133047844,-2.85467,4.48282
167.6,0.0,0.0,163.07996534660379,6.419886133047844,-2.85467,4.48282
167.7,0.0,0.0,163.07996534660379,6.419886133047844,-2.85467,4.48282
167.8,0.0,0.0,163.07996534660379,6.419886133047844,-2.85467,4.48282
167.9,0.0,0.0,163.07996534660379,6.419886133047844,-2.85467,4.48282
168.0,0.0,0.0,163.07996534660379,6.419886133047844,-2.85467,4.48282
168.1,0.0,0.0,163.07996534660379,6.419886133047844,-2.85467,4.48282
168.2,0.0,0.0,163.07996534660379,6.419886133047844,-2.85467,4.48282
168.3,0.0,0.0,163.07996534660379,6.419886133047844,-2.85467,4.48282
168.4,0.0,0.0,163.07996534660379,6.419886133047844,-2.85467,4.48282
168.5,0.0,0.0,163.07996534660379,6.419886133047844,-2.85467,4.48282
168.6,0.0,0.0,163.07996534660379,6.419886133047844,-2.85467,4.48282
168.7,0.0,0.0,163.07996534660379,6.419886133047844,-2.85467,4.48282
168.8,0.0,0.0,163.07996534660379,6.419886133047844,-2.85467,4.48282
168.9,0.0,0.0,163.07996534660379,6.419886133047844,-2.85467,4.48282
169.0,0.0,0.0,163.07996534660379,6.419886133047844,-2.85467,4.48282
169.1,0.0,0.0,163.07996534660379,6.419886133047844,-2.85467,4.48282
169.2,0.0,0.0,163.07996534660379,6.419886133047844,-2.85467,4.48282
169.3,0.0,0.0,163.07996534660379,6.419886133047844,-2.85467,4.48282
169.4,0.0,0.0,163.07996534660379,6.419886133047844,-2.85467,4.48282
169.5,0.0,0.0,163.07996534660379,6.419886133047844,-2.85467,4.48282
169.6,0.0,0.0,163.07996534660379,6.419886133047844,-2.85467,4.48282
169.7,0.0,0.0,163.07996534660379,6.419886133047844,-2.85467,4.48282
169.8,0.0,0.0,163.07996534660379,6.419886133047844,-2.85467,4.48282
169.9,0.0,0.0,163.07996534660379,6.419886133047844,-2.85467,4.48282
170.0,0.0,0.0,163.07996534660379,6.419886133047844,-2.85467,4.48282
170.1,0.0,0.0,163.07996534660379,6.419886133047844,-2.85467,4.48282
170.2,0.0,0.0,163.07996534660379,6.419886133047844,-2.85467,4.48282
170.3,0.0,0.0,163.07996534660379,6.419886133047844,-2.85467,4.48282
170.4,0.0,0.0,163.07996534660379,6.419886133047844,-2.85467,4.48282
170.5,0.0,0.0,163.07996534660379,6.419886133047844,-2.85467,4.48282
170.6,0.0,0.0,163.07996534660379,6.419886133047844,-2.85467,4.48282
170.7,0.0,0.0,163.07996534660379,6.419886133047844,-2.85467,4.48282
170.8,0.0,0.0,163.07996534660379,6.419886133047844,-2.85467,4.48282
170.9,0.0,0.0,163.07996534660379,6.419886133047844,-2.85467,4.48282
171.0,0.0,0.0,163.07996534660379,6.419886133047844,-2.85467,4.48282
171.1,0.0,0.0,163.07996534660379,6.419886133047844,-2.85467,4.48282
171.2,0.0,0.0,163.07996534660379,6.419886133047844,-2.85467,4.48282
171.3,0.0,0.0,163.07996534660379,6.419886133047844,-2.85467,4.48282
171.4,0.0,0.0,163.07996534660379,6.419886133047844,-2.85467,4.48282
171.5,0.0,0.0,163.07996534660379,6.419886133047844,-2.85467,4.48282
171.6,0.0,0.0,163.07996534660379,6.419886133047844,-2.85467,4.48282
171.7,0.0,0.0,163.07996534660379,6.419886133047844,-2.85467,4.48282
171.8,0.0,0.0,163.07996534660379,6.419886133047844,-2.85467,4.48282
171.9,0.0,0.0,163.07996534660379,6.419886133047844,-2.85467,4.48282
172.0,0.0,0.0,163.07996534660379,6.419886133047844,-2.85467,4.48282
172.1,0.0,0.0,163.07996534660379,6.419886133047844,-2.85467,4.48282
172.2,0.0,0.0,163.07996534660379,6.419886133047844,-2.85467,4.48282
172.3,0.0,0.0,163.07996534660379,6.419886133047844,-2.85467,4.48282
172.4,0.0,0.0,163.07996534660379,6.419886133047844,-2.85467,4.48282
172.5,0.0,0.0,163.07996534660379,6.419886133047844,-2.85467,4.48282
172.6,0.0,0.0,163.07996534660379,6.419886133047844,-2.85467,4.48282
172.7,0.0,0.0,163.07996534660379,6.419886133047844,-2.85467,4.48282
172.8,0.0,0.0,163.07996534660379,6.419886133047844,-2.85467,4.48282
172.9,0.0,0.0,163.07996534660379,6.419886133047844,-2.85467,4.48282
173.0,0.0,0.0,163.07996534660379,6.419886133047844,-2.85467,4.48282
173.1,0.0,0.0,163.07996534660379,6.419886133047844,-2.85467,4.48282
173.2,0.0,0.0,163.07996534660379,6.419886133047844,-2.85467,4.48282
173.3,0.0,0.0,163.07996534660379,6.419886133047844,-2.85467,4.48282
173.4,0.0,0.0,163.07996534660379,6.419886133047844,-2.85467,4.48282
173.5,0.0,0.0,163.07996534660379,6.419886133047844,-2.85467,4.48282
173.6,0.0,0.0,163.07996534660379,6.419886133047844,-2.85467,4.48282
173.7,0.0,0.0,163.07996534660379,6.419886133047844,-2.85467,4.48282
173.8,0.0,0.0,163.07996534660379,6.419886133047844,-2.85467,4.48282
173.9,0.0,0.0,163.07996534660379,6.419886133047844,-2.85467,4.48282
174.0,0.0,0.0,163.07996534660379,6.419886133047844,-2.85467,4.48282
174.1,0.0,0.0,163.07996534660379,6.419886133047844,-2.85467,4.48282
174.2,0.0,0.0,163.07996534660379,6.419886133047844,-2.85467,4.48282
174.3,0.0,0.0,163.07996534660379,6.419886133047844,-2.85467,4.48282
174.4,0.0,0.0,163.07996534660379,6.419886133047844,-2.85467,4.48282
174.5,0.0,0.0,163.07996534660379,6.419886133047844,-2.85467,4.48282
174.6,0.0,0.0,163.07996534660379,6.419886133047844,-2.85467,4.48282
174.7,0.0,0.0,163.07996534660379,6.419886133047844,-2.85467,4.48282
174.8,0.0,0.0,163.07996534660379,6.419886133047844,-2.85467,4.48282
174.9,0.0,0.0,163.07996534660379,6.419886133047844,-2.85467,4.48282
175.0,0.0,0.0,163.07996534660379,6.419886133047844,-2.85467,4.48282
175.1,0.0,0.0,163.07996534660379,6.419886133047844,-2.85467,4.48282
175.2,0.0,0.0,163.07996534660379,6.419886133047844,-2.85467,4.48282
175.3,0.0,0.0,163.07996534660379,6.419886133047844,-2.85467,4.48282
175.4,0.0,0.0,163.07996534660379,6.419886133047844,-2.85467,4.48282
175.5,0.0,0.0,163.07996534660379,6.419886133047844,-2.85467,4.48282
175.6,0.0,0.0,163.07996534660379,6.419886133047844,-2.85467,4.48282
175.7,0.0,0.0,163.07996534660379,6.419886133047844,-2.85467,4.48282
175.8,0.0,0.0,163.07996534660379,6.419886133047844,-2.85467,4.48282
175.9,0.0,0.0,163.07996534660379,6.419886133047844,-2.85467,4.48282
176.0,0.0,0.0,163.07996534660379,6.419886133047844,-2.85467,4.48282
176.1,0.0,0.0,163.07996534660379,6.419886133047844,-2.85467,4.48282
176.2,0.0,0.0,163.07996534660379,6.419886133047844,-2.85467,4.48282
176.3,0.0,0.0,163.07996534660379,6.419886133047844,-2.85467,4.48282
176.4,0.0,0.0,163.07996534660379,6.419886133047844,-2.85467,4.48282
176.5,0.0,0.0,163.07996534660379,6.419886133047844,-2.85467,4.48282
176.6,0.0,0.0,163.07996534660379,6.419886133047844,-2.85467,4.48282
176.7,0.0,0.0,163.07996534660379,6.419886133047844,-2.85467,4.48282
176.8,0.0,0.0,163.07996534660379,6.419886133047844,-2.85467,4.48282
176.9,0.0,0.0,163.07996534660379,6.419886133047844,-2.85467,4.48282
177.0,0.0,0.0,163.07996534660379,6.419886133047844,-2.85467,4.48282
177.1,0.0,0.0,163.07996534660379,6.419886133047844,-2.85467,4.48282
177.2,0.0,0.0,163.07996534660379,6.419886133047844,-2.85467,4.48282
177.3,0.0,0.0,163.07996534660379,6.419886133047844,-2.85467,4.48282
177.4,0.0,0.0,163.07996534660379,6.419886133047844,-2.85467,4.48282
177.5,0.0,0.0,163.07996534660379,6.419886133047844,-2.85467,4.48282
177.6,0.0,0.0,163.07996534660379,6.419886133047844,-2.85467,4.48282
177.7,0.0,0.0,163.07996534660379,6.419886133047844,-2.85467,4.48282
177.8,0.0,0.0,163.07996534660379,6.419886133047844,-2.85467,4.48282
177.9,0.0,0.0,163.07996534660379,6.419886133047844,-2.85467,4.48282
178.0,0.0,0.0,163.07996534660379,6.419886133047844,-2.85467,4.48282
178.1,0.0,0.0,163.07996534660379,6.419886133047844,-2.85467,4.48282
178.2,0.0,0.0,163.07996534660379,6.419886133047844,-2.85467,4.48282
178.3,0.0,0.0,163.07996534660379,6.419886133047844,-2.85467,4.48282
178.4,0.0,0.0,163.07996534660379,6.419886133047844,-2.85467,4.48282
178.5,0.0,0.0,163.07996534660379,6.419886133047844,-2.85467,4.48282
178.6,0.0,0.0,163.07996534660379,6.419886133047844,-2.85467,4.48282
178.7,0.0,0.0,163.07996534660379,6.419886133047844,-2.85467,4.48282
178.8,0.0,0.0,163.07996534660379,6.419886133047844,-2.85467,4.48282
178.9,0.0,0.0,163.07996534660379,6.419886133047844,-2.85467,4.48282
179.0,0.0,0.0,163.07996534660379,6.419886133047844,-2.85467,4.48282
